dailySpendId,productId,productWeightMeasurementType,perProductWeight,productQuantity,totalPrice,dateOfPayment,modeOfPayment,addDatetime,addedBy
54216eeb,38488d32,Liter,1,2,98,05/06/2022,Cash,05/06/2022 09:42:15,
f6cfb81c,38488d82,KG,0.5,1,30,05/06/2022,Cash,05/06/2022 17:05:27,
a39fca26,2bdbfdb6,KG,1,1,100,05/06/2022,Cash,05/06/2022 18:04:43,
538476ec,2bdbfdb7,Piece,1,15,150,05/06/2022,Cash,05/06/2022 18:38:40,
5f8fa23c,2bdbfdb8,Piece,1,2,20,05/06/2022,Cash,05/06/2022 18:40:19,
e24ec917,2bdbfdb9,Liter,1,1,200,05/06/2022,Cash,05/06/2022 20:49:44,
18e0312e,2bdbfdb9,Liter,0.5,1,105,05/06/2022,Cash,05/06/2022 20:50:09,
c4f4e666,38488d32,Liter,1,3,147,06/06/2022,Cash,06/06/2022 09:24:23,
d0153b5d,38488d38,KG,0.4,4,76,06/06/2022,Cash,06/06/2022 09:26:35,
981e0e80,38488d48,KG,1,2,130,06/06/2022,Cash,06/06/2022 09:29:21,
524ff7b0,38488d72,KG,0.25,1,20,06/06/2022,Cash,06/06/2022 09:30:50,
3b46cc26,38488d39,KG,1,5,90,06/06/2022,Cash,06/06/2022 09:32:23,
80828043,61deb399,KG,1,2,100,06/06/2022,Cash,06/06/2022 09:35:20,
bf69294d,38488d37,KG,0.75,1,30,06/06/2022,Cash,06/06/2022 09:43:22,
9cc536ae,38488d34,KG,0.25,1,15,06/06/2022,Cash,06/06/2022 09:44:48,
2410adf6,38488d38,KG,0.6,1,45,06/06/2022,Cash,06/06/2022 10:16:59,
07ec9639,38488d80,KG,1.5,1,50,06/06/2022,Cash,06/06/2022 17:43:16,
88b60ce1,38488d32,KG,0.5,2,50,06/06/2022,Cash,06/06/2022 17:46:32,
4dc486a5,c8599a42,Liter,0.61,1,55,06/06/2022,Cash,06/06/2022 17:49:08,
f7a79cbc,e9a8e3b3,KG,0.7,1,65,06/06/2022,Cash,06/06/2022 18:05:52,
f141386f,a36a002c,Piece,1,1,76,06/06/2022,Cash,06/06/2022 20:59:31,
f09c918e,38488d32,Liter,1,2,98,07/06/2022,Cash,07/06/2022 08:38:14,
7178bc96,38488d48,KG,1,2,130,07/06/2022,Cash,07/06/2022 08:39:36,
dd1f0be0,1870042c,KG,2.5,1,100,07/06/2022,Cash,07/06/2022 08:40:49,
cc9b79c8,38488d73,KG,7.5,2,115,07/06/2022,Cash,07/06/2022 08:41:54,
0b3d7bc8,38488d49,KG,3.5,3,100,07/06/2022,Cash,07/06/2022 08:44:14,
a43769f3,38488d32,KG,0.5,3,75,07/06/2022,Cash,07/06/2022 18:24:19,
5fe7e712,38488d73,KG,6,2,90,07/06/2022,Cash,07/06/2022 18:25:53,
bc8bee96,38488d51,KG,1,1,280,07/06/2022,Cash,07/06/2022 18:27:00,
551dd890,38488d55,KG,0.025,1,10,07/06/2022,Cash,07/06/2022 18:28:03,
c6d0113f,fcd75bd5,KG,0.01,1,10,07/06/2022,Cash,07/06/2022 18:30:28,
f7afd11a,3095f6ad,KG,5,1,190,07/06/2022,Cash,07/06/2022 18:34:47,
8e5ab922,38488d61,KG,0.5,1,160,07/06/2022,Cash,07/06/2022 18:39:10,
c9a41035,316fcd40,KG,0.5,3,105,07/06/2022,Cash,07/06/2022 18:55:19,
8b7e3a95,565c2ef2,KG,0.25,1,95,07/06/2022,Cash,07/06/2022 19:00:12,
a7ccc5e0,fb323e8d,Piece,1,3,90,07/06/2022,Cash,07/06/2022 19:07:17,
d9e8c55f,a30cd5cc,Piece,1,10,100,07/06/2022,Cash,07/06/2022 19:14:25,
12e2707e,c4721744,Piece,1,3,120,07/06/2022,Cash,07/06/2022 19:18:05,
c42c0837,38488d68,KG,1,1,120,07/06/2022,Cash,07/06/2022 19:21:22,
4418ee77,a993a7ff,KG,0.05,1,10,07/06/2022,Cash,07/06/2022 19:25:39,
43a544ad,1870042c,KG,3,1,120,07/06/2022,Cash,07/06/2022 21:41:16,
98d3e655,38488d82,KG,0.5,1,30,07/06/2022,Cash,07/06/2022 21:42:18,
cc9941b7,7cfdeddd,KG,0.5,1,30,07/06/2022,Cash,07/06/2022 21:43:23,
6a861b8d,8adbb5f7,KG,1,1,40,07/06/2022,Cash,07/06/2022 21:46:19,
e7c16d87,38488d72,KG,0.5,1,25,07/06/2022,Cash,07/06/2022 21:51:13,
d0e413ec,38488d37,KG,2,2,50,07/06/2022,Cash,07/06/2022 21:56:05,
b2e65aef,38488d69,KG,0.25,1,110,07/06/2022,Cash,07/06/2022 21:57:29,
7b1d6e57,fb323e8d,Piece,1,1,90,07/06/2022,Cash,08/06/2022 06:01:19,
4ecc69f7,38488d32,Liter,1,2,98,08/06/2022,Cash,08/06/2022 08:39:11,
fab2dc92,38488d48,KG,1,1,65,08/06/2022,Cash,08/06/2022 08:39:48,
c16dc7c1,38488d38,KG,0.4,2,38,08/06/2022,Cash,08/06/2022 08:41:02,
0051bf0f,38488d39,KG,5,1,80,08/06/2022,Cash,08/06/2022 08:41:38,
98f27214,38488d36,KG,0.5,1,40,08/06/2022,Cash,08/06/2022 09:00:03,
53c4a39e,15880a38,Piece,1,1,50,08/06/2022,Cash,08/06/2022 13:27:09,
f281f0b5,38488d56,Piece,1,2,200,08/06/2022,Cash,08/06/2022 18:41:32,
997b78af,9efdfdb6,KG,40,1,1680,08/06/2022,Cash,08/06/2022 18:43:00,
59939669,15880a38,Piece,1,2,120,08/06/2022,Cash,08/06/2022 18:48:14,
7ef50136,38488d79,Piece,1,15,105,08/06/2022,Cash,08/06/2022 18:49:11,
0c5fdb5d,38488d46,Liter,2,1,85,08/06/2022,Cash,08/06/2022 18:51:10,
d396035c,38488d32,Liter,1,2,98,09/06/2022,Cash,09/06/2022 08:39:15,
c887be92,38488d43,KG,0.5,10,100,09/06/2022,Cash,09/06/2022 08:40:08,
e3c8d573,cce54458,KG,0.5,1,80,09/06/2022,Cash,09/06/2022 08:55:05,
2419454b,38488d39,KG,5,1,80,09/06/2022,Cash,09/06/2022 08:57:37,
1e73aeab,38488d63,KG,2,1,50,09/06/2022,Cash,09/06/2022 08:58:52,
670f9b31,38488d47,KG,11,1,190,09/06/2022,Cash,09/06/2022 09:01:30,
4f8cc920,38488d75,KG,0.3,1,55,09/06/2022,Cash,09/06/2022 09:05:44,
c9ca1d97,15880a38,Piece,1,1,100,09/06/2022,Cash,09/06/2022 15:37:13,
6b609983,38488d43,Liter,0.5,4,40,09/06/2022,Cash,09/06/2022 16:13:48,
0bb242c1,15ed5402,KG,1,1,100,09/06/2022,Cash,09/06/2022 16:14:57,
6ec94bb5,1870042c,KG,2,1,100,09/06/2022,Cash,09/06/2022 20:34:38,
3fe728c8,38488d35,KG,0.25,1,20,09/06/2022,Cash,09/06/2022 20:35:30,
4ec8a7f3,38488d57,KG,0.25,1,10,09/06/2022,Cash,09/06/2022 20:35:57,
1baa5de9,2c4d95ef,KG,0.5,1,50,09/06/2022,Cash,09/06/2022 20:36:49,
48db135c,2f5f74e8,Piece,1,1,25,09/06/2022,Cash,09/06/2022 20:54:33,
51eac6a8,38488d62,KG,1,4,400,09/06/2022,Cash,09/06/2022 21:28:09,
0ecbdb46,38488d32,Liter,1,2,98,10/06/2022,Cash,10/06/2022 09:21:33,
7f68a40f,38488d48,KG,1,1,65,10/06/2022,Cash,10/06/2022 09:21:55,
3d5756b3,38488d84,KG,1.5,1,70,10/06/2022,Cash,10/06/2022 09:24:23,
5531dd11,ee72568a,KG,0.1,1,40,10/06/2022,Cash,10/06/2022 09:27:40,
f471d7f0,38488d68,KG,1,1,120,10/06/2022,Cash,10/06/2022 18:21:01,
45fb6e3d,38488d34,KG,0.3,1,20,10/06/2022,Cash,10/06/2022 18:22:11,
06b49c02,38488d51,KG,0.5,1,140,10/06/2022,Cash,10/06/2022 19:42:23,
4bcc7453,ee4c7cc6,Piece,1,2,160,10/06/2022,Cash,10/06/2022 20:45:05,
9f54587b,38488d32,Liter,1,3,147,11/06/2022,Cash,11/06/2022 09:37:48,
a5e50c3c,38488d48,KG,1,3,195,11/06/2022,Cash,11/06/2022 09:38:20,
843c5f5b,38488d39,KG,5,1,80,11/06/2022,Cash,11/06/2022 09:39:59,
2e95451e,38488d34,KG,0.5,1,40,11/06/2022,Cash,11/06/2022 09:56:34,
9b30fa09,38488d37,KG,1.4,1,50,11/06/2022,Cash,11/06/2022 09:57:16,
78292490,38488d82,KG,0.5,1,40,11/06/2022,Cash,11/06/2022 09:57:54,
7b706d17,38488d50,KG,2,1,60,11/06/2022,Cash,11/06/2022 09:58:54,
3f2e4c24,38488d35,KG,0.25,1,20,11/06/2022,Cash,11/06/2022 10:00:32,
f57fbe6b,38488d73,KG,6,3,120,11/06/2022,Cash,11/06/2022 21:23:07,
096f3b2c,e9fd60e0,Piece,5,60,300,11/06/2022,Cash,11/06/2022 21:26:07,
2d757e96,38488d72,KG,0.25,1,20,11/06/2022,Cash,11/06/2022 21:32:58,
675e90a7,ef5221db,Piece,1,10,440,11/06/2022,Cash,11/06/2022 21:40:15,
fe32dc24,a30cd5cc,Piece,1,10,100,11/06/2022,Cash,11/06/2022 21:42:15,
3c5052fe,c4721744,Piece,1,3,150,11/06/2022,Cash,11/06/2022 21:43:01,
36e5fe5d,6b5d3659,KG,1,4,1550,11/06/2022,Cash,11/06/2022 21:44:40,
16a65821,a981144a,Piece,1,1,20,11/06/2022,Cash,11/06/2022 21:47:37,
fbadb193,649551bd,Piece,1,1,25,11/06/2022,Cash,11/06/2022 21:50:30,
309f490a,62aab078,Piece,1,1,25,11/06/2022,Cash,11/06/2022 21:56:21,
6d93cde9,38488d75,KG,0.2,1,35,11/06/2022,Cash,12/06/2022 06:00:56,
ee44bf84,06fe21d6,KG,0.1,1,75,11/06/2022,Cash,12/06/2022 10:53:26,
44d7f008,1870042c,KG,3,1,150,12/06/2022,Cash,12/06/2022 18:27:43,
9a20033b,38488d34,KG,0.25,1,20,12/06/2022,Cash,12/06/2022 18:28:10,
1661d1d8,38488d46,Liter,2,1,99,12/06/2022,Cash,12/06/2022 18:28:38,
9e59f5cf,38488d79,Piece,1,10,100,12/06/2022,Cash,12/06/2022 18:34:52,
3395d3e4,38488d42,Piece,1,2,28,12/06/2022,Cash,12/06/2022 18:35:56,
c99fd6da,38488d84,KG,0.25,1,20,12/06/2022,Cash,12/06/2022 18:36:31,
77d68aba,38488d52,Liter,0.2,1,55,12/06/2022,Cash,12/06/2022 18:38:33,
35a13b23,38488d71,KG,1,1,20,12/06/2022,,12/06/2022 19:33:15,
70f6f9b8,095d7fcf,KG,1,1,100,12/06/2022,Cash,12/06/2022 19:46:37,
b8afdad4,2bdbfdb8,Piece,1,1,30,12/06/2022,Cash,12/06/2022 20:02:51,
b65a3ddd,c39b54f2,KG,1,1,120,12/06/2022,Cash,12/06/2022 20:03:47,
fa506d0e,53b27eaf,KG,0.25,1,113,12/06/2022,Cash,12/06/2022 20:06:29,
4f055124,38488d70,Piece,1,8,160,12/06/2022,Cash,12/06/2022 20:13:38,
bedd160c,38488d32,Liter,1,2,98,13/06/2022,Cash,13/06/2022 09:43:35,
c3b8aa81,38488d48,KG,1,1,65,13/06/2022,Cash,13/06/2022 09:44:08,
672ecc41,38488d35,KG,0.25,1,20,13/06/2022,Cash,13/06/2022 09:45:06,
db1cc2ea,38488d46,Liter,0.75,1,40,13/06/2022,Cash,13/06/2022 19:50:12,
cf8983ad,38488d78,KG,0.5,1,32,13/06/2022,Cash,13/06/2022 19:51:43,
15d058f7,5f26f005,KG,0.75,1,170,13/06/2022,Cash,13/06/2022 19:53:15,
1d782b34,52cdaa61,KG,5,1,140,13/06/2022,Cash,13/06/2022 19:56:19,
12c74f44,38488d38,KG,0.75,1,45,13/06/2022,Cash,13/06/2022 19:58:49,
af5f2363,52cdaa61,KG,5,1,140,13/06/2022,Cash,13/06/2022 20:12:14,
c57d11b6,38488d32,Liter,1,2,98,14/06/2022,Cash,14/06/2022 11:40:58,
8301fb9c,38488d48,KG,1,1,65,14/06/2022,Cash,14/06/2022 11:42:02,
0135de4b,38488d38,KG,0.4,2,38,14/06/2022,Cash,14/06/2022 11:42:46,
cd4b4905,4cb0d65e,Piece,1,1,20,14/06/2022,Cash,14/06/2022 11:43:53,
8122c172,38488d32,Liter,0.5,4,100,14/06/2022,Cash,14/06/2022 18:55:46,
5ccfdfcf,38488d78,KG,1,2,80,14/06/2022,Cash,14/06/2022 18:56:53,
a1fb9c1a,fb323e8d,Piece,1,2,80,14/06/2022,Cash,14/06/2022 18:57:35,
24ca7d94,38488d55,Piece,1,2,20,14/06/2022,Cash,14/06/2022 18:59:28,
b09a0204,38488d51,KG,1,1,260,14/06/2022,Cash,14/06/2022 20:05:00,
3c3dca92,38488d68,KG,1,1,100,14/06/2022,Cash,14/06/2022 20:07:28,
9d59475d,ee4c7cc6,Piece,1,2,100,14/06/2022,Cash,14/06/2022 20:08:14,
f39f3c25,38488d69,KG,0.25,1,110,14/06/2022,Cash,14/06/2022 20:11:40,
bdef7bce,38488d75,KG,0.25,1,35,14/06/2022,Cash,14/06/2022 20:12:33,
cd7c36a7,38488d72,KG,0.25,1,20,14/06/2022,Cash,14/06/2022 20:13:11,
eec0a6c2,38488d82,KG,0.5,1,30,14/06/2022,,14/06/2022 20:13:43,
d2f723bd,b2b74ad0,Piece,1,1,90,14/06/2022,Cash,14/06/2022 20:47:13,
9d1a219c,a5ce3b91,Piece,1,1,150,14/06/2022,Cash,14/06/2022 20:58:25,
9faabfb8,90c11f52,Piece,1,5,70,14/06/2022,Cash,14/06/2022 21:02:58,
77c3f86f,38488d57,KG,2.5,1,50,14/06/2022,Cash,14/06/2022 23:41:46,
b2d45334,7cfdeddd,KG,0.5,1,50,14/06/2022,Cash,14/06/2022 23:43:16,
f15333bd,38488d84,KG,1.5,1,50,14/06/2022,,14/06/2022 23:44:07,
6106948d,e5090a8d,KG,2,1,200,14/06/2022,Cash,14/06/2022 23:45:39,
fff1e976,3f40d071,Piece,1,10,250,14/06/2022,Cash,14/06/2022 23:50:44,
ff861c60,38488d32,Liter,2.5,3,123,15/06/2022,Cash,15/06/2022 08:17:01,
a10f2f5c,38488d49,KG,3,4,100,15/06/2022,Cash,15/06/2022 08:18:18,
d57e5178,38488d48,KG,1,1,65,15/06/2022,Cash,15/06/2022 08:19:22,
6f3b9b9a,38488d39,KG,1,1,30,15/06/2022,Cash,15/06/2022 08:20:34,
fb1192c8,38488d58,KG,0.5,2,80,15/06/2022,Cash,15/06/2022 17:20:21,
c6c2e9b1,38488d59,KG,1,1,160,15/06/2022,Cash,15/06/2022 17:21:44,
ce647283,38488d60,KG,0.5,1,80,15/06/2022,Cash,15/06/2022 17:23:11,
9502689f,38488d75,KG,1,1,170,15/06/2022,Cash,15/06/2022 17:24:16,
a1a4a13c,38488d47,KG,15,1,270,15/06/2022,Cash,15/06/2022 17:25:33,
791b5189,38488d32,Liter,1,2,98,16/06/2022,Cash,16/06/2022 14:05:36,
bc3bd664,38488d43,Liter,1,2,60,16/06/2022,Cash,16/06/2022 14:06:24,
7d3c36e9,38488d38,KG,0.4,2,38,16/06/2022,Cash,16/06/2022 14:06:55,
2f1fd767,38488d54,KG,5,1,150,16/06/2022,Cash,16/06/2022 14:07:41,
676cb09d,3095f6ad,KG,5,1,190,16/06/2022,Cash,16/06/2022 14:09:07,
93b8e34a,38488d46,Liter,2,1,85,16/06/2022,Cash,16/06/2022 14:10:43,
75a7cab8,f958ea6b,KG,0.19,1,50,16/06/2022,Cash,16/06/2022 14:11:36,
617f6eab,2bdbfdb7,Piece,1,15,150,16/06/2022,Cash,16/06/2022 19:26:18,
14ce7f32,6d43a33d,KG,1.5,3,130,16/06/2022,Cash,16/06/2022 19:27:37,
f8e216e2,38488d32,KG,0.5,2,50,16/06/2022,Cash,16/06/2022 19:46:59,
53ec52de,38488d48,KG,1,1,65,16/06/2022,Cash,16/06/2022 20:09:47,
ff4124db,38488d32,Liter,1,3,147,17/06/2022,Cash,17/06/2022 12:35:44,
dc6db702,38488d48,KG,1,1,65,17/06/2022,Cash,17/06/2022 12:36:15,
569f77b9,38488d38,KG,0.4,4,76,17/06/2022,Cash,17/06/2022 12:36:35,
2234386e,38488d34,KG,1,1,60,17/06/2022,Cash,17/06/2022 14:07:50,
948a2b8f,38488d39,KG,5,1,100,17/06/2022,Cash,17/06/2022 14:08:09,
5488667e,2174fb78,KG,1,1,70,17/06/2022,Cash,17/06/2022 14:09:04,
4e27dd95,38488d72,KG,0.25,1,20,17/06/2022,Cash,17/06/2022 19:35:45,
a583963c,51d017a1,KG,0.2,1,40,17/06/2022,Cash,17/06/2022 19:36:21,
7539647f,38488d32,Liter,1,2,98,18/06/2022,Cash,18/06/2022 18:10:20,
b56066c0,38488d48,KG,1,3,195,18/06/2022,Cash,18/06/2022 18:12:46,
c27d60af,38488d72,KG,0.5,1,40,18/06/2022,Cash,18/06/2022 18:13:46,
0a9e6ffd,38488d50,KG,1,1,40,18/06/2022,Cash,18/06/2022 18:30:10,
f48d668b,38488d82,KG,0.5,1,30,18/06/2022,Cash,18/06/2022 18:30:48,
ff429fbe,acfc8632,KG,3,1,420,18/06/2022,Cash,18/06/2022 18:32:20,
c30daec9,15ed5402,KG,1,1,95,18/06/2022,Cash,18/06/2022 18:35:35,
29eb3e10,acd1b7b2,KG,0.25,1,70,18/06/2022,Cash,18/06/2022 18:36:40,
6b5f005f,38488d36,KG,0.5,1,40,18/06/2022,Cash,18/06/2022 18:40:01,
cf73540f,38488d46,Liter,2,1,95,18/06/2022,Cash,18/06/2022 18:40:34,
984d623d,38488d43,KG,0.5,2,20,18/06/2022,Cash,18/06/2022 18:41:35,
f3f37363,38488d73,KG,6,2,120,18/06/2022,Cash,18/06/2022 18:43:02,
aa62e936,5ad61e4e,KG,5,1,220,18/06/2022,Cash,18/06/2022 21:36:41,
072bff60,38488d32,Liter,1,2,98,19/06/2022,Cash,19/06/2022 16:52:34,
1b3eed1e,a92f80eb,KG,5,1,110,19/06/2022,Cash,19/06/2022 16:53:08,
5a97b7fc,38488d51,KG,0.5,1,140,19/06/2022,Cash,19/06/2022 16:53:50,
0befa0d8,38488d73,KG,3,1,60,19/06/2022,Cash,19/06/2022 16:54:57,
2c6ac429,9efdfdb6,KG,2,,72,19/06/2022,Cash,19/06/2022 16:55:49,
0d23f786,38488d53,KG,1,5,115,19/06/2022,Cash,19/06/2022 16:57:03,
de4a51bf,2f5f74e8,KG,0.16,1,42,19/06/2022,,19/06/2022 16:58:51,
00d4525b,53b27eaf,KG,0.5,1,200,19/06/2022,Cash,19/06/2022 17:00:41,
29b71004,1c8c560e,KG,0.1,1,15,19/06/2022,Cash,19/06/2022 17:06:26,
a84494e5,e326a5bc,KG,2,1,120,19/06/2022,Cash,19/06/2022 17:11:23,
4b23d78d,42f6d331,Piece,1,1,260,19/06/2022,Cash,19/06/2022 18:38:29,
370b2426,38488d52,Liter,0.2,1,63,19/06/2022,Cash,19/06/2022 18:47:24,
7d3a6351,38488d62,KG,1,4,180,19/06/2022,Cash,19/06/2022 18:48:10,
877778fb,ee72568a,Piece,1,1,40,19/06/2022,Cash,19/06/2022 18:50:24,
01bd5b43,38488d32,KG,0.5,4,100,19/06/2022,Cash,19/06/2022 18:51:36,
620ed67c,38488d63,KG,1.5,2,30,19/06/2022,Cash,19/06/2022 21:10:55,
4dee8f9a,38488d39,KG,3,1,30,19/06/2022,Cash,19/06/2022 21:11:40,
476df265,38488d35,KG,0.25,1,20,19/06/2022,Cash,19/06/2022 21:12:59,
e15eb825,38488d57,KG,0.25,1,10,19/06/2022,Cash,19/06/2022 21:13:35,
54da3437,38488d34,KG,0.25,1,15,19/06/2022,Cash,19/06/2022 21:14:04,
e913c85d,38488d84,KG,0.25,1,10,19/06/2022,Cash,19/06/2022 21:14:52,
4e7b900b,ce05468e,KG,0.05,1,10,19/06/2022,Cash,19/06/2022 21:16:03,
63bc4b5d,fb9ea07d,Piece,1,1,10,19/06/2022,Cash,19/06/2022 21:18:33,
e0760fc9,b32f2f36,KG,0.1,1,35,19/06/2022,Cash,19/06/2022 21:21:41,
b47eb749,38488d32,Liter,1,2,98,20/06/2022,Cash,20/06/2022 13:50:04,
c66183fc,38488d48,KG,1,2,130,20/06/2022,Cash,20/06/2022 13:50:38,
62cba726,a92f80eb,KG,50,1,1000,20/06/2022,Cash,20/06/2022 13:51:26,
9d37e663,1870042c,KG,3,1,120,20/06/2022,Cash,20/06/2022 13:52:37,
fb347ea1,4cb0d65e,Piece,1,1,200,20/06/2022,Cash,20/06/2022 20:45:44,
626d3196,608e4a15,Piece,1,1,250,20/06/2022,Cash,20/06/2022 20:48:26,
97074794,93b88f5b,Piece,1,1,60,20/06/2022,Cash,20/06/2022 20:53:07,
b8878788,38488d79,Piece,1,15,150,20/06/2022,Cash,20/06/2022 20:55:36,
52ffa432,38488d34,KG,0.5,1,30,21/06/2022,Cash,21/06/2022 19:18:40,
54ac7a99,38488d72,KG,0.25,1,20,21/06/2022,Cash,21/06/2022 19:19:16,
8cb7d7fe,38488d37,KG,0.5,1,30,21/06/2022,Cash,21/06/2022 19:19:49,
af67852e,38488d39,KG,5,1,80,21/06/2022,Cash,21/06/2022 19:20:23,
558ae4a4,38488d82,KG,0.5,1,30,21/06/2022,Cash,21/06/2022 19:20:51,
065d390f,61deb399,KG,1.5,1,75,21/06/2022,Cash,21/06/2022 19:21:38,
da3a4db1,8ef238fe,KG,0.5,1,270,21/06/2022,Cash,21/06/2022 19:23:31,
316d960d,38488d70,Piece,1,10,200,21/06/2022,Cash,21/06/2022 19:30:34,
f54abeb2,38488d32,Liter,1,4,196,21/06/2022,Cash,21/06/2022 20:10:45,
b77c421f,63d5aa69,Piece,1,1,100,21/06/2022,Cash,21/06/2022 20:15:36,
0552538f,38488d48,KG,1,1,65,21/06/2022,Cash,21/06/2022 20:16:30,
ce443ffd,fb323e8d,Piece,1,1,90,21/06/2022,Cash,21/06/2022 20:18:06,
b17ca245,38488d36,KG,0.5,1,50,21/06/2022,Cash,21/06/2022 22:00:51,
ac6ff241,38488d57,KG,3,1,100,21/06/2022,Cash,21/06/2022 22:02:20,
47a3b12c,38488d71,KG,1,1,10,21/06/2022,Cash,21/06/2022 22:03:26,
3f113189,38488d73,KG,5,2,50,21/06/2022,Cash,21/06/2022 22:04:06,
162e14bb,1870042c,KG,2,1,80,21/06/2022,Cash,21/06/2022 22:05:04,
961a10c5,38488d35,KG,0.25,1,20,21/06/2022,Cash,21/06/2022 22:05:33,
8a825cd7,38488d84,KG,0.25,1,10,21/06/2022,Cash,21/06/2022 22:06:59,
11d0a56f,7cfdeddd,KG,1,1,60,21/06/2022,Cash,21/06/2022 22:12:44,
682d766a,38488d69,KG,0.25,1,110,21/06/2022,Cash,21/06/2022 22:13:33,
0b1f46ad,38488d32,Liter,1,3,147,22/06/2022,Cash,22/06/2022 19:22:36,
faaa7bf1,38488d43,KG,0.5,4,72,22/06/2022,Cash,22/06/2022 19:25:53,
a88219cc,38488d80,KG,1.5,1,50,22/06/2022,Cash,22/06/2022 19:27:50,
1e4c3a28,0d604b3e,KG,0.5,1,150,22/06/2022,Cash,22/06/2022 21:13:21,
f47d81e1,4bf7984b,KG,5,1,220,22/06/2022,Cash,22/06/2022 21:18:57,
266073b1,06a4d298,KG,3,1,285,22/06/2022,Cash,22/06/2022 21:20:23,
2f4d22f1,0f9afe79,KG,3,1,330,22/06/2022,Cash,22/06/2022 21:23:53,
bbb0b9b3,9130d9d3,Piece,1,1,70,22/06/2022,Cash,22/06/2022 21:24:50,
c381212b,38488d59,KG,1,1,170,22/06/2022,Cash,22/06/2022 21:28:14,
45ec1673,38488d60,KG,0.5,1,80,22/06/2022,Cash,22/06/2022 21:29:08,
152fc1aa,38488d32,Liter,1,2,98,23/06/2022,Cash,23/06/2022 14:06:22,
7fdda4c9,38488d38,KG,0.4,2,44,23/06/2022,Cash,23/06/2022 14:06:44,
407a21ce,38488d48,KG,0.5,2,60,23/06/2022,Cash,23/06/2022 14:07:13,
eaeaf6c0,1870042c,KG,5,1,200,23/06/2022,Cash,23/06/2022 14:08:00,
32f8b232,2bdbfdb7,Piece,1,12,180,23/06/2022,Cash,23/06/2022 20:10:33,
66b9c4eb,3f40d071,Piece,1,10,250,23/06/2022,Cash,23/06/2022 20:15:01,
bc7fde83,6d43a33d,KG,4,1,240,23/06/2022,Cash,23/06/2022 21:06:36,
7ff76002,06fe21d6,KG,0.1,1,50,23/06/2022,Cash,23/06/2022 21:08:53,
139b0b1b,15880a38,Piece,1,1,50,23/06/2022,Cash,23/06/2022 21:13:53,
50bb6cdf,49bab0db,Liter,1,1,60,23/06/2022,Cash,23/06/2022 21:59:19,
81e75fdb,38488d32,Liter,1,2,98,24/06/2022,Cash,24/06/2022 19:44:45,
d637a61c,38488d48,KG,1,1,65,24/06/2022,Cash,24/06/2022 20:43:55,
e01f067c,38488d82,KG,0.5,1,30,24/06/2022,Cash,24/06/2022 20:45:24,
95986b38,38488d51,KG,1,1,260,24/06/2022,Cash,24/06/2022 20:46:40,
75c61348,38488d56,Piece,1,1,55,24/06/2022,Cash,24/06/2022 22:05:03,
eeac392b,38488d55,Piece,1,2,20,24/06/2022,Cash,24/06/2022 22:05:28,
4d34957a,d1173b26,Piece,1,2,20,24/06/2022,Cash,24/06/2022 23:16:01,
98640ae3,31170873,Piece,1,1,150,24/06/2022,Cash,24/06/2022 23:21:07,
75f1d03b,38488d32,Liter,1,2,98,25/06/2022,Cash,25/06/2022 12:41:13,
dac75c1a,38488d38,KG,0.4,2,38,25/06/2022,Cash,25/06/2022 12:41:35,
1db400dc,38488d48,KG,1,3,195,25/06/2022,Cash,25/06/2022 12:42:05,
342210d4,38488d39,KG,5,1,120,25/06/2022,Cash,25/06/2022 12:43:16,
ff079258,38488d43,KG,0.5,4,40,25/06/2022,Cash,25/06/2022 19:59:35,
df189198,38488d79,Piece,1,15,150,25/06/2022,Cash,25/06/2022 20:00:06,
61d2bc8a,38488d32,KG,0.5,2,50,25/06/2022,Cash,25/06/2022 20:01:07,
8894ebac,ed69c25d,Piece,1,3,90,25/06/2022,Cash,25/06/2022 20:02:13,
b13851cd,7836518d,Piece,1,1,50,25/06/2022,Cash,25/06/2022 23:27:56,
a816081a,38488d32,Liter,1,2,98,26/06/2022,Cash,26/06/2022 16:02:43,
1fd2a91f,38488d73,KG,6,2,150,26/06/2022,Cash,26/06/2022 16:03:09,
648e4a51,095d7fcf,KG,1,1,100,26/06/2022,Cash,26/06/2022 19:07:12,
23d77dc3,1870042c,KG,2,1,120,26/06/2022,Cash,26/06/2022 19:08:23,
ab87d624,38488d32,Liter,1,2,98,26/06/2022,Cash,26/06/2022 19:10:20,
738e2a5e,2bdbfdb9,KG,0.525,1,205,26/06/2022,Cash,26/06/2022 19:10:44,
6fe0dd4a,2bdbfdb7,Piece,1,15,150,26/06/2022,Cash,26/06/2022 19:12:18,
579c3b41,30dbf5b4,KG,0.5,1,55,26/06/2022,Cash,26/06/2022 19:19:08,
c7f60c0e,070c1507,KG,0.4,2,65,26/06/2022,Cash,26/06/2022 20:54:53,
af7f5de7,38488d32,Liter,1,2,98,27/06/2022,Cash,27/06/2022 11:08:49,
f313d17d,38488d48,KG,1,1,65,27/06/2022,Cash,27/06/2022 11:09:43,
5ef04d55,38488d38,KG,0.4,3,63,27/06/2022,Cash,27/06/2022 11:10:43,
86547d87,38488d38,KG,0.6,1,45,27/06/2022,Cash,27/06/2022 11:12:12,
2960bb05,3095f6ad,KG,2,1,84,27/06/2022,Cash,27/06/2022 11:13:57,
1482af83,38488d46,Liter,2,1,90,27/06/2022,Cash,27/06/2022 21:51:01,
6368bcbf,38488d56,Piece,1,2,200,27/06/2022,Cash,27/06/2022 21:53:06,
88f02f23,ee4c7cc6,Piece,1,1,170,27/06/2022,Cash,27/06/2022 21:59:23,
ee6972c3,38488d75,Piece,1,3,30,27/06/2022,Cash,27/06/2022 22:24:11,
4a2f547b,38488d32,Liter,1,2,98,28/06/2022,Cash,28/06/2022 17:21:54,
f05e9945,38488d39,KG,5,1,110,28/06/2022,Cash,28/06/2022 17:22:44,
68e3aacd,38488d51,KG,0.5,1,140,28/06/2022,Cash,28/06/2022 17:26:05,
ea6171ec,38488d52,KG,0.2,1,55,28/06/2022,Cash,28/06/2022 17:27:03,
e1db5b66,38488d48,KG,1,1,65,28/06/2022,Cash,28/06/2022 17:29:17,
cc38ffb4,38488d50,KG,1.25,2,40,28/06/2022,Cash,28/06/2022 17:29:53,
2ddb511a,38488d72,KG,0.45,1,40,28/06/2022,Cash,28/06/2022 17:32:56,
e4db2f88,72453324,Piece,1,15,350,28/06/2022,Cash,28/06/2022 18:36:15,
b95db33e,38488d32,Liter,0.5,2,50,28/06/2022,Cash,28/06/2022 18:42:06,
a70be398,3ed563fc,Piece,1,10,300,28/06/2022,Cash,28/06/2022 18:44:22,
c4938361,bf503910,Liter,0.75,1,40,28/06/2022,Cash,28/06/2022 18:46:51,
227177c7,316fcd40,KG,0.5,4,100,28/06/2022,Cash,28/06/2022 18:50:54,
b615b8e2,38488d69,KG,0.25,1,110,28/06/2022,Cash,28/06/2022 18:51:55,
afee68de,38488d75,KG,1,1,140,28/06/2022,Cash,28/06/2022 21:38:28,
38cd3e5f,a36a002c,Piece,1,2,30,28/06/2022,Cash,28/06/2022 21:39:31,
0095ade8,38488d34,KG,1,1,40,28/06/2022,Cash,28/06/2022 22:21:09,
f616d0a5,38488d33,KG,1,1,60,28/06/2022,Cash,28/06/2022 22:22:16,
04cc7b5e,38488d36,KG,0.5,1,50,28/06/2022,Cash,28/06/2022 22:22:50,
3c73eeb1,38488d35,KG,0.5,1,20,28/06/2022,Cash,28/06/2022 22:24:01,
fb5e22a4,a31d5abb,KG,1,1,70,28/06/2022,Cash,28/06/2022 22:27:27,
7d390c01,38488d32,Liter,1,2,100,29/06/2022,Cash,29/06/2022 20:39:51,
d61c044c,38488d48,KG,1,2,130,29/06/2022,Cash,29/06/2022 20:40:53,
31388422,38488d38,KG,0.4,2,38,29/06/2022,Cash,29/06/2022 20:41:33,
a65bb754,38488d54,KG,5,1,150,29/06/2022,Cash,29/06/2022 20:42:44,
6dcead96,3095f6ad,KG,5,1,190,29/06/2022,Cash,29/06/2022 20:43:22,
b58c1e6e,38488d57,KG,0.25,1,10,29/06/2022,Cash,29/06/2022 20:44:14,
f1e7ba4e,38488d63,KG,0.5,1,10,29/06/2022,Cash,29/06/2022 20:44:48,
ec13cca3,b2b74ad0,Liter,1,1,250,29/06/2022,Cash,29/06/2022 20:45:44,
193d0dd6,38488d62,KG,1,4,180,29/06/2022,Cash,29/06/2022 20:48:33,
16e79ae3,38488d32,KG,0.5,3,90,29/06/2022,Cash,29/06/2022 20:49:20,
61c92415,38488d37,KG,1.5,2,60,29/06/2022,Cash,29/06/2022 20:50:30,
cdf81b65,0601c3cb,Piece,1,2,18,29/06/2022,Cash,29/06/2022 20:53:03,
9a4de6fc,927e7f3e,Liter,1,1,1020,29/06/2022,Cash,29/06/2022 21:00:10,
250ad1b8,38488d32,Liter,1,3,147,30/06/2022,Cash,30/06/2022 20:40:25,
4194068c,38488d48,KG,1,1,65,30/06/2022,Cash,30/06/2022 20:41:40,
b44862f8,cce54458,KG,1,1,70,30/06/2022,Cash,30/06/2022 20:46:56,
8d694f90,3f40d071,,12,4,160,30/06/2022,Cash,30/06/2022 20:49:15,
30a9f2b5,38488d38,KG,0.4,2,38,30/06/2022,Cash,30/06/2022 21:02:56,
d843530b,38488d32,Liter,1,3,147,01/07/2022,Cash,01/07/2022 20:00:33,
1c41dc5f,38488d43,KG,0.5,4,72,01/07/2022,Cash,01/07/2022 20:01:32,
5b054b9a,38488d51,KG,0.5,1,160,01/07/2022,Cash,01/07/2022 20:02:45,
637291b5,2bdbfdb6,KG,1,1,80,01/07/2022,Cash,01/07/2022 20:03:54,
a064ee79,1870042c,KG,3,1,150,01/07/2022,Cash,01/07/2022 20:04:49,
837668fc,38488d39,KG,5,1,100,01/07/2022,Cash,01/07/2022 20:06:48,
86ab2442,38488d82,KG,0.5,1,40,01/07/2022,Cash,01/07/2022 20:07:32,
a4762d79,7cfdeddd,KG,0.25,1,20,01/07/2022,Cash,01/07/2022 20:08:40,
31fdafeb,c8847587,Piece,1,1,300,01/07/2022,Cash,01/07/2022 20:14:46,
8497d3fb,aceb7f93,Piece,1,15,225,01/07/2022,Cash,01/07/2022 20:26:14,
0528a107,7a749700,Piece,1,25,175,01/07/2022,Cash,01/07/2022 21:26:05,
b43e18c3,38488d32,Liter,1,2,98,02/07/2022,Cash,02/07/2022 19:42:28,
786f50e6,38488d48,KG,1,3,195,02/07/2022,Cash,02/07/2022 19:44:06,
35b57010,38488d84,KG,2,1,70,02/07/2022,Cash,02/07/2022 19:44:38,
e5017075,1870042c,KG,3,1,120,02/07/2022,Cash,02/07/2022 19:45:39,
8e2c2427,38488d72,KG,0.25,1,30,02/07/2022,Cash,02/07/2022 19:47:30,
8f18166a,38488d50,KG,1,1,30,02/07/2022,Cash,02/07/2022 19:49:46,
8f5439fd,38488d58,KG,0.5,1,80,02/07/2022,Cash,02/07/2022 19:50:23,
cc467262,38488d32,Liter,1,2,98,03/07/2022,Cash,03/07/2022 17:49:40,
c6a5490b,38488d43,KG,0.5,10,100,03/07/2022,Cash,03/07/2022 17:50:04,
de8d4515,9f37f7c4,KG,1,1,120,03/07/2022,Cash,03/07/2022 17:50:45,
e3a8d794,7987abff,KG,0.25,1,25,03/07/2022,Cash,03/07/2022 17:55:05,
c75df5a2,38488d52,Piece,0.2,1,55,03/07/2022,Cash,03/07/2022 19:32:56,
fb1870e8,38488d32,Liter,1,1,49,03/07/2022,Cash,03/07/2022 21:41:51,
391dbcf0,38488d32,Liter,1,2,98,04/07/2022,Cash,04/07/2022 16:43:24,
32f534b7,38488d43,KG,0.5,4,40,04/07/2022,Cash,04/07/2022 16:44:29,
47bfc932,38488d38,KG,0.4,6,114,04/07/2022,Cash,04/07/2022 16:55:06,
f7bc8107,1870042c,KG,5,1,200,04/07/2022,Cash,04/07/2022 16:56:43,
6d9a80ed,38488d37,KG,2,3,80,04/07/2022,Cash,04/07/2022 16:57:52,
e97a25c5,38488d34,KG,1,1,30,04/07/2022,Cash,04/07/2022 17:00:56,
95341752,38488d72,KG,0.25,1,30,04/07/2022,Cash,04/07/2022 17:03:53,
8a18c2db,38488d82,KG,0.5,1,40,04/07/2022,Cash,04/07/2022 17:05:24,
51c8b6ba,cc94edad,Piece,1,2,100,04/07/2022,Cash,04/07/2022 20:02:32,
6734b5a9,38488d56,Piece,1,2,200,04/07/2022,Cash,04/07/2022 20:56:39,
dae9c214,e73a4f6b,Piece,1,2,20,04/07/2022,Cash,04/07/2022 23:04:00,
47402355,38488d32,Liter,1,2,98,05/07/2022,Cash,05/07/2022 18:26:57,
73ab2e67,38488d48,KG,1,1,65,05/07/2022,Cash,05/07/2022 18:28:01,
4aa681f5,38488d52,Liter,200,1,55,05/07/2022,Cash,05/07/2022 18:30:25,
180490ac,38488d51,KG,0.5,1,150,05/07/2022,Cash,05/07/2022 18:31:30,
d940a64e,38488d69,KG,0.25,1,110,05/07/2022,Cash,05/07/2022 18:47:51,
1ef8c7da,2bdbfdb7,Piece,1,15,150,05/07/2022,Cash,05/07/2022 18:48:37,
6cb45229,dea6a6c9,Piece,1,1,200,05/07/2022,Cash,05/07/2022 18:49:45,
b6088a24,38488d36,KG,0.5,1,30,05/07/2022,Cash,05/07/2022 23:09:29,
0793d93a,fb9ea07d,KG,0.25,1,20,05/07/2022,Cash,05/07/2022 23:09:54,
88d3902d,38488d35,KG,0.5,1,20,05/07/2022,Cash,05/07/2022 23:10:42,
5546dc39,38488d57,KG,0.25,1,10,05/07/2022,Cash,05/07/2022 23:11:19,
39a0b6a9,38488d63,KG,1,1,20,05/07/2022,Cash,05/07/2022 23:12:10,
ad383482,38488d62,KG,1,4,180,05/07/2022,Cash,05/07/2022 23:12:43,
7dba7f37,2f5f74e8,Piece,1,1,20,05/07/2022,Cash,05/07/2022 23:14:35,
f3ec29a1,38488d82,KG,0.5,1,30,05/07/2022,Cash,05/07/2022 23:15:17,
13d28c58,7cfdeddd,KG,0.5,1,30,05/07/2022,Cash,05/07/2022 23:16:35,
4d9e5063,53b27eaf,KG,0.5,1,200,05/07/2022,Cash,05/07/2022 23:17:20,
fba378aa,38488d32,Liter,1,2,98,06/07/2022,Cash,06/07/2022 08:42:22,
f7f141d1,38488d38,KG,0.4,2,38,06/07/2022,Cash,06/07/2022 08:43:14,
2b770ae9,38488d48,KG,1,1,65,06/07/2022,Cash,06/07/2022 08:43:47,
99fb3c16,acd1b7b2,KG,0.25,1,50,06/07/2022,Cash,06/07/2022 08:44:21,
b6579a30,38488d32,KG,0.5,4,100,06/07/2022,Cash,06/07/2022 20:35:01,
2174b9b4,38488d70,Piece,12,5,200,06/07/2022,Cash,06/07/2022 20:36:17,
485089af,38488d46,Liter,2,1,90,06/07/2022,Cash,06/07/2022 20:39:26,
f31917df,38488d75,KG,1,1,150,06/07/2022,Cash,06/07/2022 20:40:31,
b138a68c,a30cd5cc,Piece,1,15,150,06/07/2022,Cash,06/07/2022 20:41:24,
07b94b8f,c4721744,Piece,1,5,125,06/07/2022,Cash,06/07/2022 20:42:36,
66aad3ab,06fe21d6,KG,0.1,1,50,06/07/2022,Cash,06/07/2022 20:43:52,
46bac970,38488d38,KG,0.65,2,85,06/07/2022,Cash,06/07/2022 20:45:04,
05a41760,38488d39,KG,1.25,1,50,06/07/2022,Cash,06/07/2022 21:10:34,
4dbbd8f4,38488d71,KG,0.75,1,20,06/07/2022,Cash,06/07/2022 23:10:12,
89874a32,38488d35,KG,0.5,1,30,06/07/2022,Cash,06/07/2022 23:11:17,
adc5757f,38488d84,KG,0.25,1,10,06/07/2022,Cash,06/07/2022 23:12:03,
1fe04004,38488d32,Liter,1,2,98,07/07/2022,Cash,07/07/2022 20:32:47,
2d97f285,38488d48,KG,0.5,2,60,07/07/2022,Cash,07/07/2022 20:34:48,
098c4a87,38488d39,KG,6,1,140,07/07/2022,Cash,07/07/2022 20:38:07,
ef294031,38488d63,KG,3,4,75,07/07/2022,Cash,07/07/2022 20:38:48,
11f7c601,1870042c,KG,4,1,100,07/07/2022,Cash,07/07/2022 20:39:46,
c220197d,38488d47,KG,5,,130,07/07/2022,Cash,07/07/2022 20:40:38,
df6c7876,38488d72,KG,0.25,1,30,07/07/2022,Cash,07/07/2022 20:41:06,
9ad4ae00,38488d59,KG,1,1,160,07/07/2022,Cash,07/07/2022 20:42:07,
762af81e,38488d60,KG,0.5,1,80,07/07/2022,Cash,07/07/2022 20:43:58,
1ba48237,38488d58,KG,0.5,1,80,07/07/2022,Cash,07/07/2022 20:44:24,
9109a426,38488d64,KG,0.5,1,40,07/07/2022,Cash,07/07/2022 20:45:23,
fedf3412,e73a4f6b,Piece,1,2,20,07/07/2022,Cash,07/07/2022 20:49:28,
562a47d3,38488d32,Liter,1.5,2,74,08/07/2022,Cash,08/07/2022 17:30:49,
23f4dd85,38488d38,KG,0.4,2,38,08/07/2022,Cash,08/07/2022 17:32:35,
75ffd38d,38488d48,KG,1,2,130,08/07/2022,Cash,08/07/2022 19:15:26,
2d744d48,38488d43,KG,0.5,4,72,08/07/2022,Cash,08/07/2022 19:16:34,
1c2ba73f,38488d46,Liter,2,1,90,08/07/2022,Cash,08/07/2022 21:54:28,
d6e82eae,9130d9d3,Piece,1,1,150,08/07/2022,Cash,08/07/2022 21:55:11,
d04743f1,3f5a9999,KG,5,1,80,08/07/2022,Cash,08/07/2022 21:55:55,
5cf16c7c,38488d78,KG,0.5,1,30,08/07/2022,Cash,08/07/2022 23:15:08,
ca92c567,38488d32,Liter,1,2,98,09/07/2022,Cash,09/07/2022 19:18:26,
b8abd335,38488d48,KG,1,1,65,09/07/2022,Cash,09/07/2022 19:27:04,
f691807c,38488d38,KG,0.5,2,38,09/07/2022,Cash,09/07/2022 19:27:35,
2ac41145,38488d72,KG,0.25,1,30,09/07/2022,Cash,09/07/2022 19:28:50,
68c3d1ca,15880a38,Piece,1,21,630,09/07/2022,Cash,09/07/2022 20:21:40,
542a0344,38488d32,KG,0.5,2,50,09/07/2022,Cash,09/07/2022 20:41:06,
53308d35,38488d32,Liter,1,2,98,10/07/2022,Cash,10/07/2022 20:55:52,
64fe3ea1,38488d43,KG,1,2,40,10/07/2022,Cash,10/07/2022 20:56:25,
7b5fefc8,1fa08a97,Piece,1,20,240,10/07/2022,Cash,10/07/2022 20:58:35,
5fe0bfd8,38488d51,KG,1,1,260,10/07/2022,Cash,10/07/2022 21:17:42,
68f2fae0,0601c3cb,Piece,1,2,18,10/07/2022,Cash,10/07/2022 21:18:37,
55aca638,38488d48,KG,0.5,1,30,10/07/2022,Cash,10/07/2022 21:19:50,
b9ec4331,38488d80,KG,1.5,1,70,10/07/2022,Cash,10/07/2022 21:20:23,
adb07589,38488d34,KG,0.25,1,20,10/07/2022,Cash,10/07/2022 21:20:53,
bb969d61,38488d37,KG,0.5,1,20,10/07/2022,Cash,10/07/2022 21:21:25,
5a9f4162,0c8d8227,KG,0.25,1,170,10/07/2022,Cash,10/07/2022 21:22:06,
5b75ad97,1870042c,KG,5,1,175,10/07/2022,Cash,10/07/2022 21:31:34,
4e01d1be,38488d82,KG,0.5,1,30,10/07/2022,Cash,10/07/2022 21:32:21,
e7d0dfe4,38488d32,Liter,1,2,98,11/07/2022,Cash,11/07/2022 08:48:33,
2e66c163,38488d48,KG,1,1,65,11/07/2022,Cash,11/07/2022 08:49:46,
820d64df,38488d38,KG,0.4,2,44,11/07/2022,Cash,11/07/2022 08:50:39,
97623338,38488d38,KG,0.65,3,120,11/07/2022,Cash,11/07/2022 19:41:20,
dcef1b33,38488d43,KG,0.5,4,40,11/07/2022,Cash,11/07/2022 19:43:31,
999c433e,38488d34,KG,0.25,1,20,11/07/2022,Cash,11/07/2022 19:44:05,
8e6aa449,38488d35,KG,0.25,1,20,11/07/2022,Cash,11/07/2022 19:44:50,
283b7010,38488d37,KG,0.5,1,30,11/07/2022,Cash,11/07/2022 19:45:10,
321a4167,38488d39,KG,1,1,40,11/07/2022,Cash,11/07/2022 19:45:39,
dace45c5,38488d50,KG,2,1,60,11/07/2022,Cash,11/07/2022 19:46:31,
b787bc25,38488d32,Liter,1,2,98,12/07/2022,Cash,12/07/2022 16:37:58,
a226e1a2,38488d48,KG,1,1,65,12/07/2022,Cash,12/07/2022 16:38:24,
42dc691b,38488d39,KG,5,1,100,12/07/2022,Cash,12/07/2022 16:39:21,
4eda80cc,a92f80eb,KG,50,1,1100,12/07/2022,Cash,12/07/2022 16:40:06,
a522145b,38488d56,Piece,1,2,130,12/07/2022,Cash,12/07/2022 16:41:39,
3b24f680,38488d34,KG,0.5,1,40,12/07/2022,Cash,12/07/2022 22:56:29,
f04cbf43,38488d36,KG,0.5,1,50,12/07/2022,Cash,12/07/2022 22:57:09,
685092be,38488d32,KG,0.5,2,50,12/07/2022,Cash,12/07/2022 23:11:27,
87dc186c,1870042c,KG,2.5,1,50,12/07/2022,Cash,12/07/2022 23:11:57,
15db1f42,38488d33,KG,1.5,1,70,12/07/2022,Cash,12/07/2022 23:12:37,
0786f93e,38488d35,KG,0.5,1,30,12/07/2022,Cash,12/07/2022 23:13:24,
3f75421e,38488d37,KG,1.5,3,60,12/07/2022,Cash,12/07/2022 23:13:54,
3cc30499,38488d70,Piece,6,12,240,12/07/2022,Cash,12/07/2022 23:14:41,
739ce06b,38488d71,KG,1,1,30,12/07/2022,Cash,12/07/2022 23:15:33,
ca783933,38488d84,KG,2,1,40,12/07/2022,Cash,12/07/2022 23:16:07,
f8f1e9c3,ee4c7cc6,Piece,1,2,100,12/07/2022,Cash,12/07/2022 23:17:18,
1ad861de,ccbc33ef,Piece,1,4,200,12/07/2022,Cash,12/07/2022 23:18:10,
a14d97e7,fb323e8d,Piece,1,1,90,12/07/2022,Cash,12/07/2022 23:20:05,
4b6ab861,49bab0db,Liter,2,1,50,12/07/2022,Cash,12/07/2022 23:25:36,
454a14d8,38488d32,Liter,1,3,147,13/07/2022,Cash,13/07/2022 20:59:19,
d90ae80a,38488d38,KG,0.4,2,44,13/07/2022,Cash,13/07/2022 21:00:42,
a510caba,38488d48,KG,1,1,65,13/07/2022,Cash,13/07/2022 21:01:27,
3278e3f5,070c1507,KG,0.4,4,160,13/07/2022,Cash,13/07/2022 21:01:50,
1ec404b1,3095f6ad,KG,2,1,84,13/07/2022,Cash,13/07/2022 21:04:59,
6ab19126,565c2ef2,KG,0.1,1,20,13/07/2022,Cash,13/07/2022 21:05:50,
59f4cbb2,7bfb5100,Piece,1,1,152,13/07/2022,Cash,13/07/2022 22:48:10,
c34684c2,38488d32,Liter,1,3,147,14/07/2022,Cash,14/07/2022 19:41:35,
50e7ab98,38488d48,KG,1,1,65,14/07/2022,Cash,14/07/2022 19:42:06,
96c2e66c,38488d34,KG,0.75,1,70,14/07/2022,Cash,14/07/2022 19:42:31,
2439fe4c,38488d35,KG,0.5,1,40,14/07/2022,Cash,14/07/2022 19:43:35,
e148f738,38488d82,KG,0.5,1,30,14/07/2022,Cash,14/07/2022 19:44:15,
5a6b8ef7,38488d51,KG,1,1,280,14/07/2022,Cash,14/07/2022 19:45:10,
7232304e,38488d33,KG,0.5,1,35,14/07/2022,Cash,14/07/2022 19:46:30,
7921a07f,3095f6ad,KG,5,1,190,14/07/2022,Cash,14/07/2022 19:47:12,
77117ec2,074f02cb,Piece,1,4,80,14/07/2022,Cash,14/07/2022 23:20:50,
66904d9f,38488d32,Liter,1,2,98,15/07/2022,Cash,15/07/2022 13:29:49,
58549922,38488d38,KG,0.6,1,40,15/07/2022,Cash,15/07/2022 13:30:30,
255f9fea,38488d48,KG,1,2,130,15/07/2022,Cash,15/07/2022 13:31:09,
24691767,38488d34,KG,0.5,1,50,15/07/2022,Cash,15/07/2022 18:12:55,
9b817598,38488d33,KG,1,1,70,15/07/2022,Cash,15/07/2022 18:13:55,
a5820e5c,1870042c,KG,5,1,150,15/07/2022,Cash,15/07/2022 18:14:22,
07a9620e,38488d35,KG,0.5,1,30,15/07/2022,Cash,15/07/2022 18:14:43,
5d0c14c3,38488d40,KG,0.25,1,30,15/07/2022,Cash,15/07/2022 18:15:30,
0441091f,38488d53,KG,1,1,24,15/07/2022,Cash,15/07/2022 18:16:05,
90b9d915,38488d46,Liter,2,1,90,15/07/2022,Cash,15/07/2022 18:17:12,
676bfda0,38488d79,Piece,1,15,150,15/07/2022,Cash,15/07/2022 18:18:02,
ca102738,ed69c25d,Piece,1,3,90,15/07/2022,Cash,15/07/2022 19:22:13,
7c523afd,38488d53,KG,1,5,115,15/07/2022,Cash,15/07/2022 19:23:17,
ea3a8ee4,38488d59,KG,1,1,160,15/07/2022,Cash,15/07/2022 19:24:06,
bfbba128,090f0992,Liter,5,1,375,15/07/2022,Cash,15/07/2022 20:05:03,
715af0da,38488d76,Piece,1,1,80,15/07/2022,Cash,15/07/2022 20:09:08,
758496eb,38488d60,KG,0.5,1,80,15/07/2022,Cash,15/07/2022 21:15:48,
9b232cc0,38488d63,KG,2,4,50,15/07/2022,Cash,15/07/2022 21:17:05,
90750d6b,38488d32,Liter,1,2,98,16/07/2022,Cash,16/07/2022 21:12:21,
a88494ef,38488d48,Liter,1,1,65,16/07/2022,Cash,16/07/2022 21:12:55,
2082f9be,38488d50,KG,2,2,60,16/07/2022,Cash,16/07/2022 21:14:07,
b3e44d79,7cfdeddd,KG,0.5,1,50,16/07/2022,Cash,16/07/2022 21:14:48,
96b8b576,38488d38,KG,0.6,1,40,16/07/2022,Cash,16/07/2022 21:15:47,
406541c8,e015cd8b,KG,0.25,1,50,16/07/2022,Cash,16/07/2022 21:16:20,
81b1b2c7,38488d72,KG,0.1,1,20,16/07/2022,Cash,16/07/2022 21:20:44,
09ee13e2,38488d40,KG,0.25,1,25,16/07/2022,Cash,16/07/2022 21:21:51,
b714f1a0,b5478282,Piece,1,3,30,16/07/2022,Cash,16/07/2022 21:22:56,
0c25510c,38488d32,Liter,0.5,8,200,17/07/2022,Cash,17/07/2022 15:58:29,
edbae928,38488d51,KG,0.75,1,225,17/07/2022,Cash,17/07/2022 16:00:04,
89c86fc2,2bdbfdb6,KG,1,1,80,17/07/2022,Cash,17/07/2022 16:05:25,
6458279e,38488d47,KG,5,1,125,17/07/2022,Cash,17/07/2022 16:08:50,
4701198f,38488d72,KG,0.25,1,50,17/07/2022,Cash,17/07/2022 16:09:21,
0749c3bc,38488d50,KG,0.25,1,10,17/07/2022,Cash,17/07/2022 16:11:19,
5f44aac9,38488d48,KG,0.5,1,30,17/07/2022,Cash,17/07/2022 20:26:20,
44d0f043,7a749700,Piece,1,40,280,17/07/2022,Cash,17/07/2022 20:26:52,
af9bad10,a208793d,Piece,1,1,150,17/07/2022,Cash,17/07/2022 23:04:11,
93fc0dec,38488d32,Liter,1,3,147,18/07/2022,Cash,18/07/2022 19:32:30,
ba663ec2,38488d48,KG,1,1,65,18/07/2022,Cash,18/07/2022 19:34:25,
14a3f7f0,38488d56,Piece,1,2,200,18/07/2022,Cash,18/07/2022 19:37:50,
9e7496f1,38488d34,KG,0.25,1,30,18/07/2022,Cash,18/07/2022 19:46:54,
2916eaaa,38488d63,KG,1,1,40,18/07/2022,Cash,18/07/2022 19:50:46,
912c133b,38488d47,KG,10,1,220,18/07/2022,Cash,18/07/2022 19:51:35,
83ccb699,e73a4f6b,Piece,1,4,40,18/07/2022,Cash,18/07/2022 21:20:43,
3af76cc9,38488d78,KG,1,1,63,18/07/2022,Cash,18/07/2022 21:21:33,
70253715,38488d38,KG,0.4,4,80,18/07/2022,Cash,18/07/2022 21:30:28,
a4bcbbc9,af798478,Piece,1,1,20,18/07/2022,Cash,18/07/2022 21:36:45,
688a6bed,074f02cb,Piece,1,1,30,18/07/2022,Cash,18/07/2022 21:41:43,
39802282,38488d75,KG,1,1,160,18/07/2022,Cash,18/07/2022 23:01:41,
bedae14a,38488d32,Liter,1,2,98,19/07/2022,Cash,19/07/2022 16:15:43,
fe53d4ec,38488d48,KG,1,2,130,19/07/2022,Cash,19/07/2022 16:16:25,
951ffa15,38488d35,,0.75,1,50,19/07/2022,Cash,19/07/2022 21:30:56,
7cd49017,38488d32,KG,0.5,1,25,19/07/2022,Cash,19/07/2022 21:33:13,
ffed941c,7836518d,Piece,1,1,30,19/07/2022,Cash,19/07/2022 21:33:51,
902633ec,38488d37,KG,0.5,1,30,19/07/2022,Cash,19/07/2022 21:38:02,
86df4f29,38488d62,KG,1,7,315,19/07/2022,Cash,19/07/2022 21:38:49,
da70644a,2f5f74e8,Piece,1,1,40,19/07/2022,Cash,19/07/2022 21:40:41,
03f6e5fc,2c4d95ef,KG,0.25,1,40,19/07/2022,Cash,19/07/2022 21:41:23,
06a0329a,38488d63,KG,1,3,50,19/07/2022,Cash,19/07/2022 21:52:13,
b352ba58,38488d39,KG,1,1,40,19/07/2022,Cash,19/07/2022 21:55:49,
caf13348,38488d38,KG,0.6,2,90,19/07/2022,Cash,19/07/2022 21:56:53,
6afb7891,38488d57,KG,0.25,1,15,19/07/2022,Cash,19/07/2022 21:58:44,
2fc00c48,ee72568a,Piece,1,2,20,19/07/2022,Cash,19/07/2022 22:00:45,
b8f447f8,38488d47,KG,10,1,200,19/07/2022,Cash,19/07/2022 23:33:39,
df953646,38488d32,Liter,1,2,98,20/07/2022,Cash,20/07/2022 19:20:55,
28775040,38488d48,KG,1,2,130,20/07/2022,Cash,20/07/2022 19:21:30,
d53254ac,38488d38,KG,0.6,1,40,20/07/2022,Cash,20/07/2022 19:21:48,
df029c75,38488d82,KG,0.5,1,40,20/07/2022,Cash,20/07/2022 19:22:21,
1cde54b8,a30cd5cc,Piece,1,10,100,20/07/2022,Cash,20/07/2022 19:23:07,
d6b9dde8,c4721744,Piece,1,4,140,20/07/2022,Cash,20/07/2022 19:24:32,
d842354e,38488d43,KG,0.5,4,72,20/07/2022,Cash,20/07/2022 22:01:26,
3254056f,38488d32,Liter,1,3,147,21/07/2022,Cash,21/07/2022 18:46:51,
09808c4d,38488d48,KG,1,1,65,21/07/2022,Cash,21/07/2022 18:47:14,
62f00f0f,5ff02df8,KG,1.5,1,60,21/07/2022,Cash,21/07/2022 20:08:47,
12a3a1c8,38488d37,KG,1.5,3,75,21/07/2022,Cash,21/07/2022 20:11:11,
0e7125d2,06e9b5a1,Piece,1,7,400,21/07/2022,Cash,21/07/2022 20:11:56,
216b8aed,1266f89f,Piece,1,1,350,21/07/2022,Cash,21/07/2022 20:18:16,
3fbcc933,c8847587,Piece,1,1,250,21/07/2022,Cash,21/07/2022 20:21:11,
af26b4c3,1870042c,KG,2,1,70,21/07/2022,Cash,21/07/2022 20:46:14,
5fa47ad5,38488d34,KG,0.25,1,20,21/07/2022,Cash,21/07/2022 20:46:48,
15d00799,38488d80,KG,2,1,55,21/07/2022,Cash,21/07/2022 20:48:18,
f8db9bf9,30b20781,Piece,1,1,536,21/07/2022,Cash,21/07/2022 21:16:06,
eac9e75e,3f40d071,Piece,1,10,300,21/07/2022,Cash,21/07/2022 21:19:00,
d145b612,c8847587,Piece,1,2,150,21/07/2022,Cash,21/07/2022 21:20:49,
1585b897,38488d32,Liter,1,2,98,22/07/2022,Cash,22/07/2022 21:57:26,
a8b10895,7cfdeddd,KG,0.5,1,50,22/07/2022,Cash,22/07/2022 21:57:56,
f49773bf,38488d72,KG,0.25,1,50,22/07/2022,Cash,22/07/2022 21:59:28,
3b4086a9,38488d38,KG,0.6,1,45,22/07/2022,Cash,22/07/2022 22:00:08,
9412b043,1870042c,KG,2,1,80,22/07/2022,Cash,22/07/2022 22:00:33,
8ccf5716,38488d51,KG,0.5,1,140,22/07/2022,Cash,22/07/2022 22:01:01,
7b9d0641,38488d52,Liter,0.2,1,55,22/07/2022,Cash,22/07/2022 22:02:59,
92f64966,f0b3998d,Piece,1,1,70,22/07/2022,Cash,22/07/2022 22:03:33,
02c55b58,38488d60,KG,0.5,1,80,22/07/2022,Cash,22/07/2022 22:07:20,
1dcbc673,38488d32,Liter,1,2,98,23/07/2022,Cash,23/07/2022 18:44:28,
db065686,38488d48,KG,1,1,79,23/07/2022,Cash,23/07/2022 18:44:53,
8dd126a9,1870042c,KG,5,1,150,23/07/2022,Cash,23/07/2022 18:46:08,
e34e8109,38488d82,KG,0.5,1,30,23/07/2022,Cash,23/07/2022 18:46:24,
4a1cb4eb,38488d46,Liter,2,1,90,23/07/2022,Cash,23/07/2022 18:47:05,
0b903aef,38488d42,Piece,1,4,56,23/07/2022,Cash,23/07/2022 18:47:51,
50ea69bc,38488d79,Piece,1,18,180,23/07/2022,Cash,23/07/2022 18:48:39,
a6699186,38488d58,KG,0.25,1,40,23/07/2022,Cash,23/07/2022 21:27:17,
ecfa72f0,38488d59,KG,0.25,1,40,23/07/2022,Cash,23/07/2022 21:27:57,
eab467e7,38488d38,KG,0.4,2,40,23/07/2022,Cash,23/07/2022 21:29:00,
7d50906f,ed69c25d,Piece,1,1,30,23/07/2022,Cash,23/07/2022 23:27:01,
1cd307ec,38488d32,KG,0.5,7,175,24/07/2022,Cash,24/07/2022 21:46:50,
f4cbd7a2,38488d78,KG,0.5,1,32,24/07/2022,Cash,24/07/2022 21:48:33,
9a9b6543,2bdbfdb8,Piece,1,2,20,24/07/2022,Cash,24/07/2022 21:49:20,
576858b7,524a0b85,Piece,1,2,20,24/07/2022,Cash,24/07/2022 21:49:48,
f508d08f,2bdbfdb6,KG,1,1,100,24/07/2022,Cash,24/07/2022 21:53:02,
7225be2a,38488d32,Liter,1,2,98,25/07/2022,Cash,25/07/2022 20:20:27,
0c8fea12,38488d48,KG,1,3,237,25/07/2022,Cash,25/07/2022 20:20:59,
7712d16a,38488d56,Piece,1,2,200,25/07/2022,Cash,25/07/2022 20:21:41,
75583cd4,38488d38,KG,0.6,2,90,25/07/2022,Cash,25/07/2022 20:22:46,
da249a0d,38488d32,KG,0.5,2,50,25/07/2022,Cash,25/07/2022 20:23:48,
2bdeb994,38488d57,KG,3.5,1,175,25/07/2022,Cash,25/07/2022 20:32:08,
092b6280,38488d48,KG,0.5,1,30,25/07/2022,Cash,25/07/2022 21:00:37,
33f32a12,38488d32,Liter,1,4,196,26/07/2022,Cash,26/07/2022 19:55:37,
12d0dbcf,38488d48,KG,1,2,158,26/07/2022,Cash,26/07/2022 19:58:13,
33a6dee0,38488d38,KG,0.4,5,150,26/07/2022,Cash,26/07/2022 19:59:27,
c2c2b8c7,38488d69,KG,0.25,1,110,26/07/2022,Cash,26/07/2022 20:01:04,
2433b822,38488d75,KG,1.5,1,210,26/07/2022,Cash,26/07/2022 20:02:04,
72ca61b5,38488d58,KG,0.5,1,80,26/07/2022,Cash,26/07/2022 20:03:14,
34bd2d5c,38488d59,KG,0.5,1,80,26/07/2022,Cash,26/07/2022 20:03:59,
9606885d,38488d35,KG,0.25,2,40,26/07/2022,Cash,26/07/2022 20:04:25,
f23f382f,38488d50,KG,1,2,60,26/07/2022,Cash,26/07/2022 20:05:16,
2950d89d,38488d70,Piece,12,7,210,26/07/2022,Cash,26/07/2022 20:06:12,
0400c9f0,2bdbfdb7,Piece,1,15,150,26/07/2022,Cash,26/07/2022 20:22:16,
45639dda,0601c3cb,Piece,1,6,50,26/07/2022,Cash,26/07/2022 20:23:24,
a8845c7f,1905cc15,KG,1.5,1,60,26/07/2022,Cash,26/07/2022 23:06:00,
f136251b,e091ecdf,Piece,1,4,200,26/07/2022,Cash,26/07/2022 23:15:11,
9b4ce9b9,1870042c,KG,5,1,150,26/07/2022,Cash,26/07/2022 23:16:26,
2d9b5439,38488d82,KG,0.75,1,50,26/07/2022,Cash,26/07/2022 23:17:18,
970b257f,38488d84,KG,0.25,1,20,26/07/2022,Cash,26/07/2022 23:18:39,
26f0c879,38488d71,KG,1,1,20,26/07/2022,Cash,26/07/2022 23:19:12,
e544d7a4,4340a96c,KG,0.5,1,32,26/07/2022,Cash,26/07/2022 23:20:10,
65319ecc,5e6d790b,Piece,1,1,60,26/07/2022,Cash,26/07/2022 23:25:45,
db5b1818,38488d32,Liter,1,2,98,27/07/2022,Cash,27/07/2022 20:29:19,
9b5417f2,38488d48,KG,1,1,69,27/07/2022,Cash,27/07/2022 20:29:41,
456b9061,a92f80eb,KG,12,1,240,27/07/2022,Cash,27/07/2022 20:33:38,
5521fc23,38488d59,KG,1,1,160,27/07/2022,Cash,27/07/2022 20:36:46,
e94b0319,38488d60,KG,0.5,1,80,27/07/2022,Cash,27/07/2022 20:38:26,
30b4b44a,38488d38,KG,0.6,1,45,27/07/2022,Cash,27/07/2022 20:41:34,
3edc94c0,38488d68,KG,0.5,1,70,27/07/2022,Cash,27/07/2022 20:42:42,
d21fea47,38488d72,KG,0.25,1,50,27/07/2022,Cash,27/07/2022 20:43:29,
39d2b018,38488d47,KG,10,1,220,27/07/2022,Cash,27/07/2022 21:10:38,
624d1866,38488d64,KG,0.5,1,60,27/07/2022,Cash,27/07/2022 21:11:32,
c9ec9252,2bdbfdb8,Piece,1,2,20,27/07/2022,Cash,27/07/2022 21:13:13,
6186937c,38488d32,Liter,1,2,98,28/07/2022,Cash,28/07/2022 19:22:13,
392ed931,38488d48,KG,1,1,69,28/07/2022,Cash,28/07/2022 19:22:30,
d95de172,becc6a8c,Piece,1,2,850,28/07/2022,Cash,28/07/2022 19:23:13,
83ce636e,38488d84,KG,1,1,60,28/07/2022,Cash,28/07/2022 19:24:54,
fc77ea59,38488d50,KG,0.5,1,20,28/07/2022,Cash,28/07/2022 19:25:24,
ed2b8c76,40a503d1,Piece,1,2,80,28/07/2022,Cash,28/07/2022 19:25:48,
ee6d114b,c8847587,Piece,1,4,350,28/07/2022,Cash,28/07/2022 21:13:20,
8815d528,38488d46,Liter,2,1,90,28/07/2022,Cash,28/07/2022 21:36:32,
004dc697,38488d32,Liter,1,2,98,29/07/2022,Cash,29/07/2022 16:24:10,
374b5a48,38488d48,KG,1,1,69,29/07/2022,Cash,29/07/2022 16:24:49,
bffdb7d9,38488d37,KG,1.2,2,70,29/07/2022,Cash,29/07/2022 16:25:08,
51eb4b53,38488d34,KG,0.25,1,25,29/07/2022,Cash,29/07/2022 16:26:22,
ba798767,38488d35,KG,0.25,1,20,29/07/2022,Cash,29/07/2022 16:27:07,
a32a04e0,8ef238fe,KG,1,1,549,28/07/2022,Cash,29/07/2022 17:32:45,
6a4a158a,38488d79,Piece,1,15,150,29/07/2022,Cash,29/07/2022 21:31:10,
e6ab8898,5e6d790b,Piece,1,1,50,29/07/2022,Cash,29/07/2022 21:31:49,
74b7db38,38488d51,KG,1,1,300,29/07/2022,Cash,29/07/2022 21:32:23,
25a60644,38488d68,KG,1,1,120,29/07/2022,Cash,29/07/2022 21:32:49,
9889c66a,38488d55,Piece,1,2,20,29/07/2022,Cash,29/07/2022 21:36:24,
df14b710,38488d38,KG,0.6,1,45,29/07/2022,Cash,29/07/2022 21:37:00,
a5b21cb8,38488d32,Liter,1,2,98,30/07/2022,Cash,30/07/2022 19:21:11,
5eb6e420,,KG,1,3,207,30/07/2022,Cash,30/07/2022 19:21:33,
a041ec23,38488d33,KG,0.5,1,60,30/07/2022,Cash,30/07/2022 19:23:04,
edbd05c6,38488d38,KG,0.6,1,45,30/07/2022,Cash,30/07/2022 19:24:21,
83b06087,38488d37,KG,0.75,1,45,30/07/2022,Cash,30/07/2022 19:26:06,
2b2099af,38488d34,KG,0.3,1,30,30/07/2022,Cash,30/07/2022 19:29:17,
7fb54ece,fb9ea07d,Piece,1,1,10,30/07/2022,Cash,30/07/2022 19:31:04,
a346456e,38488d57,KG,0.25,1,10,30/07/2022,Cash,30/07/2022 19:31:51,
f73b5a68,38488d80,KG,2,1,60,30/07/2022,Cash,30/07/2022 19:33:01,
135608fc,38488d68,KG,0.5,1,70,30/07/2022,Cash,30/07/2022 19:33:33,
633382a5,a208793d,Piece,1,1,80,30/07/2022,Cash,30/07/2022 19:35:48,
6f346dfe,38488d62,KG,1,6,270,30/07/2022,Cash,30/07/2022 19:38:01,
2ba7d9d4,2f5f74e8,Piece,1,1,30,30/07/2022,Cash,30/07/2022 19:39:40,
568a7d29,2c4d95ef,KG,0.2,1,40,30/07/2022,Cash,30/07/2022 19:41:01,
8d0d7c9a,38488d63,KG,1,1,40,30/07/2022,Cash,30/07/2022 19:41:44,
8d9c0588,608e4a15,Piece,1,1,30,30/07/2022,Cash,30/07/2022 19:44:12,
bc8df8b1,38488d32,KG,0.5,2,52,30/07/2022,Cash,30/07/2022 20:15:25,
591ea805,7a749700,Piece,1,4,32,30/07/2022,Cash,30/07/2022 21:43:39,
cd530180,2d72e975,Piece,1,1,80,30/07/2022,Cash,30/07/2022 21:44:42,
e645a35d,a208793d,Piece,1,1,30,30/07/2022,Cash,30/07/2022 21:46:28,
c9cf4dc2,38488d32,Liter,1,2,98,31/07/2022,Cash,31/07/2022 14:36:10,
41f99a9c,38488d52,Liter,0.2,1,55,31/07/2022,Cash,31/07/2022 14:36:27,
ab14a8e1,38488d33,KG,1,2,100,31/07/2022,Cash,31/07/2022 14:36:56,
afda7274,a92f80eb,KG,50,1,1000,31/07/2022,Cash,31/07/2022 14:37:30,
2c94d760,1870042c,KG,5,1,150,31/07/2022,Cash,31/07/2022 14:38:15,
0db94d79,38488d51,KG,0.5,1,150,31/07/2022,Cash,31/07/2022 14:38:35,
9dae4151,38488d72,KG,0.25,1,50,31/07/2022,Cash,31/07/2022 14:39:05,
9fbbadcd,38488d82,KG,0.5,1,30,31/07/2022,Cash,31/07/2022 14:39:55,
5d59bf52,38488d36,KG,0.5,1,40,31/07/2022,Cash,31/07/2022 14:41:36,
69e924a8,38488d32,Liter,1,3,147,31/07/2022,Cash,31/07/2022 21:29:28,
59cbe681,c4721744,Piece,1,2,140,31/07/2022,Cash,31/07/2022 21:30:14,
4f524152,064cc6e0,Piece,1,1,350,31/07/2022,Cash,31/07/2022 21:31:10,
2571b79e,b530d255,Piece,1,1,50,31/07/2022,Cash,31/07/2022 21:40:49,
9da7f967,38488d78,KG,0.6,1,40,31/07/2022,Cash,31/07/2022 22:53:35,
7168c409,38488d32,KG,0.5,5,125,01/08/2022,Cash,01/08/2022 18:43:26,
280f14c4,38488d48,KG,1,3,207,01/08/2022,Cash,01/08/2022 18:45:21,
2b6428dd,38488d38,KG,0.75,1,45,01/08/2022,Cash,01/08/2022 18:47:17,
d4f66b8b,38488d50,KG,1,1,30,01/08/2022,Cash,01/08/2022 20:03:45,
b3774dfb,35cf7f7d,Piece,1,1,250,01/08/2022,Cash,01/08/2022 20:41:30,
ae39bab9,38488d56,Piece,1,2,200,01/08/2022,Cash,01/08/2022 20:46:36,
c7269724,38488d32,Liter,1,2,98,02/08/2022,Cash,02/08/2022 18:48:48,
16597787,38488d48,KG,1,1,69,02/08/2022,Cash,02/08/2022 18:49:18,
740bcd44,38488d38,KG,0.4,6,120,02/08/2022,Cash,02/08/2022 18:49:54,
53edb8bd,38488d34,KG,0.5,1,50,02/08/2022,Cash,02/08/2022 18:51:29,
0951749d,38488d46,Liter,2,1,95,02/08/2022,Cash,02/08/2022 18:52:59,
5a39905b,38488d32,KG,0.5,5,125,02/08/2022,Cash,02/08/2022 18:54:24,
225e881a,38488d48,KG,0.5,1,32,02/08/2022,Cash,02/08/2022 18:55:51,
5cca4926,38488d72,KG,0.25,1,50,02/08/2022,Cash,02/08/2022 18:56:42,
4cc5679d,38488d69,KG,0.25,1,110,02/08/2022,Cash,02/08/2022 18:58:05,
7d309b1a,b8e3c8b1,Piece,1,7,92,02/08/2022,Cash,02/08/2022 18:58:58,
b748db4e,2f5f74e8,Piece,1,1,40,02/08/2022,Cash,02/08/2022 22:39:48,
75a4d2c0,38488d33,KG,1.5,1,90,02/08/2022,Cash,02/08/2022 22:41:14,
a11f7fa6,38488d32,KG,0.5,1,26,02/08/2022,Cash,02/08/2022 22:52:37,
d485dabb,38488d36,KG,0.5,1,30,02/08/2022,Cash,02/08/2022 22:53:11,
8fee95ff,38488d57,KG,3.5,1,100,02/08/2022,Cash,02/08/2022 22:54:07,
3945284c,38488d63,KG,1.5,3,30,02/08/2022,Cash,02/08/2022 22:55:16,
ba55ca11,38488d74,KG,3.5,1,70,02/08/2022,Cash,02/08/2022 23:08:53,
c8721527,38488d72,KG,0.25,1,50,02/08/2022,Cash,02/08/2022 23:09:56,
2d1c9736,38488d82,KG,0.5,1,30,02/08/2022,Cash,02/08/2022 23:10:52,
ee43d600,8adbb5f7,KG,1,1,40,02/08/2022,Cash,02/08/2022 23:12:04,
01c3ce2f,7cfdeddd,KG,0.5,1,40,02/08/2022,Cash,02/08/2022 23:12:54,
0ef54224,524a0b85,Piece,1,15,100,02/08/2022,Cash,02/08/2022 23:13:44,
326998d1,ec8044c0,KG,1,1,60,02/08/2022,Cash,02/08/2022 23:16:04,
81ab8151,7211596c,Piece,1,12,100,02/08/2022,Cash,02/08/2022 23:21:58,
342bae61,b689393c,Piece,1,2,20,02/08/2022,Cash,02/08/2022 23:26:50,
157348a2,38488d32,Liter,1,2,98,03/08/2022,Cash,03/08/2022 21:07:40,
fe947276,38488d48,KG,1,1,69,03/08/2022,Cash,03/08/2022 21:08:31,
467a051f,38488d38,KG,0.4,2,40,03/08/2022,Cash,03/08/2022 21:10:04,
5bcbe836,38488d32,Liter,1,2,98,04/08/2022,Cash,04/08/2022 21:39:31,
f204fdcf,38488d38,KG,0.4,2,40,04/08/2022,Cash,04/08/2022 21:39:55,
efc1a8a0,38488d43,KG,1,2,40,04/08/2022,Cash,04/08/2022 21:40:19,
7d24ab84,89e823ea,KG,0.5,1,85,04/08/2022,Cash,04/08/2022 21:40:47,
cde428a4,1266f89f,Piece,1,1,350,04/08/2022,Cash,04/08/2022 21:45:27,
7c832942,2bdbfdb7,Piece,1,15,150,04/08/2022,Cash,04/08/2022 21:47:47,
1ed775e7,38488d70,Piece,12,6,180,04/08/2022,Cash,04/08/2022 21:48:47,
ae7c0d1f,38488d71,KG,1,1,40,04/08/2022,Cash,04/08/2022 21:49:51,
d794e0df,38488d34,KG,0.25,1,30,04/08/2022,Cash,04/08/2022 21:50:25,
500e1a95,38488d35,KG,0.25,1,20,04/08/2022,Cash,04/08/2022 21:50:48,
d8d8e4e8,38488d40,KG,0.1,1,10,04/08/2022,Cash,04/08/2022 21:51:20,
7d0648ea,38488d32,KG,0.5,2,50,04/08/2022,Cash,04/08/2022 21:51:42,
ae02cff8,1870042c,KG,5,1,150,04/08/2022,Cash,04/08/2022 23:38:21,
c3aeb4d8,38488d47,KG,10,1,220,04/08/2022,Cash,04/08/2022 23:38:56,
fcb89cc9,38488d32,Liter,1,2,98,05/08/2022,Cash,05/08/2022 15:38:32,
337d13b2,38488d48,KG,1,1,69,05/08/2022,Cash,05/08/2022 15:39:49,
c71e50b5,38488d38,KG,0.4,2,45,05/08/2022,Cash,05/08/2022 15:40:28,
f2397df3,38488d32,KG,0.5,2,50,05/08/2022,Cash,05/08/2022 21:25:32,
d25b5845,38488d32,Liter,1,2,98,06/08/2022,Cash,06/08/2022 18:46:20,
020fb61f,38488d48,KG,1,3,207,06/08/2022,Cash,06/08/2022 18:46:53,
d9d4891a,38488d38,KG,0.6,1,45,06/08/2022,Cash,06/08/2022 18:47:36,
78620d84,38488d32,Liter,1,1,49,06/08/2022,Cash,06/08/2022 18:48:05,
42aff896,38488d68,KG,1,1,150,06/08/2022,Cash,06/08/2022 18:48:34,
0c384ead,38488d63,KG,1,1,40,06/08/2022,Cash,06/08/2022 19:40:10,
717d5bb4,38488d57,KG,0.25,1,10,06/08/2022,Cash,06/08/2022 19:40:45,
e8db159c,38488d35,KG,0.5,1,40,06/08/2022,Cash,06/08/2022 19:41:36,
986e34ff,fb9ea07d,Piece,1,1,10,06/08/2022,Cash,06/08/2022 19:42:49,
6a02aa95,38488d62,KG,1,6,270,06/08/2022,Cash,06/08/2022 19:44:20,
83b00e68,2f5f74e8,Piece,1,1,30,06/08/2022,Cash,06/08/2022 19:45:27,
642d9b39,3095f6ad,KG,5,1,195,06/08/2022,Cash,06/08/2022 19:47:08,
3d70b9c8,a30cd5cc,Piece,1,15,150,06/08/2022,Cash,06/08/2022 19:49:05,
b0a0631b,c4721744,Piece,1,4,160,06/08/2022,Cash,06/08/2022 19:50:12,
ceecd2ce,2c4d95ef,KG,0.5,1,60,06/08/2022,Cash,06/08/2022 19:51:45,
e29b6c10,ee72568a,KG,0.1,1,45,06/08/2022,Cash,06/08/2022 19:53:15,
68414f63,8b22178e,KG,0.25,1,40,06/08/2022,Cash,06/08/2022 20:00:37,
eae4fb5a,aceb7f93,Piece,1,15,225,06/08/2022,Cash,06/08/2022 20:05:04,
7e3f3400,38488d53,KG,1,1,24,06/08/2022,Cash,06/08/2022 21:51:21,
68ddfdf2,38488d32,Liter,1,3,147,07/08/2022,Cash,07/08/2022 19:21:20,
81d98d44,e9fd60e0,Piece,1,8,40,07/08/2022,Cash,07/08/2022 19:21:44,
a67148d7,38488d66,KG,1,1,60,07/08/2022,Cash,07/08/2022 19:23:03,
ee491e14,b011f24c,KG,0.6,1,75,07/08/2022,Cash,07/08/2022 19:23:37,
89d9eda8,38488d78,KG,0.5,1,35,07/08/2022,Cash,07/08/2022 19:29:15,
3a13214a,38488d53,KG,1,5,115,07/08/2022,Cash,07/08/2022 19:34:58,
fedb9554,b32f2f36,Piece,1,1,34,07/08/2022,Cash,07/08/2022 19:35:56,
4026c720,53b27eaf,KG,0.5,1,190,07/08/2022,Cash,07/08/2022 19:37:35,
35cb322d,38488d51,KG,1,1,300,07/08/2022,Cash,07/08/2022 19:38:29,
49a8fe5b,38488d68,KG,1,1,120,07/08/2022,Cash,07/08/2022 19:39:01,
0fc84ea4,38488d55,Piece,1,2,20,07/08/2022,Cash,07/08/2022 19:39:53,
183cfab3,38488d32,Liter,1,2,98,08/08/2022,Cash,08/08/2022 17:55:06,
56e18b0a,38488d38,KG,0.75,5,225,08/08/2022,Cash,08/08/2022 17:55:51,
e2528953,38488d48,KG,1,1,69,08/08/2022,Cash,08/08/2022 17:57:07,
59db888e,38488d43,KG,0.5,4,40,08/08/2022,Cash,08/08/2022 17:57:41,
fdfc559a,38488d59,KG,0.5,1,80,08/08/2022,Cash,08/08/2022 17:59:00,
7eb2a7a3,38488d60,KG,0.5,1,100,08/08/2022,Cash,08/08/2022 17:59:50,
9df5acfc,38488d48,KG,0.5,1,32,08/08/2022,Cash,08/08/2022 18:00:24,
2f6a386d,38488d75,KG,1,1,170,08/08/2022,Cash,08/08/2022 18:01:09,
ffd24324,e73a4f6b,Piece,1,3,30,08/08/2022,Cash,08/08/2022 18:42:51,
1b3caf79,38488d58,KG,0.25,1,40,08/08/2022,Cash,08/08/2022 18:43:36,
c41db2fc,38488d32,KG,0.5,2,60,08/08/2022,Cash,08/08/2022 21:13:37,
23deaad7,38488d46,Liter,2,1,95,08/08/2022,Cash,08/08/2022 21:36:25,
20720e8a,38488d32,Liter,1.5,2,74,09/08/2022,Cash,09/08/2022 10:42:45,
8090b766,38488d38,KG,0.6,2,90,09/08/2022,Cash,09/08/2022 10:45:29,
38710178,ee4c7cc6,Piece,1,1,170,15/08/2022,Cash,15/08/2022 15:08:59,
e7df46eb,38488d47,KG,10,1,220,14/08/2022,Cash,16/08/2022 14:05:46,
51750fab,1870042c,KG,5,1,150,14/08/2022,Cash,16/08/2022 14:06:48,
fcec5b50,38488d51,KG,1,1,300,14/08/2022,Cash,16/08/2022 14:07:30,
99b04dc8,38488d54,KG,5,1,150,14/08/2022,Cash,16/08/2022 14:09:27,
918c66f1,8b22178e,KG,0.25,1,50,14/08/2022,Cash,16/08/2022 14:10:11,
327a1671,5501ac57,KG,2,1,300,14/08/2022,Cash,16/08/2022 14:12:18,
f9bea4d6,6b5d3659,KG,2.5,1,900,14/08/2022,Cash,16/08/2022 15:46:38,
47e87aa9,cc94edad,Piece,1,1,90,14/08/2022,Cash,16/08/2022 15:48:10,
d0c41e8a,6b933f19,Piece,1,1,90,14/08/2022,Cash,16/08/2022 15:49:51,
83c6bb73,8d161948,Piece,1,1,100,14/08/2022,Cash,16/08/2022 15:53:06,
08beea8d,fdfe568c,KG,1,1,200,14/08/2022,Cash,16/08/2022 15:56:36,
f74ff260,a236b7d5,,1,2,100,14/08/2022,Cash,16/08/2022 16:00:10,
c6f71496,ed2ab9d5,KG,1.5,1,300,14/08/2022,Cash,16/08/2022 16:07:05,
e003f519,38488d32,KG,0.5,2,50,14/08/2022,Cash,16/08/2022 16:10:12,
eafae78f,38488d46,Liter,1,2,90,14/08/2022,Cash,16/08/2022 16:12:42,
b9f2bd9c,38488d46,Liter,2,2,170,14/08/2022,Cash,16/08/2022 16:13:50,
5e1a59c0,fae3e2e2,Piece,1,10,180,14/08/2022,Cash,16/08/2022 16:14:41,
c7552518,38488d79,Piece,1,8,128,14/08/2022,Cash,16/08/2022 16:20:27,
bd66dd24,38488d32,Liter,1,3,147,15/08/2022,Cash,16/08/2022 16:23:32,
886f586c,38488d48,KG,1,2,138,15/08/2022,Cash,16/08/2022 16:24:06,
140a3292,38488d68,KG,1,1,140,15/08/2022,Cash,16/08/2022 16:27:26,
26401dbe,38488d72,KG,0.25,1,60,15/08/2022,Cash,16/08/2022 16:28:16,
c2f95266,38488d82,KG,0.25,1,40,15/08/2022,Cash,16/08/2022 16:29:04,
63cf40ac,8e76f408,KG,0.5,1,90,15/08/2022,Cash,16/08/2022 16:30:53,
eb5a1b42,38488d32,Liter,1,2,98,16/08/2022,Cash,16/08/2022 16:36:29,
e431ddf9,38488d38,KG,0.4,6,120,16/08/2022,Cash,16/08/2022 16:37:03,
c36d929a,074f02cb,Piece,1,1,17,16/08/2022,Cash,16/08/2022 23:24:30,
2b5c0782,bf503910,Piece,1,1,40,16/08/2022,Cash,16/08/2022 23:25:14,
b8155eb1,38488d78,KG,1,2,100,16/08/2022,Cash,16/08/2022 23:26:02,
67075280,38488d54,KG,0.5,4,100,16/08/2022,Cash,16/08/2022 23:26:42,
d5411328,0601c3cb,KG,0.1,1,90,16/08/2022,Cash,16/08/2022 23:27:19,
3c5f22e8,38488d48,KG,0.5,1,32,16/08/2022,Cash,16/08/2022 23:28:17,
f2c10c09,38488d57,KG,4,1,80,16/08/2022,Cash,16/08/2022 23:29:38,
0e968a91,38488d84,KG,1.5,1,32,16/08/2022,Cash,16/08/2022 23:30:35,
2e5f6b8c,d1173b26,Piece,1,4,20,16/08/2022,Cash,16/08/2022 23:31:55,
0f880374,316fcd40,KG,0.5,4,100,16/08/2022,Cash,16/08/2022 23:32:45,
eee279b9,38488d46,Liter,0.5,1,40,16/08/2022,Cash,16/08/2022 23:34:12,
4bf825c5,3ed563fc,Piece,1,10,300,16/08/2022,Cash,16/08/2022 23:35:35,
17460c4f,38488d69,KG,0.25,1,110,16/08/2022,Cash,16/08/2022 23:37:52,
60c75074,38488d32,KG,0.5,2,50,16/08/2022,Cash,16/08/2022 23:38:35,
79d88a85,38488d32,Liter,1,2,102,17/08/2022,Cash,20/08/2022 18:23:28,
b3983611,38488d43,KG,0.5,4,60,17/08/2022,Cash,20/08/2022 18:25:02,
aaf37557,38488d38,KG,0.6,1,45,17/08/2022,Cash,20/08/2022 18:26:04,
a986f193,38488d56,Piece,1,2,200,17/08/2022,Cash,20/08/2022 18:26:52,
28c2b682,4de73104,KG,0.25,1,50,17/08/2022,Cash,20/08/2022 18:27:51,
a7f444f3,80950ec7,KG,0.25,1,45,17/08/2022,Cash,20/08/2022 18:31:26,
64858acd,acd1b7b2,KG,0.25,1,70,17/08/2022,Cash,20/08/2022 18:33:09,
791a111c,ce05468e,KG,0.1,1,10,17/08/2022,Cash,20/08/2022 18:33:56,
ee13c8bb,38488d59,KG,1,1,160,17/08/2022,Cash,20/08/2022 18:34:37,
30877232,38488d60,KG,1,1,180,17/08/2022,Cash,20/08/2022 18:35:09,
d50affd7,7cfdeddd,KG,0.5,1,60,17/08/2022,Cash,20/08/2022 18:35:48,
257772c0,63d5aa69,Piece,1,1,100,17/08/2022,Cash,20/08/2022 18:36:48,
f213059c,38488d32,Liter,1,2,102,18/08/2022,Cash,20/08/2022 18:40:00,
051a3ffb,38488d38,KG,0.6,1,45,18/08/2022,Cash,20/08/2022 18:40:26,
8ebddb21,89e823ea,KG,0.5,1,85,18/08/2022,Cash,20/08/2022 18:58:58,
e142dcd5,3f5a9999,Liter,5,1,80,18/08/2022,Cash,20/08/2022 19:00:15,
bfed7720,1870042c,KG,1.5,1,50,18/08/2022,Cash,20/08/2022 19:01:55,
b3d8837c,38488d72,KG,0.25,1,50,18/08/2022,Cash,20/08/2022 19:04:21,
1c44ec2e,a92f80eb,KG,50,1,1050,18/08/2022,Cash,20/08/2022 19:05:03,
bd2ea692,3095f6ad,KG,5,1,195,18/08/2022,Cash,20/08/2022 19:05:43,
0216deae,5d1b38c3,KG,5,1,600,18/08/2022,Cash,20/08/2022 19:06:21,
ef346c72,293737a6,KG,0.25,1,190,18/08/2022,Cash,20/08/2022 19:15:03,
64c4464f,38488d48,KG,0.5,1,32,18/08/2022,Cash,20/08/2022 19:22:08,
8ec881e5,38488d38,KG,0.6,2,90,18/08/2022,Cash,20/08/2022 19:22:42,
f5adf712,38488d51,KG,1,1,300,18/08/2022,Cash,20/08/2022 19:24:56,
17f525b3,38488d55,Piece,1,2,20,18/08/2022,Cash,20/08/2022 19:29:31,
6ce93616,38488d36,KG,0.5,1,40,18/08/2022,Cash,20/08/2022 19:30:10,
540cfa5f,38488d63,KG,1.5,3,60,18/08/2022,Cash,20/08/2022 19:30:55,
ca596c85,38488d32,Liter,1,4,204,19/08/2022,Cash,20/08/2022 19:32:57,
95e2963a,38488d48,KG,1,1,69,19/08/2022,Cash,20/08/2022 19:33:40,
7931e5e0,364c4110,KG,0.5,2,70,19/08/2022,Cash,20/08/2022 19:34:08,
8fa78fc4,38488d37,KG,1.5,3,90,19/08/2022,Cash,20/08/2022 19:36:22,
3af1c8b6,38488d47,KG,10,1,220,19/08/2022,Cash,20/08/2022 19:37:21,
2f84f10c,1870042c,KG,5,1,150,19/08/2022,Cash,20/08/2022 19:38:00,
f140fc2c,38488d72,KG,0.5,1,60,19/08/2022,Cash,20/08/2022 19:38:24,
ecd6177e,38488d82,KG,0.5,1,40,19/08/2022,Cash,20/08/2022 19:38:58,
6eeee55e,38488d63,KG,1,2,40,19/08/2022,Cash,20/08/2022 19:39:59,
c1a6840e,38488d35,KG,0.5,1,30,19/08/2022,Cash,20/08/2022 19:40:30,
c718eadf,1d9fc2aa,KG,0.5,1,250,19/08/2022,Cash,20/08/2022 19:41:03,
3be9d5b4,693f302f,KG,0.25,2,80,19/08/2022,Cash,20/08/2022 19:42:03,
2a7c977a,06a4d298,KG,3,1,270,19/08/2022,Cash,20/08/2022 19:43:54,
20c13e0c,38488d62,KG,1,5,225,19/08/2022,Cash,20/08/2022 19:44:53,
e608b2b7,2f5f74e8,Piece,1,1,25,19/08/2022,Cash,20/08/2022 19:45:20,
ee6b8210,ee72568a,Piece,1,1,50,19/08/2022,Cash,20/08/2022 19:45:45,
ede85649,9efdfdb6,KG,35,1,1470,19/08/2022,Cash,20/08/2022 19:46:16,
b39b6e64,2c4d95ef,KG,0.25,1,40,19/08/2022,Cash,20/08/2022 19:47:16,
6874184c,fcd75bd5,Piece,1,2,20,19/08/2022,Cash,20/08/2022 19:48:03,
711d4bfd,fb9ea07d,Piece,1,1,20,19/08/2022,Cash,20/08/2022 19:49:09,
d2f13606,ee4c7cc6,Piece,1,1,140,19/08/2022,Cash,20/08/2022 19:49:49,
795efc95,38488d46,Liter,2,1,95,19/08/2022,Cash,20/08/2022 19:50:33,
c7533de0,38488d58,KG,1,1,160,19/08/2022,Cash,20/08/2022 19:51:51,
3e2a2b50,38488d59,KG,0.5,1,80,19/08/2022,Cash,20/08/2022 19:53:17,
f83cbe7b,38488d64,KG,0.5,1,40,19/08/2022,Cash,20/08/2022 19:53:47,
e127a7e7,38488d32,Liter,1,2,102,20/08/2022,Cash,20/08/2022 20:21:48,
a4c576c3,38488d33,KG,1.25,2,120,20/08/2022,Cash,20/08/2022 20:22:10,
ae1c71e2,38488d38,KG,0.6,1,45,20/08/2022,Cash,20/08/2022 20:22:57,
4f04f13a,38488d34,KG,1,1,80,20/08/2022,Cash,20/08/2022 20:23:36,
d9cba6c5,38488d35,KG,1,1,60,20/08/2022,Cash,20/08/2022 20:23:58,
08cc9c67,38488d40,KG,0.25,1,30,20/08/2022,Cash,20/08/2022 20:25:03,
99a71dab,38488d36,KG,0.5,1,50,20/08/2022,Cash,20/08/2022 20:25:44,
7f4f4da3,a30cd5cc,Piece,1,15,225,20/08/2022,Cash,20/08/2022 20:40:10,
7063bb5f,c4721744,Piece,1,4,180,20/08/2022,Cash,20/08/2022 20:41:16,
df35a659,38488d80,KG,2,1,60,20/08/2022,Cash,20/08/2022 20:42:28,
9641780a,070c1507,Piece,1,4,60,20/08/2022,Cash,20/08/2022 20:48:32,
6c1b73c2,5ad61e4e,KG,2,1,90,20/08/2022,Cash,20/08/2022 20:50:41,
1b960a04,a31d5abb,KG,0.25,1,30,20/08/2022,Cash,20/08/2022 21:21:03,
36c79281,38488d32,Liter,1,2,102,21/08/2022,Cash,21/08/2022 20:43:27,
d680962f,38488d37,KG,1,1,40,21/08/2022,Cash,21/08/2022 20:44:13,
2a8100b2,38488d35,KG,0.5,1,40,21/08/2022,Cash,21/08/2022 20:45:01,
005ff390,1870042c,KG,7,1,210,21/08/2022,Cash,21/08/2022 20:46:18,
bc8cb6cb,2bdbfdb6,KG,1.25,1,125,21/08/2022,Cash,21/08/2022 20:47:14,
7a6d2ba4,38488d32,KG,0.5,4,104,21/08/2022,Cash,21/08/2022 20:47:56,
58012270,859c1eff,Piece,1,1,100,21/08/2022,Cash,21/08/2022 20:50:31,
6d126d3b,38488d38,KG,0.4,4,90,21/08/2022,Cash,21/08/2022 20:51:24,
69975455,a31d5abb,KG,0.5,1,30,21/08/2022,Cash,21/08/2022 20:52:52,
f55a8a8a,38488d32,Liter,1,2,102,22/08/2022,Cash,22/08/2022 20:35:47,
bdbc0d4e,38488d38,KG,0.4,4,80,22/08/2022,Cash,22/08/2022 20:36:11,
6e93b06b,38488d48,KG,1,1,69,22/08/2022,Cash,22/08/2022 20:36:42,
e1297c9c,38488d72,KG,0.25,1,40,22/08/2022,Cash,22/08/2022 20:37:32,
43024afc,38488d32,KG,0.5,2,52,22/08/2022,Cash,22/08/2022 20:43:23,
b151de83,38488d48,KG,0.2,1,17,22/08/2022,Cash,22/08/2022 20:43:49,
26fd601d,38488d32,Liter,1,4,204,23/08/2022,Cash,23/08/2022 17:56:47,
a3c457c8,38488d48,KG,1,3,207,23/08/2022,Cash,23/08/2022 17:57:35,
ff11d5ef,38488d47,KG,5,1,110,23/08/2022,Cash,23/08/2022 17:58:17,
4bba2ca3,38488d72,KG,0.5,1,60,23/08/2022,Cash,23/08/2022 17:58:54,
06eadfb4,8ef238fe,KG,1,3,1110,23/08/2022,Cash,23/08/2022 17:59:28,
3681c9e0,8292d135,Piece,1,1,20,23/08/2022,Cash,23/08/2022 18:02:27,
adbed221,38488d82,KG,1,1,70,23/08/2022,Cash,23/08/2022 21:35:38,
74d95f26,38488d57,KG,4,1,120,23/08/2022,Cash,23/08/2022 21:37:01,
8beaa393,7cfdeddd,KG,0.5,1,50,23/08/2022,Cash,23/08/2022 21:45:14,
8bf15c4c,38488d63,KG,2.5,5,50,23/08/2022,Cash,23/08/2022 21:47:46,
7d3e8665,e9fd60e0,Piece,1,12,50,23/08/2022,Cash,23/08/2022 21:49:52,
867f22dd,2bdbfdb7,Piece,1,15,240,23/08/2022,Cash,23/08/2022 21:51:26,
65e1c740,b011f24c,KG,2,1,100,23/08/2022,Cash,23/08/2022 21:52:54,
18cf12d1,38488d38,KG,0.6,1,45,23/08/2022,Cash,23/08/2022 21:55:38,
00371ee8,38488d69,KG,0.25,1,110,23/08/2022,Cash,23/08/2022 21:56:10,
9bf2168d,e1ef92b5,Piece,1,12,60,23/08/2022,Cash,23/08/2022 21:57:00,
4241c6cd,2f5f74e8,Piece,1,2,85,23/08/2022,Cash,23/08/2022 21:59:44,
9ebc3f67,fcd75bd5,Piece,1,2,20,23/08/2022,Cash,23/08/2022 22:00:47,
8781ab5d,90c11f52,Piece,1,5,70,23/08/2022,Cash,23/08/2022 23:33:59,
39611747,38488d32,Liter,1,2,102,24/08/2022,Cash,24/08/2022 19:04:23,
786b3b03,38488d43,KG,1,1,48,24/08/2022,Cash,24/08/2022 20:02:12,
29a949fe,1870042c,KG,5,1,150,24/08/2022,Cash,24/08/2022 20:02:58,
80578037,38488d34,KG,250,1,30,24/08/2022,Cash,24/08/2022 20:08:16,
5d861a5a,38488d71,KG,1,1,30,24/08/2022,Cash,24/08/2022 20:10:01,
efa7592a,38488d35,KG,250,1,20,24/08/2022,Cash,24/08/2022 20:10:42,
b0449c5e,38488d84,KG,500,1,20,24/08/2022,Cash,24/08/2022 20:11:10,
31c79337,38488d70,Piece,12,6,180,24/08/2022,Cash,24/08/2022 20:19:20,
7133f749,d1173b26,Piece,1,2,20,24/08/2022,Cash,24/08/2022 20:58:49,
e1b03242,38488d32,Liter,0.5,3,78,25/08/2022,Cash,25/08/2022 19:52:46,
69f8764a,38488d38,KG,0.6,3,135,25/08/2022,Cash,25/08/2022 19:54:01,
a577c34f,38488d54,KG,5,1,165,25/08/2022,Cash,25/08/2022 19:55:20,
4c93b3d2,51d017a1,KG,0.25,1,90,25/08/2022,Cash,25/08/2022 19:56:35,
d975a4d5,b011f24c,KG,1.5,1,120,25/08/2022,Cash,25/08/2022 22:13:03,
a4eb8f3c,88eedc92,KG,0.18,1,108,25/08/2022,Cash,25/08/2022 22:14:51,
b7152554,36d8d1b3,KG,1,1,35,25/08/2022,Cash,25/08/2022 22:16:51,
b049936b,3a2e4d70,Piece,1,1,110,25/08/2022,Cash,25/08/2022 22:21:26,
b5a893c9,ed041292,Piece,1,1,520,25/08/2022,Cash,25/08/2022 23:16:08,
0f0d330e,38488d32,Liter,1,2,102,26/08/2022,Cash,26/08/2022 19:39:36,
02942ffa,38488d43,KG,1500,1,25,26/08/2022,Cash,26/08/2022 19:40:03,
d7803f26,1870042c,KG,5,1,150,26/08/2022,Cash,26/08/2022 19:43:55,
973f3128,38488d47,KG,12,1,270,26/08/2022,Cash,26/08/2022 19:44:27,
b7f7bb86,38488d62,KG,1,4,180,26/08/2022,Cash,26/08/2022 19:45:34,
aa81f0ec,2f5f74e8,Piece,1,1,25,26/08/2022,Cash,26/08/2022 19:48:02,
ea4fc5a5,2c4d95ef,KG,250,1,35,26/08/2022,Cash,26/08/2022 19:49:02,
1acd412d,38488d57,KG,250,1,10,26/08/2022,Cash,26/08/2022 19:54:36,
f79f9ec2,38488d63,KG,1,2,40,26/08/2022,Cash,26/08/2022 19:56:40,
52b04027,ce05468e,KG,100,1,10,26/08/2022,Cash,26/08/2022 19:57:27,
e7910c83,e9fd60e0,Piece,1,12,50,26/08/2022,Cash,26/08/2022 19:58:40,
4fba070d,fb9ea07d,KG,100,1,10,26/08/2022,Cash,26/08/2022 19:59:35,
f4c9bb22,38488d76,Piece,1,6,20,26/08/2022,Cash,26/08/2022 23:09:43,
902b0127,e08118c7,KG,500,1,55,26/08/2022,Cash,26/08/2022 23:24:52,
643ad6b3,38488d32,Liter,1,2,102,27/08/2022,Cash,27/08/2022 19:05:50,
9343d009,38488d50,KG,0.5,1,20,27/08/2022,Cash,27/08/2022 19:06:17,
3a586c0a,38488d48,KG,1,2,138,27/08/2022,Cash,27/08/2022 19:06:55,
d5d3444a,38488d68,KG,0.5,1,70,27/08/2022,Cash,27/08/2022 19:07:50,
f89ef19c,38488d38,KG,0.6,2,90,27/08/2022,Cash,27/08/2022 19:10:11,
d7d09c03,38488d84,KG,1.5,1,60,27/08/2022,Cash,27/08/2022 19:11:33,
12a21d8b,c6b9c540,KG,0.5,1,65,27/08/2022,Cash,27/08/2022 19:12:34,
0ae2e7a5,5b074625,KG,0.5,1,55,27/08/2022,Cash,27/08/2022 19:22:53,
6cf2bbf2,1c8c560e,KG,0.1,1,20,27/08/2022,Cash,27/08/2022 19:23:58,
cd0a54a0,38488d76,Piece,1,1,80,27/08/2022,Cash,27/08/2022 19:25:06,
0658390f,38488d32,Liter,1,2,102,28/08/2022,Cash,28/08/2022 19:59:16,
e6279361,38488d48,KG,1,1,69,28/08/2022,Cash,28/08/2022 20:00:37,
8fe1e030,38488d36,KG,0.5,1,40,28/08/2022,Cash,28/08/2022 20:01:39,
2bd5f29e,38488d47,KG,15,1,330,28/08/2022,Cash,28/08/2022 20:02:26,
ab538147,fcd75bd5,Piece,1,2,20,28/08/2022,Cash,28/08/2022 20:03:26,
dac72ec1,2bdbfdb6,KG,1.25,1,125,28/08/2022,Cash,28/08/2022 20:04:13,
be7d998d,38488d53,KG,1,1,24,28/08/2022,Cash,28/08/2022 20:04:59,
1fa017a8,3095f6ad,KG,2,1,88,28/08/2022,Cash,28/08/2022 20:05:28,
01a37572,a31d5abb,KG,0.75,2,50,28/08/2022,Cash,28/08/2022 20:06:28,
9bc3b907,38488d32,KG,0.5,4,104,28/08/2022,Cash,28/08/2022 21:50:15,
fa6e0baa,38488d32,Liter,1,2,102,29/08/2022,Cash,29/08/2022 20:49:18,
534cc66e,38488d38,KG,0.4,6,135,29/08/2022,Cash,29/08/2022 20:50:18,
0993dc11,364c4110,KG,1,2,65,29/08/2022,Cash,29/08/2022 20:52:14,
aed33cba,38488d48,KG,1,1,69,29/08/2022,Cash,29/08/2022 20:53:55,
81b3821c,1870042c,KG,5,1,150,29/08/2022,Cash,29/08/2022 20:55:27,
fd46db54,38488d36,KG,0.5,1,40,29/08/2022,Cash,29/08/2022 20:56:20,
6976b056,38488d50,KG,1.25,1,50,29/08/2022,Cash,29/08/2022 20:56:50,
27e25ee4,38488d71,KG,2.5,1,80,29/08/2022,Cash,29/08/2022 20:57:48,
b589423e,38488d37,KG,0.5,1,30,29/08/2022,Cash,29/08/2022 20:58:16,
b9520b3a,38488d34,KG,0.25,1,30,29/08/2022,Cash,29/08/2022 20:58:51,
79778be4,38488d80,KG,1.5,1,60,29/08/2022,Cash,29/08/2022 20:59:16,
4f646a30,38488d75,Piece,1,2,20,29/08/2022,Cash,29/08/2022 21:01:09,
92162df6,38488d32,Liter,1,2,102,30/08/2022,Cash,30/08/2022 18:33:08,
8e3c57cb,3095f6ad,KG,5,1,200,30/08/2022,Cash,30/08/2022 18:48:14,
5bd41901,38488d38,KG,0.6,2,90,30/08/2022,Cash,30/08/2022 18:49:55,
59287fa8,c39b54f2,KG,0.25,1,30,30/08/2022,Cash,30/08/2022 18:50:45,
e6417178,89c87d59,KG,0.1,1,100,30/08/2022,Cash,30/08/2022 19:04:23,
b5a0f7bc,69aae98a,KG,0.1,1,120,30/08/2022,Cash,30/08/2022 19:08:10,
47c730e8,38488d53,KG,1,5,120,30/08/2022,Cash,30/08/2022 19:09:45,
8f3a9d6e,38488d50,KG,2,1,80,30/08/2022,Cash,30/08/2022 19:39:11,
a1a13d65,38488d51,KG,1,1,300,30/08/2022,Cash,30/08/2022 19:40:06,
78f2eb51,2bdbfdb7,Piece,1,10,150,30/08/2022,Cash,30/08/2022 19:41:01,
a4b7fdcb,8adbb5f7,KG,1,1,60,30/08/2022,Cash,30/08/2022 19:42:10,
6730bd98,38488d69,KG,0.25,1,110,30/08/2022,Cash,30/08/2022 19:43:16,
dc28aa67,b011f24c,KG,2,1,100,30/08/2022,Cash,30/08/2022 19:44:11,
ddb5ae68,38488d34,KG,1,1,60,30/08/2022,Cash,30/08/2022 22:04:46,
3c7c00cf,38488d82,KG,0.5,1,20,30/08/2022,Cash,30/08/2022 22:05:07,
88bd7e04,38488d57,KG,4,1,110,30/08/2022,Cash,30/08/2022 22:05:30,
078ac746,38488d63,KG,2.5,4,50,30/08/2022,Cash,30/08/2022 22:06:02,
abafc0da,38488d84,KG,2,1,60,30/08/2022,Cash,30/08/2022 22:06:54,
4b03c747,7cfdeddd,KG,0.5,1,50,30/08/2022,Cash,30/08/2022 22:07:29,
9052a2e0,e9fd60e0,Piece,1,12,40,30/08/2022,Cash,30/08/2022 22:08:02,
87185ebf,38488d32,Liter,1,2,102,31/08/2022,Cash,31/08/2022 20:01:50,
f97ce10b,1870042c,KG,5,1,150,31/08/2022,Cash,31/08/2022 20:03:26,
864c0cc1,38488d36,KG,0.5,1,30,31/08/2022,Cash,31/08/2022 20:03:44,
41747090,38488d48,KG,1,2,138,31/08/2022,Cash,31/08/2022 20:04:21,
e8f67838,38488d58,KG,0.5,1,80,31/08/2022,Cash,31/08/2022 20:05:06,
ed3ddf74,38488d60,KG,0.5,1,80,31/08/2022,Cash,31/08/2022 20:05:53,
d5dc875e,38488d72,KG,0.5,1,60,31/08/2022,Cash,31/08/2022 20:06:36,
39fd4107,38488d32,KG,0.5,4,104,31/08/2022,Cash,31/08/2022 20:07:52,
9dcd19ef,acd1b7b2,KG,0.25,1,85,31/08/2022,Cash,31/08/2022 20:09:15,
d1498de2,38488d75,KG,0.4,3,195,31/08/2022,Cash,31/08/2022 20:09:56,
a038a02a,b32f2f36,KG,0.1,1,38,31/08/2022,Cash,31/08/2022 20:12:00,
2cf8603e,38488d66,KG,1,1,60,31/08/2022,Cash,31/08/2022 20:13:20,
6cd91553,38488d32,Liter,1,3,153,01/09/2022,Cash,01/09/2022 20:15:55,
61b0b5e2,38488d43,KG,1,1,36,01/09/2022,Cash,01/09/2022 20:17:33,
b9a1c04d,38488d38,KG,0.6,2,90,01/09/2022,Cash,01/09/2022 20:18:23,
bc5b880d,15ed5402,KG,1,1,95,01/09/2022,Cash,01/09/2022 20:19:13,
72731628,ed69c25d,Piece,1,1,30,01/09/2022,Cash,01/09/2022 20:20:00,
d74e9fbf,38488d32,Liter,1,3,153,02/09/2022,Cash,02/09/2022 19:18:52,
cef035cf,38488d37,KG,1,1,50,02/09/2022,Cash,02/09/2022 19:19:26,
d30aefbd,38488d35,KG,0.5,1,30,02/09/2022,Cash,02/09/2022 19:20:31,
628d0069,38488d34,KG,0.25,1,30,02/09/2022,Cash,02/09/2022 19:21:01,
d3ea77e9,38488d38,KG,0.6,1,45,02/09/2022,Cash,02/09/2022 19:21:31,
35b52ef6,1870042c,KG,5,1,150,02/09/2022,Cash,02/09/2022 19:23:23,
e290503c,38488d63,KG,1,2,30,02/09/2022,Cash,02/09/2022 19:24:16,
38781069,38488d57,KG,0.25,1,10,02/09/2022,Cash,02/09/2022 19:25:14,
adf29b07,ce05468e,KG,0.1,1,20,02/09/2022,Cash,02/09/2022 19:25:51,
e7bdf549,38488d62,KG,1,4,180,02/09/2022,Cash,02/09/2022 19:26:25,
52c24a7e,2f5f74e8,Piece,1,1,25,02/09/2022,Cash,02/09/2022 19:27:01,
6adcc2bd,38488d79,Piece,1,12,120,02/09/2022,Cash,02/09/2022 19:27:27,
705a773c,7987abff,KG,0.1,1,20,02/09/2022,Cash,02/09/2022 19:28:12,
2286c294,c39b54f2,KG,1,1,100,02/09/2022,Cash,02/09/2022 19:32:55,
24cbb05a,d2feae0c,Piece,1,1,100,02/09/2022,Cash,02/09/2022 19:37:50,
a2440f3b,38488d56,Piece,1,2,200,02/09/2022,Cash,02/09/2022 19:59:10,
98a09205,38488d32,Liter,1,2,102,02/09/2022,Cash,02/09/2022 20:05:16,
b1ddbb75,38488d68,KG,0.5,1,70,03/09/2022,Cash,03/09/2022 20:25:38,
8974f75e,38488d34,KG,0.25,1,30,03/09/2022,Cash,03/09/2022 20:26:33,
439f8cc3,63d5aa69,Piece,1,1,20,03/09/2022,Cash,03/09/2022 20:27:03,
65f96964,c4721744,Piece,1,2,100,03/09/2022,Cash,03/09/2022 20:29:08,
1316d9e5,070c1507,Piece,1,3,90,03/09/2022,Cash,03/09/2022 20:30:06,
3b499bbd,9e80589b,KG,0.1,1,40,03/09/2022,Cash,03/09/2022 20:30:57,
1ddbca29,52cdaa61,KG,50,1,1360,03/09/2022,Cash,03/09/2022 20:33:44,
495ce08e,38488d32,Liter,1,3,153,04/09/2022,Cash,04/09/2022 20:37:24,
287a08a0,38488d50,KG,2,2,80,04/09/2022,Cash,04/09/2022 20:37:42,
cf90d024,a31d5abb,KG,0.5,1,40,04/09/2022,Cash,04/09/2022 20:38:03,
6e64bf89,38488d36,KG,0.5,1,40,04/09/2022,Cash,04/09/2022 20:39:06,
a18b4929,38488d72,KG,0.5,1,60,04/09/2022,Cash,04/09/2022 20:39:26,
66414493,38488d51,KG,1,1,300,04/09/2022,Cash,04/09/2022 20:41:55,
810599af,2bdbfdb6,KG,1,1,100,04/09/2022,Cash,04/09/2022 20:44:32,
843863be,38488d32,Liter,1,2,102,04/09/2022,Cash,04/09/2022 20:45:11,
198bbdf8,e9fd60e0,Piece,1,12,50,04/09/2022,Cash,04/09/2022 20:45:55,
e132ca6e,b011f24c,KG,1,1,80,04/09/2022,Cash,04/09/2022 20:46:23,
9b00e967,38488d78,KG,0.5,1,32,04/09/2022,Cash,04/09/2022 22:02:19,
a7cc22aa,49bab0db,Liter,2,1,50,04/09/2022,Cash,04/09/2022 22:10:32,
8f10214a,38488d32,Liter,1,3,153,05/09/2022,Cash,05/09/2022 20:34:25,
c30689c1,1870042c,KG,1,1,50,05/09/2022,Cash,05/09/2022 20:35:54,
7182be2a,38488d34,KG,0.25,1,20,05/09/2022,Cash,05/09/2022 20:36:59,
e342f5a7,38488d36,KG,0.508,1,40,05/09/2022,Cash,05/09/2022 20:37:19,
3f81f165,38488d37,KG,2,4,100,05/09/2022,Cash,05/09/2022 20:37:41,
90e62f25,38488d38,KG,0.6,4,200,05/09/2022,Cash,05/09/2022 20:38:30,
79016ff8,1870042c,KG,5,1,150,05/09/2022,Cash,05/09/2022 20:39:05,
3f66f960,38488d82,KG,0.5,1,60,05/09/2022,Cash,05/09/2022 20:39:48,
cf9b8681,38488d68,KG,1,1,120,05/09/2022,Cash,05/09/2022 20:41:03,
be756af4,38488d80,KG,1.5,1,60,05/09/2022,Cash,05/09/2022 20:41:34,
e49ab28f,38488d63,KG,2,3,50,05/09/2022,Cash,05/09/2022 20:44:57,
981b046d,38488d32,Liter,1,5,255,06/09/2022,Cash,06/09/2022 19:26:19,
da447347,e9913fc2,Piece,1,2,200,06/09/2022,Cash,06/09/2022 19:27:55,
9fdb24c3,38488d69,KG,0.25,1,110,06/09/2022,Cash,06/09/2022 21:50:23,
64400c80,38488d78,KG,2,1,100,06/09/2022,Cash,06/09/2022 21:51:07,
dbc0d7b1,fb323e8d,Piece,1,1,90,06/09/2022,Cash,06/09/2022 21:52:27,
898da62f,38488d33,KG,2,2,120,06/09/2022,Cash,06/09/2022 21:52:57,
b94f56d8,38488d35,KG,0.25,1,20,06/09/2022,Cash,06/09/2022 21:53:23,
e42c564f,38488d50,KG,1,1,50,06/09/2022,Cash,06/09/2022 21:53:48,
26786aa2,38488d57,KG,3.5,1,100,06/09/2022,Cash,06/09/2022 21:54:22,
3dcd2653,b011f24c,KG,2.5,1,100,06/09/2022,Cash,06/09/2022 21:55:02,
b6f12b32,38488d84,KG,1.5,1,30,06/09/2022,Cash,06/09/2022 21:56:00,
9b7693b0,0601c3cb,Piece,1,1,9,06/09/2022,Cash,06/09/2022 21:56:57,
e2dc9d5b,e9fd60e0,Piece,1,12,50,06/09/2022,Cash,06/09/2022 23:37:02,
52150573,38488d32,Liter,1,3,153,07/09/2022,Cash,07/09/2022 19:03:29,
24b7fd18,38488d48,KG,1,2,138,07/09/2022,Cash,07/09/2022 19:04:22,
655d5f92,becc6a8c,Piece,1,1,80,07/09/2022,Cash,07/09/2022 21:41:57,
fcf3738a,38488d34,KG,0.25,1,30,07/09/2022,Cash,07/09/2022 21:43:21,
df8463d0,9e80589b,KG,0.1,2,8,07/09/2022,Cash,07/09/2022 21:49:17,
f47c63e7,a1532c24,Piece,1,1,50,07/09/2022,Cash,07/09/2022 21:52:42,
b5bcee5a,38488d32,Liter,1,2,102,08/09/2022,Cash,08/09/2022 13:32:54,
cedcc5dd,38488d48,KG,1,1,69,08/09/2022,Cash,08/09/2022 13:34:00,
7b061990,1870042c,KG,3,1,120,08/09/2022,Cash,08/09/2022 13:34:32,
e1a9c980,38488d36,KG,0.5,1,40,08/09/2022,Cash,08/09/2022 13:36:28,
481b07f2,a31d5abb,KG,0.5,1,40,08/09/2022,Cash,08/09/2022 17:38:42,
2f7400f6,2bdbfdb7,Piece,1,12,120,08/09/2022,Cash,08/09/2022 17:40:01,
d1f7200d,acfc8632,KG,1.5,1,225,08/09/2022,Cash,08/09/2022 17:40:39,
85d87eae,38488d59,KG,0.5,1,80,08/09/2022,Cash,08/09/2022 17:42:06,
987d3afb,38488d60,KG,0.5,1,80,08/09/2022,Cash,08/09/2022 17:42:42,
afcb2e5d,3f5a9999,Liter,5,1,75,08/09/2022,Cash,08/09/2022 17:43:27,
c735783e,15880a38,Piece,1,5,150,08/09/2022,Cash,08/09/2022 22:55:53,
e5188021,fcd75bd5,Piece,1,2,20,08/09/2022,Cash,08/09/2022 23:00:03,
414fb2d9,38488d32,Liter,1,2,102,09/09/2022,Cash,09/09/2022 19:19:58,
d9a8cf42,38488d38,KG,0.6,2,100,09/09/2022,Cash,09/09/2022 19:20:34,
f1f7da62,38488d50,KG,1.5,1,60,09/09/2022,Cash,09/09/2022 19:21:27,
dffcf2e5,38488d82,KG,1.5,1,90,09/09/2022,Cash,09/09/2022 19:21:49,
3883870e,1870042c,KG,7,1,252,09/09/2022,Cash,09/09/2022 19:22:48,
181b075e,38488d36,KG,0.5,1,40,09/09/2022,Cash,09/09/2022 19:24:53,
abe098d1,38488d47,KG,15,1,330,09/09/2022,Cash,09/09/2022 19:25:34,
954919aa,7836518d,Piece,1,1,90,09/09/2022,Cash,09/09/2022 19:25:58,
a2be2cf4,a31d5abb,KG,1,1,50,09/09/2022,Cash,09/09/2022 19:26:53,
bd2a1460,7cfdeddd,KG,0.25,1,30,09/09/2022,Cash,09/09/2022 19:27:40,
7ee7aed8,38488d51,KG,1,1,300,09/09/2022,Cash,09/09/2022 19:28:56,
c7e0b684,38488d68,KG,1,1,120,09/09/2022,Cash,09/09/2022 19:29:41,
beead724,38488d32,Liter,1,2,102,10/09/2022,Cash,10/09/2022 19:49:45,
79a6d652,38488d48,KG,1,3,207,10/09/2022,Cash,10/09/2022 19:50:19,
7529ec72,38488d43,KG,1,2,40,10/09/2022,Cash,10/09/2022 19:52:10,
188662a7,38488d37,KG,1.5,2,70,10/09/2022,Cash,10/09/2022 19:52:53,
63812f62,38488d68,KG,0.5,1,70,10/09/2022,Cash,10/09/2022 19:54:38,
02e76daf,38488d38,KG,0.6,2,100,10/09/2022,Cash,10/09/2022 19:56:46,
17537d5c,38488d32,Liter,1,1,51,11/09/2022,Cash,11/09/2022 19:21:17,
3579c050,2bdbfdb6,KG,1,1,100,11/09/2022,Cash,11/09/2022 19:22:00,
3be0c2c7,0601c3cb,Piece,1,2,18,11/09/2022,Cash,11/09/2022 21:11:11,
39503982,38488d32,Liter,1,2,102,12/09/2022,Cash,12/09/2022 19:40:52,
e6c78df4,38488d38,KG,0.4,5,100,12/09/2022,Cash,12/09/2022 19:42:06,
531548bd,38488d38,KG,0.6,1,45,12/09/2022,Cash,12/09/2022 19:44:44,
221c13ba,acfc8632,KG,1,1,160,12/09/2022,Cash,12/09/2022 19:45:22,
94f25613,0d604b3e,KG,0.1,1,30,12/09/2022,Cash,12/09/2022 19:45:59,
5b6718ed,38488d34,KG,1,1,80,12/09/2022,Cash,12/09/2022 19:46:59,
e0742280,38488d72,KG,0.25,1,50,12/09/2022,Cash,12/09/2022 19:49:47,
dab61eb7,38488d36,KG,0.5,1,40,12/09/2022,Cash,12/09/2022 19:50:21,
865ba723,1870042c,KG,3,1,120,12/09/2022,Cash,12/09/2022 19:50:51,
0c5012f8,38488d32,Liter,1,2,102,12/09/2022,Cash,12/09/2022 19:51:47,
74192394,4fbec081,KG,0.5,1,45,12/09/2022,Cash,12/09/2022 19:52:06,
1f1c5e01,7836518d,Piece,1,1,10,12/09/2022,Cash,12/09/2022 19:56:57,
7de539e5,38488d32,Liter,1,5,255,13/09/2022,Cash,13/09/2022 19:37:46,
4d216eb6,38488d43,KG,1,1,50,13/09/2022,Cash,13/09/2022 19:38:58,
de1e0eb5,38488d51,KG,0.5,1,150,13/09/2022,Cash,13/09/2022 19:39:25,
2e6f3d38,38488d47,KG,35,1,700,13/09/2022,Cash,13/09/2022 19:40:35,
e57ece27,38488d38,KG,0.4,1,40,13/09/2022,Cash,13/09/2022 19:41:12,
a9ea9f61,38488d69,KG,0.25,1,110,13/09/2022,Cash,13/09/2022 19:41:40,
6c5db52e,38488d79,Piece,1,6,96,13/09/2022,Cash,13/09/2022 19:42:28,
5058fef3,38488d50,KG,1,1,50,13/09/2022,Cash,13/09/2022 19:43:02,
02e2a23b,38488d57,KG,3,1,100,13/09/2022,Cash,13/09/2022 19:43:37,
43b0be05,38488d63,KG,2,4,40,13/09/2022,Cash,13/09/2022 19:44:16,
e6b3a806,b011f24c,KG,2.5,1,130,13/09/2022,Cash,13/09/2022 19:45:01,
33018326,52cdaa61,KG,50,1,1360,13/09/2022,Cash,13/09/2022 19:48:39,
7da58bcf,5216a4fd,Piece,1,1,20,13/09/2022,Cash,13/09/2022 20:02:24,
344d0ed4,1870042c,KG,2.5,1,100,13/09/2022,Cash,13/09/2022 23:29:46,
b4ee47d6,e9fd60e0,Piece,1,12,60,13/09/2022,Cash,13/09/2022 23:36:12,
84681a24,38488d32,Liter,1,3,153,14/09/2022,Cash,14/09/2022 20:00:35,
2a074a8c,38488d48,KG,5,1,330,14/09/2022,Cash,14/09/2022 20:01:47,
e7e177fb,38488d50,KG,0.5,1,20,14/09/2022,Cash,14/09/2022 20:02:30,
9c3ac2c1,a92f80eb,KG,50,1,1000,14/09/2022,Cash,14/09/2022 20:09:30,
c030fc9b,38488d60,KG,0.5,1,80,14/09/2022,Cash,14/09/2022 20:37:29,
f012074c,38488d59,KG,0.5,1,80,14/09/2022,Cash,14/09/2022 20:38:13,
2f637c2c,38488d32,Liter,1,4,204,15/09/2022,Cash,15/09/2022 19:26:07,
9cd67f5f,38488d48,KG,1,1,69,15/09/2022,Cash,15/09/2022 19:26:53,
a476934d,1870042c,KG,7,1,300,15/09/2022,Cash,15/09/2022 19:27:16,
8c02ab4c,38488d57,KG,1.5,1,60,15/09/2022,Cash,15/09/2022 19:29:46,
cd7977f9,38488d72,KG,0.25,1,50,15/09/2022,Cash,15/09/2022 19:30:29,
2481a63c,38488d36,KG,1,1,60,15/09/2022,Cash,15/09/2022 19:32:26,
0d5b7bb9,a31d5abb,KG,1,1,60,15/09/2022,Cash,15/09/2022 19:32:53,
c67878ab,38488d82,KG,0.5,1,30,15/09/2022,Cash,15/09/2022 19:34:05,
f8b9c303,acd1b7b2,KG,0.25,1,85,15/09/2022,Cash,15/09/2022 19:34:44,
124035d2,89c87d59,KG,0.1,1,70,15/09/2022,Cash,15/09/2022 19:35:58,
db910096,3095f6ad,KG,5,1,195,15/09/2022,Cash,15/09/2022 19:38:59,
9f9154d8,0601c3cb,Piece,1,2,18,15/09/2022,Cash,15/09/2022 19:39:47,
1e9ab777,524a0b85,Piece,1,2,20,15/09/2022,Cash,15/09/2022 19:41:26,
60eb3185,88eedc92,KG,0.25,1,70,15/09/2022,Cash,15/09/2022 19:42:24,
f68721e9,38488d32,Liter,1,3,153,16/09/2022,Cash,16/09/2022 20:44:37,
d2ae359d,7cfdeddd,KG,0.25,1,50,16/09/2022,Cash,16/09/2022 20:44:57,
1172cd14,38488d54,KG,6,1,192,16/09/2022,Cash,16/09/2022 20:57:54,
7eefaf3d,38488d53,KG,1,5,130,16/09/2022,Cash,16/09/2022 20:58:29,
57fc2ea2,8ef238fe,KG,1,3,1140,16/09/2022,Cash,16/09/2022 20:59:14,
c0485936,2a655ddc,KG,0.1,1,25,16/09/2022,Cash,16/09/2022 21:17:35,
e9b044e0,0601c3cb,KG,0.1,1,90,16/09/2022,Cash,16/09/2022 21:24:09,
8ef1c9c2,38488d32,Liter,1,3,153,17/09/2022,Cash,17/09/2022 20:29:44,
67ecd65b,38488d48,KG,1.5,2,101,17/09/2022,Cash,17/09/2022 20:30:03,
1c62cce2,38488d43,KG,1,1,50,17/09/2022,Cash,17/09/2022 20:31:01,
2c0f3eff,ce05468e,KG,0.01,1,10,17/09/2022,Cash,17/09/2022 20:31:21,
d363cc80,1870042c,KG,5,1,180,17/09/2022,Cash,17/09/2022 20:33:41,
afe57c6e,a8c615c3,Piece,1,1,45,17/09/2022,Cash,17/09/2022 20:46:58,
05eb20a2,c6b9c540,KG,0.5,1,70,17/09/2022,Cash,17/09/2022 21:08:08,
c2bcf59e,5b074625,KG,0.5,1,70,17/09/2022,Cash,17/09/2022 21:09:47,
2d3f9d7f,38488d33,KG,1.5,2,120,17/09/2022,Cash,17/09/2022 23:31:09,
cb8b7127,38488d66,KG,2,1,120,17/09/2022,Cash,17/09/2022 23:31:52,
e202bbec,38488d68,KG,0.5,1,70,17/09/2022,Cash,17/09/2022 23:32:50,
968ced3e,785639d1,Piece,1,2,200,18/09/2022,Cash,18/09/2022 20:38:57,
5e26b506,38488d32,Liter,1,3,153,18/09/2022,Cash,18/09/2022 20:40:55,
78356d86,38488d50,KG,2.5,3,100,18/09/2022,Cash,18/09/2022 20:42:23,
04fa1402,38488d51,KG,1,1,300,18/09/2022,Cash,18/09/2022 20:43:16,
0f71d924,38488d38,Piece,1,4,40,18/09/2022,Cash,18/09/2022 20:45:04,
fe7302e8,38488d32,Liter,1,3,153,19/09/2022,Cash,19/09/2022 20:51:42,
98167cb9,38488d38,KG,0.4,7,146,19/09/2022,Cash,19/09/2022 20:52:25,
4d4ff82c,38488d63,KG,1,1,30,19/09/2022,Cash,19/09/2022 20:53:37,
0ca1e690,38488d48,KG,1,1,69,19/09/2022,Cash,19/09/2022 20:55:14,
e42ddf10,608e4a15,Piece,1,1,100,19/09/2022,Cash,19/09/2022 20:55:38,
cb4cb7db,38488d32,Liter,1,3,153,20/09/2022,Cash,20/09/2022 19:34:48,
03513de7,38488d38,KG,0.6,2,90,20/09/2022,Cash,20/09/2022 19:35:04,
84bb74f3,1870042c,KG,5,1,200,20/09/2022,Cash,20/09/2022 19:35:50,
8a9aebd2,b011f24c,KG,1,1,60,20/09/2022,Cash,20/09/2022 19:36:09,
eff6b8b4,e9fd60e0,Piece,1,12,60,20/09/2022,Cash,20/09/2022 19:37:21,
e356d967,38488d69,KG,0.25,1,110,20/09/2022,Cash,20/09/2022 19:38:04,
3bd5b4bd,38488d33,KG,2,4,120,20/09/2022,Cash,20/09/2022 21:58:52,
8fda9e7b,38488d57,KG,5,1,100,20/09/2022,Cash,20/09/2022 21:59:18,
77b7d67a,e9fd60e0,Piece,1,12,50,20/09/2022,Cash,20/09/2022 21:59:44,
cd6f61a1,b011f24c,KG,2,1,100,20/09/2022,Cash,20/09/2022 22:01:42,
0791b88f,38488d72,KG,0.25,1,30,20/09/2022,Cash,20/09/2022 22:02:43,
e414733f,a5ce3b91,Piece,1,2,170,20/09/2022,Cash,20/09/2022 22:04:03,
66b2d841,38488d32,Liter,1,3,153,21/09/2022,Cash,21/09/2022 16:50:06,
9cd905be,38488d48,KG,1,3,207,21/09/2022,Cash,21/09/2022 16:50:36,
71a75b17,38488d43,KG,1,1,50,21/09/2022,Cash,21/09/2022 16:51:06,
8a901698,15880a38,Piece,1,1,70,21/09/2022,Cash,21/09/2022 18:02:35,
704f0f65,7cfdeddd,KG,0.5,1,70,21/09/2022,Cash,21/09/2022 18:03:05,
a8744428,38488d35,KG,0.3,1,20,21/09/2022,Cash,21/09/2022 18:03:59,
760afe54,38488d37,KG,0.5,1,25,21/09/2022,Cash,21/09/2022 18:04:35,
c9ef6e96,38488d68,KG,1,1,120,21/09/2022,Cash,21/09/2022 18:05:14,
1240b904,38488d71,KG,1.5,1,40,21/09/2022,Cash,21/09/2022 18:05:46,
0252eab8,38488d70,Piece,12,7,245,21/09/2022,Cash,21/09/2022 18:06:34,
0b9bf134,064cc6e0,Piece,1,2,200,21/09/2022,Cash,21/09/2022 18:08:31,
40ddce78,38488d32,Liter,1,2,102,21/09/2022,Cash,21/09/2022 18:16:14,
ae1b7cd2,51d017a1,KG,0.25,1,100,21/09/2022,Cash,21/09/2022 18:17:12,
9a0bd68f,565c2ef2,KG,0.25,1,95,21/09/2022,Cash,21/09/2022 18:19:35,
08f9b3fb,38488d56,Piece,1,2,150,21/09/2022,Cash,21/09/2022 20:01:16,
63de8a02,38488d84,Piece,1,1,10,21/09/2022,Cash,21/09/2022 20:53:28,
ac4ffeb5,38488d76,Piece,1,1,70,21/09/2022,Cash,21/09/2022 23:20:14,
9bfce3b0,38488d32,Liter,1,3,153,22/09/2022,Cash,22/09/2022 19:19:09,
40260428,38488d50,KG,2,2,80,22/09/2022,Cash,22/09/2022 19:20:20,
8ce84f5d,1870042c,KG,2,1,90,22/09/2022,Cash,22/09/2022 19:21:33,
3eb1b5e8,38488d82,KG,0.5,1,30,22/09/2022,Cash,22/09/2022 19:23:23,
18003d72,52cdaa61,KG,50,1,1360,22/09/2022,Cash,22/09/2022 19:27:02,
84b84f85,1870042c,KG,5,1,200,22/09/2022,Cash,22/09/2022 20:13:53,
2c7c3296,af798478,Piece,1,1,25,22/09/2022,Cash,22/09/2022 20:14:22,
af5a3410,a8c615c3,Piece,1,1,45,22/09/2022,Cash,22/09/2022 20:40:17,
020ab00f,38488d70,Piece,6,4,80,22/09/2022,Cash,22/09/2022 22:13:31,
1ccc21d9,38488d32,Liter,1,3,153,23/09/2022,Cash,23/09/2022 19:44:37,
2c4ea571,38488d35,KG,1,1,60,23/09/2022,Cash,23/09/2022 19:44:55,
6a3f5a6c,38488d34,KG,0.25,1,20,23/09/2022,Cash,23/09/2022 19:45:32,
386dcef8,38488d60,KG,0.5,1,80,23/09/2022,Cash,23/09/2022 19:46:10,
bb1b0719,38488d57,KG,0.25,1,10,23/09/2022,Cash,23/09/2022 19:48:46,
6bfaa24f,38488d59,KG,0.5,1,80,23/09/2022,Cash,23/09/2022 19:49:23,
0a09a236,fb9ea07d,Piece,1,3,20,23/09/2022,Cash,23/09/2022 19:50:01,
b6477f07,38488d62,KG,1,7,315,23/09/2022,Cash,23/09/2022 19:51:01,
efc40e9e,2f5f74e8,Piece,1,1,30,23/09/2022,Cash,23/09/2022 19:51:43,
ca88b9f4,316fcd40,KG,2,1,100,23/09/2022,Cash,23/09/2022 19:52:12,
fe9dd004,ee72568a,Piece,1,1,50,23/09/2022,Cash,23/09/2022 19:52:40,
8b83fa87,2c4d95ef,KG,0.25,1,40,23/09/2022,Cash,23/09/2022 19:53:15,
d8e7e646,38488d63,KG,1,2,30,23/09/2022,Cash,23/09/2022 19:54:03,
2486c45c,ce05468e,Piece,1,1,10,23/09/2022,Cash,23/09/2022 19:54:38,
a219d103,070c1507,Piece,1,6,180,23/09/2022,Cash,23/09/2022 19:55:47,
2132aa9f,7987abff,KG,0.1,1,10,23/09/2022,Cash,23/09/2022 20:16:16,
4d840a77,e0ae4eda,KG,0.2,1,45,23/09/2022,Cash,23/09/2022 20:56:19,
27937b37,9e6ad656,KG,0.5,1,150,23/09/2022,Cash,23/09/2022 20:58:37,
1ccf0b19,38488d62,KG,1,4,180,23/09/2022,Cash,23/09/2022 22:03:04,
ee76c194,38488d32,Liter,1,3,153,24/09/2022,Cash,24/09/2022 19:55:39,
1f9a079b,38488d48,KG,1,1,69,24/09/2022,Cash,24/09/2022 19:56:53,
18a3149b,38488d33,KG,1,1,80,24/09/2022,Cash,24/09/2022 19:57:25,
e94c290e,1870042c,KG,5,1,200,24/09/2022,Cash,24/09/2022 19:57:45,
49282070,38488d35,KG,0.5,1,40,24/09/2022,Cash,24/09/2022 19:58:04,
abe5221d,38488d36,KG,0.5,1,40,24/09/2022,Cash,24/09/2022 19:58:49,
e34b133b,38488d34,KG,0.3,1,40,24/09/2022,Cash,24/09/2022 19:59:16,
9ebbdc96,38488d37,KG,1.25,3,65,24/09/2022,Cash,24/09/2022 19:59:54,
87e45eff,38488d72,KG,0.25,1,40,24/09/2022,Cash,24/09/2022 20:01:21,
125ce89d,38488d38,KG,0.6,2,90,24/09/2022,Cash,24/09/2022 20:02:18,
8dae8de3,38488d75,KG,0.4,3,195,24/09/2022,Cash,24/09/2022 20:02:50,
664be999,a30cd5cc,Piece,1,10,100,24/09/2022,Cash,24/09/2022 20:03:51,
4660b369,c4721744,Piece,1,4,120,24/09/2022,Cash,24/09/2022 20:04:32,
554246dd,38488d36,KG,1,1,60,24/09/2022,Cash,24/09/2022 20:05:22,
2b8d91eb,e326a5bc,KG,1,1,80,24/09/2022,Cash,24/09/2022 20:05:41,
850cbb39,7db874e1,KG,0.1,1,100,24/09/2022,Cash,24/09/2022 20:07:54,
0ed3eb0d,7836518d,Piece,1,1,170,24/09/2022,Cash,24/09/2022 20:12:36,
af405866,15880a38,Piece,1,2,60,24/09/2022,Cash,24/09/2022 20:16:01,
0457ba99,38488d32,Liter,1,4,204,25/09/2022,Cash,25/09/2022 20:19:26,
1911b618,38488d47,KG,10,1,220,25/09/2022,Cash,25/09/2022 20:22:13,
b8aaa922,38488d51,KG,1,1,300,25/09/2022,Cash,25/09/2022 20:23:19,
6d40fe49,38488d68,KG,1.5,1,180,25/09/2022,Cash,25/09/2022 20:23:49,
611dea98,a31d5abb,KG,0.5,1,40,25/09/2022,Cash,25/09/2022 20:24:33,
8271c4b1,ed69c25d,Piece,1,4,120,25/09/2022,Cash,25/09/2022 20:25:48,
954eeb5f,38488d81,KG,0.15,1,30,25/09/2022,Cash,25/09/2022 20:28:08,
11468589,38488d55,Piece,1,2,20,25/09/2022,Cash,25/09/2022 20:29:01,
4700fa2b,96715a96,KG,0.25,1,50,25/09/2022,Cash,25/09/2022 20:31:20,
655616ee,608e4a15,Piece,1,1,80,25/09/2022,Cash,25/09/2022 21:45:32,
972d8b00,e9fd60e0,Piece,1,24,100,25/09/2022,Cash,25/09/2022 21:46:19,
27991bb2,b011f24c,KG,2.5,1,150,25/09/2022,Cash,25/09/2022 21:46:59,
5de8b67d,38488d32,Liter,1,5,255,26/09/2022,Cash,26/09/2022 19:56:52,
00c13ac0,38488d48,KG,1,1,69,26/09/2022,Cash,26/09/2022 19:57:35,
9095c218,38488d72,KG,0.25,1,50,26/09/2022,Cash,26/09/2022 19:58:06,
177be8de,38488d82,KG,0.25,1,15,26/09/2022,Cash,26/09/2022 19:58:37,
23932b7e,acfc8632,KG,1,1,170,26/09/2022,Cash,26/09/2022 19:59:15,
0efe1508,fcd75bd5,KG,0.02,1,50,26/09/2022,Cash,26/09/2022 20:00:08,
8427b53d,4340a96c,KG,2,4,100,26/09/2022,Cash,26/09/2022 20:02:29,
66cf2b64,f938eda1,Piece,1,2,60,26/09/2022,Cash,26/09/2022 20:06:43,
37f702b0,7d6a877d,KG,0.25,2,80,26/09/2022,Cash,26/09/2022 20:16:56,
837c2f7b,e73a4f6b,Piece,1,2,20,26/09/2022,Cash,26/09/2022 21:48:02,
2b550157,38488d32,Liter,1,3,153,27/09/2022,Cash,27/09/2022 14:43:30,
7bc26b60,38488d35,KG,0.25,1,15,27/09/2022,Cash,27/09/2022 14:43:59,
26b8ed3a,38488d63,KG,2,4,40,27/09/2022,Cash,27/09/2022 14:45:02,
2bf509e7,38488d68,KG,0.5,1,70,27/09/2022,Cash,27/09/2022 14:45:36,
bfff491f,38488d72,KG,0.25,1,50,27/09/2022,Cash,27/09/2022 14:46:05,
ee1a86a5,7cfdeddd,KG,0.25,1,50,27/09/2022,Cash,27/09/2022 14:46:42,
1e3dfaff,1c8c560e,KG,0.1,1,20,27/09/2022,Cash,27/09/2022 14:48:27,
76005ef9,1870042c,KG,5,1,200,27/09/2022,Cash,27/09/2022 14:49:40,
9b4b805e,bf503910,Piece,1,1,40,27/09/2022,Cash,27/09/2022 22:17:05,
5d944818,3f5a9999,Liter,5,1,75,27/09/2022,Cash,27/09/2022 22:17:46,
f078823a,38488d69,KG,0.25,1,110,27/09/2022,Cash,27/09/2022 22:18:17,
218ca633,fb323e8d,Piece,1,2,80,27/09/2022,Cash,27/09/2022 22:18:47,
77a75c78,38488d33,KG,1,2,80,27/09/2022,Cash,27/09/2022 22:19:14,
3a4b1fce,38488d34,KG,1,1,80,27/09/2022,Cash,27/09/2022 22:20:10,
f3bff62f,38488d47,KG,10,1,180,27/09/2022,Cash,27/09/2022 22:20:27,
e284ed89,3ed563fc,Piece,1,10,300,27/09/2022,Cash,27/09/2022 22:21:06,
f5859298,524a0b85,Piece,1,12,100,27/09/2022,Cash,27/09/2022 22:22:22,
cb04feb1,38488d78,KG,1,2,80,27/09/2022,Cash,27/09/2022 22:23:48,
3a4fe633,b90116e1,Piece,1,2,40,27/09/2022,Cash,27/09/2022 22:25:16,
b97f7798,3095f6ad,KG,2,1,84,27/09/2022,Cash,27/09/2022 22:26:36,
0ca26e3e,2daa5bc6,Piece,1,15,75,27/09/2022,Cash,27/09/2022 22:28:46,
63ea69d1,38488d32,Liter,1,3,153,28/09/2022,Cash,28/09/2022 19:29:00,
13ae068a,38488d50,KG,0.5,1,25,28/09/2022,Cash,28/09/2022 19:29:23,
fd0996fb,38488d84,KG,1,1,60,28/09/2022,Cash,28/09/2022 19:30:08,
de42a9bd,38488d71,KG,1.5,1,45,28/09/2022,Cash,28/09/2022 19:31:59,
4f77560a,38488d43,KG,1,2,42,28/09/2022,Cash,28/09/2022 19:33:06,
13e9f674,38488d72,KG,0.5,1,60,28/09/2022,Cash,28/09/2022 19:33:40,
12751728,38488d82,KG,0.5,1,40,28/09/2022,Cash,28/09/2022 19:34:15,
6c7da487,a31d5abb,KG,0.5,1,30,28/09/2022,Cash,28/09/2022 19:34:51,
666d0e2b,38488d35,KG,0.25,1,10,28/09/2022,Cash,28/09/2022 19:35:32,
365dbfd7,7cfdeddd,KG,0.25,1,40,28/09/2022,Cash,28/09/2022 19:35:56,
5912d13c,38488d70,Piece,12,8,240,28/09/2022,Cash,28/09/2022 19:36:32,
4065ae64,a92f80eb,KG,50,1,1000,28/09/2022,Cash,28/09/2022 19:40:02,
3529685e,a8c615c3,Piece,1,1,55,28/09/2022,Cash,28/09/2022 19:40:50,
712118ab,38488d38,KG,0.6,1,45,28/09/2022,Cash,28/09/2022 19:45:30,
eeb1d0da,9e80589b,Piece,1,1,40,28/09/2022,Cash,28/09/2022 19:46:18,
dae86dcb,38488d56,Piece,1,2,130,28/09/2022,Cash,28/09/2022 23:22:14,
84d3ca4d,38488d32,Liter,1,3,153,29/09/2022,Cash,29/09/2022 19:56:29,
efd94b4d,e9fd60e0,Piece,1,12,50,29/09/2022,Cash,29/09/2022 19:57:59,
4d56fb84,b011f24c,KG,1,1,80,29/09/2022,Cash,29/09/2022 19:59:39,
8193a3cb,38488d70,Piece,6,3,60,29/09/2022,Cash,29/09/2022 20:00:25,
e1ad5853,38488d32,Liter,1,3,153,30/09/2022,Cash,30/09/2022 19:30:30,
00ecde23,38488d37,KG,1,2,60,30/09/2022,Cash,30/09/2022 19:32:13,
3d727105,38488d35,KG,0.5,1,40,30/09/2022,Cash,30/09/2022 19:33:07,
39e111db,2f5f74e8,Piece,1,1,30,30/09/2022,Cash,30/09/2022 19:33:53,
dfc5ad73,38488d62,KG,1,2,90,30/09/2022,Cash,30/09/2022 19:36:13,
d8cded88,38488d57,KG,0.25,1,10,30/09/2022,Cash,30/09/2022 19:36:33,
6bbb366c,38488d51,KG,0.5,1,150,30/09/2022,Cash,30/09/2022 19:37:07,
1b21b603,38488d38,KG,0.6,1,45,30/09/2022,Cash,30/09/2022 19:37:48,
ccadbdec,1870042c,KG,7,1,280,30/09/2022,Cash,30/09/2022 19:38:11,
8e6750d4,38488d63,KG,1,2,45,30/09/2022,Cash,30/09/2022 19:39:30,
e2e0d367,38488d36,KG,0.5,1,40,30/09/2022,Cash,30/09/2022 19:40:06,
79758aa2,ee72568a,Piece,1,2,40,30/09/2022,Cash,30/09/2022 19:40:56,
97f4ae33,38488d34,KG,0.25,1,30,30/09/2022,Cash,30/09/2022 23:13:15,
67ebf11b,0d604b3e,KG,0.5,1,100,30/09/2022,Cash,30/09/2022 23:13:49,
f7241058,d2feae0c,KG,0.05,1,100,30/09/2022,Cash,30/09/2022 23:14:56,
7a015baa,ce05468e,Piece,1,1,10,30/09/2022,Cash,30/09/2022 23:16:33,
70e55b54,a8c615c3,Piece,1,1,45,30/09/2022,Cash,30/09/2022 23:23:49,
4c49f3f6,38488d32,Liter,1,3,153,01/10/2022,Cash,01/10/2022 18:59:31,
cacd5fe5,38488d38,KG,0.6,2,90,01/10/2022,Cash,01/10/2022 19:00:09,
4747650b,8b22178e,KG,0.25,1,40,01/10/2022,Cash,01/10/2022 19:00:53,
38e98a63,38488d50,KG,1,1,60,01/10/2022,Cash,01/10/2022 19:02:32,
f4528b78,38488d47,KG,3,1,75,01/10/2022,Cash,01/10/2022 19:03:03,
e57159b4,52cdaa61,KG,50,1,1380,01/10/2022,Cash,01/10/2022 19:03:46,
083b25cf,5ad61e4e,KG,2,1,90,01/10/2022,Cash,01/10/2022 19:04:51,
c7a955a0,711640d2,Liter,0.1,1,80,01/10/2022,Cash,01/10/2022 21:42:45,
f964e997,ed69c25d,Piece,1,4,80,01/10/2022,Cash,01/10/2022 21:48:46,
43def23e,38488d32,Liter,1,4,204,02/10/2022,Cash,02/10/2022 21:17:53,
73df7cf4,38488d48,KG,1,3,207,02/10/2022,Cash,02/10/2022 21:18:55,
aebef934,38488d47,KG,10,1,220,02/10/2022,Cash,02/10/2022 21:20:26,
8e4b8842,38488d66,KG,2.5,1,150,02/10/2022,Cash,02/10/2022 21:21:07,
3b2f11d1,2bdbfdb6,KG,1,1,100,02/10/2022,Cash,02/10/2022 21:21:57,
8b76fda9,f0b3998d,Piece,1,3,100,02/10/2022,Cash,02/10/2022 23:34:59,
a649cd2a,38488d32,Liter,1,5,255,03/10/2022,Cash,03/10/2022 19:33:07,
1bb60d72,38488d33,KG,1,3,80,03/10/2022,Cash,03/10/2022 19:33:41,
70ec9eb7,38488d84,KG,1.5,5,90,03/10/2022,Cash,03/10/2022 19:34:17,
d110f0eb,38488d36,KG,0.5,1,35,03/10/2022,Cash,03/10/2022 19:34:46,
6139d17b,a31d5abb,KG,0.5,1,35,03/10/2022,Cash,03/10/2022 19:35:17,
bf204753,38488d72,KG,0.25,1,50,03/10/2022,Cash,03/10/2022 19:36:32,
21e59fd1,1870042c,KG,5,1,200,03/10/2022,Cash,03/10/2022 19:37:27,
6b172c34,38488d38,KG,0.6,1,45,03/10/2022,Cash,03/10/2022 19:37:48,
944006b9,38488d59,KG,0.5,1,80,03/10/2022,Cash,03/10/2022 19:38:36,
f7137939,38488d60,KG,0.5,1,80,03/10/2022,Cash,03/10/2022 19:39:07,
8c7d50b0,38488d66,KG,0.75,1,35,03/10/2022,Cash,03/10/2022 19:39:40,
12bd23b0,b011f24c,KG,0.5,4,50,03/10/2022,Cash,03/10/2022 19:41:58,
1f020d39,38488d68,KG,5,1,520,03/10/2022,Cash,03/10/2022 19:43:08,
eddc8276,38488d51,KG,1,1,300,03/10/2022,Cash,03/10/2022 19:45:16,
3a3bfd3e,38488d61,KG,100,1,50,03/10/2022,Cash,03/10/2022 21:30:10,
9b5dd6fb,38488d32,Liter,1,4,204,04/10/2022,Cash,04/10/2022 20:43:43,
71e9a04f,38488d33,KG,0.5,2,40,04/10/2022,Cash,04/10/2022 20:45:06,
b6395470,38488d34,KG,0.25,2,30,04/10/2022,Cash,04/10/2022 20:46:22,
8f47072f,38488d40,KG,0.25,30,30,04/10/2022,Cash,04/10/2022 20:46:57,
16706648,38488d35,KG,0.5,1,30,04/10/2022,Cash,04/10/2022 20:47:32,
d3ca0ec8,38488d51,KG,1.5,1,450,04/10/2022,Cash,04/10/2022 20:48:11,
a9532bfe,fcd75bd5,KG,0.02,1,50,04/10/2022,Cash,04/10/2022 20:49:35,
ab61d0c6,2f5f74e8,KG,0.25,2,65,04/10/2022,Cash,04/10/2022 20:51:34,
89b54c1a,38488d69,KG,0.25,1,110,04/10/2022,Cash,04/10/2022 20:59:33,
2cdc1011,38488d36,KG,1,1,50,04/10/2022,Cash,04/10/2022 21:00:13,
e2089a5d,7cfdeddd,KG,0.5,1,30,04/10/2022,Cash,04/10/2022 21:00:37,
e799050d,38488d82,KG,0.5,1,40,04/10/2022,Cash,04/10/2022 21:01:24,
fdf9d770,38488d32,Liter,1,4,204,05/10/2022,Cash,05/10/2022 20:09:27,
cc77b630,38488d48,KG,1,2,138,05/10/2022,Cash,05/10/2022 20:11:33,
5d84031b,38488d47,KG,5,1,120,05/10/2022,Cash,05/10/2022 20:12:12,
fed14de7,1870042c,KG,2,1,200,05/10/2022,Cash,05/10/2022 20:14:54,
4bd298dc,a31d5abb,KG,1,1,50,05/10/2022,Cash,05/10/2022 20:15:26,
d3d7df35,38488d81,KG,1,1,200,05/10/2022,Cash,05/10/2022 20:16:28,
c2d150d8,88eedc92,KG,0.1,1,40,05/10/2022,Cash,05/10/2022 20:17:39,
a636af06,38488d79,Piece,1,10,100,05/10/2022,Cash,05/10/2022 20:19:10,
b287ed6f,ce05a0dc,Piece,1,5,50,05/10/2022,Cash,05/10/2022 20:20:10,
359b05fb,38488d60,Piece,1,2,40,05/10/2022,Cash,05/10/2022 20:28:54,
edde2ab1,38488d32,Liter,1,3,153,06/10/2022,Cash,06/10/2022 18:41:31,
0afb0f0c,38488d63,KG,2.5,4,100,06/10/2022,Cash,06/10/2022 18:41:50,
24d6a008,064cc6e0,Piece,1,1,150,06/10/2022,Cash,06/10/2022 18:42:42,
066fac68,38488d84,KG,1,3,60,06/10/2022,Cash,06/10/2022 19:36:39,
e5e426f5,38488d32,Liter,1,3,153,07/10/2022,Cash,07/10/2022 19:24:09,
f06f21d3,38488d48,KG,1,1,69,07/10/2022,Cash,07/10/2022 19:24:27,
2f33c3ad,38488d43,KG,1,1,50,07/10/2022,Cash,07/10/2022 19:25:02,
91880d4a,38488d66,KG,2.5,1,150,07/10/2022,Cash,07/10/2022 19:26:01,
19615923,1870042c,KG,5,1,200,07/10/2022,Cash,07/10/2022 19:26:49,
c1d482f9,38488d72,KG,0.5,1,60,07/10/2022,Cash,07/10/2022 19:27:14,
3d22fb76,96715a96,KG,0.25,1,50,07/10/2022,Cash,07/10/2022 23:28:56,
bed71858,38488d32,Liter,1,3,153,08/10/2022,Cash,08/10/2022 19:43:35,
0127c4de,38488d48,KG,1,1,69,08/10/2022,Cash,08/10/2022 19:44:29,
7cb0a7c1,38488d34,KG,0.25,3,30,08/10/2022,Cash,08/10/2022 19:44:52,
407a5f95,38488d35,KG,0.25,1,20,08/10/2022,Cash,08/10/2022 19:45:25,
9d1f00d2,38488d37,KG,1,2,70,08/10/2022,Cash,08/10/2022 19:45:45,
4f6f689d,38488d38,KG,0.6,1,45,08/10/2022,Cash,08/10/2022 19:46:24,
70e3576b,38488d47,KG,5,1,125,08/10/2022,Cash,08/10/2022 19:47:01,
3caea7aa,38488d68,KG,0.5,1,70,08/10/2022,Cash,08/10/2022 19:47:48,
5c8fc4d6,38488d79,Piece,1,15,150,08/10/2022,Cash,08/10/2022 19:48:15,
f171e0f6,38488d84,KG,1,3,60,08/10/2022,Cash,08/10/2022 19:48:57,
c8596599,38488d50,KG,0.5,1,30,08/10/2022,Cash,08/10/2022 19:50:04,
30f54a5d,7836518d,Piece,1,1,60,08/10/2022,Cash,08/10/2022 21:25:55,
7cbb748f,0c53ef5a,KG,0.15,1,20,08/10/2022,Cash,08/10/2022 21:32:28,
14aa9fc3,38488d32,Liter,1,3,153,09/10/2022,Cash,09/10/2022 19:34:30,
f376942f,38488d33,KG,1.5,4,100,09/10/2022,Cash,09/10/2022 19:34:59,
522c7f71,38488d51,KG,1,1,300,09/10/2022,Cash,09/10/2022 19:37:38,
1ea53cd1,38488d32,Liter,3,1,144,09/10/2022,Cash,09/10/2022 21:05:36,
59b9646e,38488d32,Liter,1,3,153,10/10/2022,Cash,10/10/2022 18:21:09,
f44867f0,38488d37,KG,2,3,130,10/10/2022,Cash,10/10/2022 18:21:27,
9a413a12,38488d38,KG,0.6,2,90,10/10/2022,Cash,10/10/2022 18:22:21,
89fc93ea,c39b54f2,KG,0.5,1,65,10/10/2022,Cash,10/10/2022 18:23:14,
458e15e9,1870042c,KG,5,1,200,10/10/2022,Cash,10/10/2022 18:23:59,
96e58aa6,38488d36,KG,1,1,60,10/10/2022,Cash,10/10/2022 18:24:19,
8098217f,38488d47,KG,10,1,260,10/10/2022,Cash,10/10/2022 18:25:05,
5c80e022,38488d82,KG,1,1,100,10/10/2022,Cash,10/10/2022 18:25:42,
3bebaaf7,0601c3cb,Piece,1,6,50,10/10/2022,Cash,10/10/2022 18:26:24,
2c6bf87c,38488d59,KG,0.5,1,80,10/10/2022,Cash,10/10/2022 21:06:45,
68ad032b,38488d60,KG,0.5,1,80,10/10/2022,Cash,10/10/2022 21:07:22,
4de643ac,316fcd40,KG,2,1,120,10/10/2022,Cash,10/10/2022 21:08:49,
2143808a,38488d32,Liter,1,3,153,11/10/2022,Cash,11/10/2022 19:49:51,
ab1b9ddf,38488d50,KG,1.5,2,70,11/10/2022,Cash,11/10/2022 19:50:17,
28a66e6b,7cfdeddd,KG,0.25,1,40,11/10/2022,Cash,11/10/2022 19:50:57,
5f8ffd28,51d017a1,KG,0.1,1,40,11/10/2022,Cash,11/10/2022 19:51:38,
f0306ee5,7987abff,KG,0.25,1,30,11/10/2022,Cash,11/10/2022 21:02:01,
6de04f29,52cdaa61,KG,50,1,1400,11/10/2022,Cash,11/10/2022 21:03:32,
cd9322c2,96715a96,KG,0.25,2,100,11/10/2022,Cash,11/10/2022 21:06:17,
6d51900c,e3c0fff2,KG,0.5,1,40,11/10/2022,Cash,11/10/2022 21:09:34,
26317255,608e4a15,Piece,1,1,550,11/10/2022,Cash,11/10/2022 21:12:59,
46872870,38488d69,KG,0.25,1,110,11/10/2022,Cash,11/10/2022 21:13:45,
60fe4a8a,38488d32,Liter,1,1,51,11/10/2022,Cash,11/10/2022 21:14:22,
6652b142,38488d33,KG,2,4,80,11/10/2022,Cash,11/10/2022 22:13:08,
df7df204,7cfdeddd,KG,1,1,70,11/10/2022,Cash,11/10/2022 22:13:36,
6332a621,38488d38,KG,0.6,1,45,11/10/2022,Cash,11/10/2022 22:14:24,
f76f95c8,e9fd60e0,Piece,1,12,50,11/10/2022,Cash,11/10/2022 22:15:22,
05f27df5,b011f24c,KG,2,8,120,11/10/2022,Cash,11/10/2022 22:15:56,
a5c35969,38488d71,KG,3,2,60,11/10/2022,Cash,11/10/2022 22:16:54,
32390613,38488d72,KG,0.5,1,60,11/10/2022,Cash,11/10/2022 22:30:54,
807be51d,7211596c,Piece,12,1,100,11/10/2022,Cash,11/10/2022 23:36:49,
e8d6c78b,38488d32,Liter,1,3,153,12/10/2022,Cash,12/10/2022 19:51:55,
5649eed7,38488d35,KG,0.25,1,20,12/10/2022,Cash,12/10/2022 19:52:22,
64404f98,1870042c,KG,2,1,120,12/10/2022,Cash,12/10/2022 19:54:30,
5d6a828d,38488d71,KG,2,1,60,12/10/2022,Cash,12/10/2022 19:55:40,
488f3c7e,38488d34,KG,0.25,3,30,12/10/2022,Cash,12/10/2022 19:56:19,
ffa3733d,38488d70,KG,12,8,240,12/10/2022,Cash,12/10/2022 19:59:42,
e6cc8a76,aadb68ed,KG,0.25,1,70,12/10/2022,Cash,12/10/2022 20:41:23,
ab84489d,38488d84,KG,0.25,1,20,12/10/2022,Cash,12/10/2022 20:43:08,
d03b925c,38488d32,Liter,1,3,153,13/10/2022,Cash,13/10/2022 17:18:12,
1b0c45b4,38488d84,KG,1,1,60,13/10/2022,Cash,13/10/2022 17:18:29,
6163c6da,1870042c,KG,5,1,250,13/10/2022,Cash,13/10/2022 17:18:59,
333b83bc,38488d70,Piece,6,3,60,13/10/2022,Cash,13/10/2022 17:19:36,
67bf0f96,a92f80eb,KG,50,1,1200,13/10/2022,Cash,13/10/2022 17:20:40,
05427f05,dea6a6c9,Piece,1,1,150,13/10/2022,Cash,13/10/2022 17:21:01,
5a3fd277,dea6a6c9,Piece,1,1,130,13/10/2022,Cash,13/10/2022 17:26:06,
de0751dd,38488d43,KG,1,1,50,13/10/2022,Cash,13/10/2022 21:45:19,
00248d27,38488d32,Liter,1,3,153,14/10/2022,Cash,14/10/2022 19:13:07,
4c5029fd,38488d48,KG,1,2,138,14/10/2022,Cash,14/10/2022 19:18:56,
4e27ec62,38488d38,KG,0.6,1,45,14/10/2022,Cash,14/10/2022 19:19:30,
0afbdd2e,38488d72,KG,0.25,2,60,14/10/2022,Cash,14/10/2022 19:19:53,
23239f8b,38488d47,KG,10,1,260,14/10/2022,Cash,14/10/2022 19:21:10,
b4fe817a,8ef238fe,KG,1,2,780,14/10/2022,Cash,14/10/2022 19:26:46,
c6c370e7,8fe4d6eb,Piece,1,1,40,14/10/2022,Cash,14/10/2022 20:52:10,
145aba76,38488d32,Liter,1,2,102,15/10/2022,Cash,15/10/2022 20:07:28,
b0508532,818ce46b,KG,1,1,100,15/10/2022,Cash,15/10/2022 20:08:38,
d9361b39,31814ad8,Piece,1,2,240,15/10/2022,Cash,15/10/2022 20:10:34,
26e8808d,8b22178e,Piece,1,1,40,15/10/2022,Cash,15/10/2022 20:18:31,
32b5376b,38488d38,KG,0.6,1,45,15/10/2022,Cash,15/10/2022 23:18:12,
8eb3125c,38488d32,Liter,1,5,255,16/10/2022,Cash,16/10/2022 18:41:26,
9617fd8c,38488d50,KG,2,2,80,16/10/2022,Cash,16/10/2022 18:42:07,
d2b1110a,38488d51,KG,1,1,300,16/10/2022,Cash,16/10/2022 18:43:12,
b86373f9,2bdbfdb6,KG,1,1,100,16/10/2022,Cash,16/10/2022 18:43:47,
7662f62d,1870042c,KG,7,2,370,16/10/2022,Cash,16/10/2022 18:46:05,
0fba0127,38488d47,KG,10,1,280,16/10/2022,Cash,16/10/2022 18:46:36,
1ee3660a,38488d36,KG,1,1,100,16/10/2022,Cash,16/10/2022 18:47:11,
49ee3c8b,38488d72,KG,0.75,1,70,16/10/2022,Cash,16/10/2022 18:47:41,
2c2561a2,a31d5abb,KG,2,1,100,16/10/2022,Cash,16/10/2022 18:48:15,
9761ced7,38488d82,KG,0.5,1,50,16/10/2022,Cash,16/10/2022 18:49:07,
b37f4136,38488d32,Liter,1,4,205,17/10/2022,Cash,17/10/2022 22:10:33,
077c85f6,38488d48,KG,1,1,69,17/10/2022,Cash,17/10/2022 22:11:38,
790f251c,38488d35,KG,0.25,1,20,17/10/2022,Cash,17/10/2022 22:12:19,
67813880,38488d38,KG,0.6,1,45,17/10/2022,Cash,17/10/2022 22:12:59,
609ba91e,e091ecdf,Piece,1,1,180,17/10/2022,Cash,17/10/2022 22:13:40,
f5821173,38488d32,Liter,1,4,204,18/10/2022,Cash,18/10/2022 22:20:43,
6e72fafd,38488d38,KG,0.4,8,170,18/10/2022,Cash,18/10/2022 22:21:46,
078306ba,4340a96c,KG,0.5,2,60,18/10/2022,Cash,18/10/2022 22:25:10,
c8db08f1,38488d33,KG,2,1,70,18/10/2022,Cash,18/10/2022 22:26:20,
747378c2,38488d34,KG,1.5,1,90,18/10/2022,Cash,18/10/2022 22:26:41,
3dc439a6,38488d72,KG,0.5,1,40,18/10/2022,Cash,18/10/2022 22:27:07,
d2384a92,38488d84,KG,1.5,1,100,18/10/2022,Cash,18/10/2022 22:27:41,
bd15730a,7cfdeddd,KG,1,1,50,18/10/2022,Cash,18/10/2022 22:28:24,
137a50d7,2f5f74e8,Piece,1,1,30,18/10/2022,Cash,18/10/2022 22:28:52,
43d4a66a,fcd75bd5,Piece,1,3,30,18/10/2022,Cash,18/10/2022 22:29:24,
994166a3,b011f24c,KG,2.5,1,100,18/10/2022,Cash,18/10/2022 22:29:52,
a2a863e8,38488d51,KG,0.5,1,150,18/10/2022,Cash,18/10/2022 22:32:08,
6f12d60b,53b27eaf,KG,0.25,1,90,18/10/2022,Cash,18/10/2022 22:32:36,
36ccd855,38488d69,KG,0.25,1,110,18/10/2022,Cash,18/10/2022 22:33:10,
0091dee6,38488d84,KG,1.5,1,50,18/10/2022,Cash,18/10/2022 22:34:08,
84b0b6a1,3f5a9999,Liter,5,1,75,18/10/2022,Cash,18/10/2022 23:50:10,
401863aa,38488d32,Liter,1,3,153,19/10/2022,Cash,19/10/2022 20:44:24,
f78e42f9,1870042c,KG,2,1,100,19/10/2022,Cash,19/10/2022 20:45:49,
f99ec169,e9fd60e0,Piece,12,1,50,19/10/2022,Cash,19/10/2022 20:46:25,
88ce76a3,38488d43,KG,1,1,50,19/10/2022,Cash,19/10/2022 20:47:12,
bc4e9d01,16bca0b1,Piece,1,2,210,19/10/2022,Cash,19/10/2022 21:28:51,
5f97af9c,8b11b8d9,Piece,1,1,40,19/10/2022,Cash,19/10/2022 23:02:57,
ab2ce8d6,38488d32,Liter,1,3,153,20/10/2022,Cash,20/10/2022 21:46:31,
c70f8f0b,38488d48,KG,1,3,207,20/10/2022,Cash,20/10/2022 21:47:10,
17f9cb6e,a8c615c3,Piece,1,1,50,20/10/2022,Cash,20/10/2022 21:47:40,
b3b9016a,38488d48,KG,0.2,2,50,20/10/2022,Cash,20/10/2022 21:49:54,
0ec37d4c,38488d38,KG,0.6,1,45,20/10/2022,Cash,20/10/2022 21:51:04,
9d5e0710,1870042c,KG,5,1,250,20/10/2022,Cash,20/10/2022 21:51:31,
2ecb00b3,38488d72,KG,0.5,1,50,20/10/2022,Cash,20/10/2022 21:51:53,
d6da1a67,38488d82,KG,0.5,1,40,20/10/2022,Cash,20/10/2022 21:52:19,
4fe86546,8fe4d6eb,Piece,1,1,40,20/10/2022,Cash,20/10/2022 21:52:44,
67276b7a,38488d79,Piece,1,7,120,20/10/2022,Cash,20/10/2022 23:03:56,
56961bb8,3239911a,KG,2,1,200,20/10/2022,Cash,20/10/2022 23:06:08,
a5957bdf,a1532c24,KG,0.5,2,200,20/10/2022,Cash,20/10/2022 23:14:29,
683eda84,38488d32,Liter,1,3,153,21/10/2022,Cash,21/10/2022 19:42:12,
f5c5eec2,38488d47,KG,10,1,150,21/10/2022,Cash,21/10/2022 19:42:38,
7879de33,38488d37,KG,1,2,70,21/10/2022,Cash,21/10/2022 19:43:54,
a958aa93,0c53ef5a,KG,0.25,1,20,21/10/2022,Cash,21/10/2022 19:44:26,
c706aea2,38488d35,Liter,0.25,1,20,21/10/2022,Cash,21/10/2022 19:45:41,
02a02fbc,62a7bc04,Piece,1,1,200,21/10/2022,Cash,21/10/2022 19:47:17,
10fc31eb,38488d51,KG,0.5,1,150,21/10/2022,Cash,21/10/2022 22:41:28,
e86743ac,38488d38,KG,0.6,1,45,21/10/2022,Cash,21/10/2022 22:43:16,
a8a6bd01,1d9fc2aa,Piece,1,1,50,21/10/2022,Cash,21/10/2022 23:38:09,
f8294f6e,38488d32,Liter,1,4,204,22/10/2022,Cash,22/10/2022 20:07:04,
0d0dd2c9,38488d48,KG,1,1,69,22/10/2022,Cash,22/10/2022 20:09:01,
7fe4a9a0,38488d50,KG,1,1,40,22/10/2022,Cash,22/10/2022 20:10:13,
4e9cee5b,1870042c,KG,5,1,250,22/10/2022,Cash,22/10/2022 20:10:35,
88b37e47,42f6d331,Piece,1,1,100,22/10/2022,Cash,22/10/2022 20:17:52,
8121d881,38488d51,KG,0.5,1,150,22/10/2022,Cash,22/10/2022 20:23:29,
002d417e,38488d68,KG,1,1,120,22/10/2022,Cash,22/10/2022 20:26:27,
8b28c89d,6098bd6f,Piece,1,3,700,22/10/2022,Cash,22/10/2022 20:26:55,
2939bd14,38488d32,Liter,1,3,153,23/10/2022,Cash,23/10/2022 18:55:18,
f7e205f2,38488d48,KG,1,1,69,23/10/2022,Cash,23/10/2022 18:55:47,
3b4a4599,38488d38,KG,0.6,1,45,23/10/2022,Cash,23/10/2022 18:56:05,
41acb62c,38488d50,KG,1.5,1,75,23/10/2022,Cash,23/10/2022 18:57:30,
61bc5512,acfc8632,KG,1,1,170,23/10/2022,Cash,23/10/2022 18:59:43,
1ee12e01,38488d36,KG,0.5,1,40,23/10/2022,Cash,23/10/2022 19:00:38,
e0c3a3ed,e9fd60e0,Piece,12,2,120,23/10/2022,Cash,23/10/2022 19:57:37,
13f4caa3,b011f24c,KG,0.5,4,40,23/10/2022,Cash,23/10/2022 19:58:00,
4209995f,2bdbfdb6,KG,0.5,1,50,23/10/2022,Cash,23/10/2022 19:59:27,
d8e3ef67,38488d78,KG,1,1,65,23/10/2022,Cash,23/10/2022 20:04:14,
e2226c95,38488d32,Liter,1,3,153,24/10/2022,Cash,24/10/2022 20:10:19,
49513a4d,38488d47,KG,3,1,90,24/10/2022,Cash,24/10/2022 20:10:44,
e68692a4,321025f2,Piece,1,9,250,24/10/2022,Cash,24/10/2022 20:11:29,
97ff24ca,3095f6ad,KG,2,1,88,24/10/2022,Cash,24/10/2022 20:14:34,
407a32f6,38488d79,Piece,1,8,80,24/10/2022,Cash,24/10/2022 20:15:03,
3b59a038,306bc2cf,Piece,1,6,30,24/10/2022,Cash,24/10/2022 20:16:10,
2d39bb2a,38488d51,KG,0.5,1,150,24/10/2022,Cash,24/10/2022 20:17:45,
06326e5d,6b5d3659,KG,0.5,1,120,24/10/2022,Cash,24/10/2022 20:18:35,
4d8b0e9d,38488d46,Liter,0.5,1,40,24/10/2022,Cash,24/10/2022 20:19:22,
2a44160e,e70283ee,Piece,1,1,50,24/10/2022,Cash,24/10/2022 20:20:40,
4e13ee76,e9fd60e0,Piece,1,12,40,24/10/2022,Cash,24/10/2022 20:21:54,
b88d736b,38488d32,Liter,1,1,51,25/10/2022,Cash,25/10/2022 22:28:12,
3558fea3,38488d33,KG,3,1,90,25/10/2022,Cash,25/10/2022 22:29:39,
06b47822,1870042c,KG,2,1,100,25/10/2022,Cash,25/10/2022 22:30:23,
6f84e1e2,38488d72,KG,0.5,1,40,25/10/2022,Cash,25/10/2022 22:30:51,
0ba23e75,38488d47,KG,10,1,420,25/10/2022,Cash,25/10/2022 22:34:59,
6887dc52,38488d84,KG,2,1,70,25/10/2022,Cash,25/10/2022 22:35:38,
bbda7705,01a89f1a,Piece,1,1,20,25/10/2022,Cash,26/10/2022 18:18:10,
ffc841a4,38488d32,Liter,1,4,204,26/10/2022,Cash,26/10/2022 18:20:27,
8fb48df8,2f5f74e8,KG,0.35,2,100,26/10/2022,Cash,26/10/2022 18:21:05,
8e154aea,fcd75bd5,Piece,1,2,20,26/10/2022,Cash,26/10/2022 18:22:14,
012a9ca0,38488d32,Liter,1,3,153,27/10/2022,Cash,27/10/2022 21:26:49,
bddc127e,1870042c,KG,5,1,250,27/10/2022,Cash,27/10/2022 21:27:17,
aeee3a80,38488d51,KG,0.75,1,225,27/10/2022,Cash,27/10/2022 21:28:50,
a3f354d8,38488d32,Liter,1,3,153,28/10/2022,Cash,28/10/2022 18:59:59,
4e8c0a16,38488d84,KG,1,3,50,28/10/2022,Cash,28/10/2022 19:01:00,
5a11d8a0,38488d38,KG,0.6,1,45,28/10/2022,Cash,28/10/2022 19:02:13,
fb9fa404,4cb0d65e,Piece,1,1,50,28/10/2022,Cash,28/10/2022 19:03:29,
955cd73f,ebdfbcbd,Piece,1,1,50,28/10/2022,,28/10/2022 23:27:03,
d288fa5e,38488d32,Liter,1,3,153,29/10/2022,Cash,29/10/2022 13:32:04,
b1a977e5,38488d48,KG,1,1,69,29/10/2022,Cash,29/10/2022 13:32:49,
96469d7f,1870042c,KG,5,1,250,29/10/2022,Cash,29/10/2022 13:33:12,
1e9f84e5,38488d36,KG,0.25,1,20,29/10/2022,Cash,29/10/2022 13:33:34,
da33087a,38488d72,KG,0.5,1,20,29/10/2022,Cash,29/10/2022 13:34:02,
02d29df2,a31d5abb,KG,0.5,1,40,29/10/2022,Cash,29/10/2022 13:34:38,
20670af8,38488d82,KG,1,1,70,29/10/2022,Cash,29/10/2022 13:35:33,
ca0210f1,38488d33,KG,2,1,70,29/10/2022,Cash,29/10/2022 13:37:17,
147fc10c,8b22178e,KG,0.25,1,40,29/10/2022,Cash,29/10/2022 16:31:25,
8911682a,2c4d95ef,KG,0.25,1,45,29/10/2022,Cash,29/10/2022 16:32:40,
f1c6347b,2f5f74e8,Piece,1,1,35,29/10/2022,Cash,29/10/2022 16:33:13,
df7f61b3,38488d62,KG,1,4,180,29/10/2022,Cash,29/10/2022 16:33:51,
2602666d,ee72568a,Piece,1,1,50,29/10/2022,Cash,29/10/2022 16:34:30,
b1abacd8,38488d63,KG,1,2,40,29/10/2022,Cash,29/10/2022 16:36:07,
243d1fa8,38488d35,KG,0.25,1,25,29/10/2022,Cash,29/10/2022 16:38:03,
267c576a,38488d57,KG,0.25,1,20,29/10/2022,Cash,29/10/2022 16:38:32,
805c9dbd,fb9ea07d,KG,0.2,3,20,29/10/2022,Cash,29/10/2022 16:39:33,
1c6ed6b9,ce05468e,KG,0.05,1,10,29/10/2022,Cash,29/10/2022 16:40:35,
e1302e34,e015cd8b,KG,0.25,1,50,29/10/2022,Cash,29/10/2022 19:11:06,
ab67b814,38488d32,Liter,1,3,153,30/10/2022,Cash,30/10/2022 21:02:18,
1f42c8ba,38488d43,KG,1,1,50,30/10/2022,Cash,30/10/2022 21:04:17,
bd255b44,38488d38,KG,0.6,1,45,30/10/2022,Cash,30/10/2022 21:04:36,
873135af,38488d50,KG,1,1,50,30/10/2022,Cash,30/10/2022 21:05:09,
7e2be34f,38488d62,KG,1,2,90,30/10/2022,Cash,30/10/2022 21:05:48,
700e4e93,1c8c560e,KG,0.25,1,50,30/10/2022,Cash,30/10/2022 21:06:12,
2c4daf70,38488d51,KG,1,1,300,30/10/2022,Cash,30/10/2022 21:07:00,
619063d9,3095f6ad,KG,5,1,200,30/10/2022,Cash,30/10/2022 21:07:25,
74457517,52cdaa61,KG,50,1,1470,30/10/2022,Cash,30/10/2022 21:08:04,
e5b44b5f,38488d78,KG,0.5,1,35,30/10/2022,Cash,30/10/2022 21:09:17,
01b271f3,38488d32,Liter,1,3,153,31/10/2022,Cash,31/10/2022 18:48:30,
c096b7b5,38488d36,KG,0.5,1,40,31/10/2022,Cash,31/10/2022 18:49:57,
6c6671b3,38488d51,KG,0.75,1,225,31/10/2022,Cash,31/10/2022 18:50:45,
4be9c149,38488d68,KG,1,1,120,31/10/2022,Cash,31/10/2022 18:52:17,
29c07e5b,38488d59,KG,0.5,1,80,31/10/2022,Cash,31/10/2022 20:18:04,
62298883,38488d60,KG,0.5,1,80,31/10/2022,Cash,31/10/2022 20:19:21,
22398e5a,316fcd40,KG,2,1,120,31/10/2022,Cash,31/10/2022 20:20:26,
7275094e,38488d32,Liter,1,4,204,01/11/2022,Cash,01/11/2022 19:47:42,
de77ac23,38488d48,KG,1,1,69,01/11/2022,Cash,01/11/2022 19:48:06,
d63adb6f,38488d47,KG,5,1,200,01/11/2022,Cash,01/11/2022 19:48:29,
f6614217,1870042c,KG,5,1,200,01/11/2022,Cash,01/11/2022 19:49:09,
5ba85670,38488d63,KG,1,2,50,01/11/2022,Cash,01/11/2022 19:49:34,
8fefb683,38488d33,KG,4,1,160,01/11/2022,Cash,01/11/2022 21:49:02,
063059c4,38488d69,KG,0.25,1,110,01/11/2022,Cash,01/11/2022 21:49:43,
b277aa95,38488d84,KG,1.5,1,80,01/11/2022,Cash,01/11/2022 21:50:11,
d97c0654,38488d72,KG,0.5,1,20,01/11/2022,Cash,01/11/2022 21:51:25,
ee51ba7f,38488d56,Piece,1,2,160,01/11/2022,Cash,01/11/2022 23:17:40,
1187f0ae,38488d32,Liter,1,3,153,02/11/2022,Cash,02/11/2022 18:15:46,
9af30424,38488d48,KG,1,2,138,02/11/2022,Cash,02/11/2022 18:16:08,
99a22eb2,a92f80eb,KG,6,1,180,02/11/2022,Cash,02/11/2022 18:16:33,
1092764e,38488d50,KG,1,1,50,02/11/2022,Cash,02/11/2022 18:16:55,
5cf48cc5,38488d38,KG,0.6,1,45,02/11/2022,Cash,02/11/2022 18:17:28,
fc6f47d2,38488d35,KG,0.25,1,20,02/11/2022,Cash,02/11/2022 18:18:19,
801d6cbc,38488d37,KG,0.6,1,40,02/11/2022,Cash,02/11/2022 18:22:29,
9ed9eec6,38488d71,KG,1.5,1,45,02/11/2022,Cash,02/11/2022 18:23:37,
368cd72a,38488d70,Piece,12,10,350,02/11/2022,Cash,02/11/2022 18:24:31,
1aa34581,ed69c25d,Piece,1,1,30,02/11/2022,Cash,02/11/2022 19:21:12,
b97d6f62,38488d38,KG,0.6,1,45,02/11/2022,Cash,02/11/2022 19:22:16,
c88c90e7,7cfdeddd,KG,0.25,1,25,02/11/2022,Cash,02/11/2022 22:54:55,
a736d6e1,38488d32,Liter,1,3,153,03/11/2022,Cash,03/11/2022 15:58:32,
a2d95f41,38488d36,KG,1,1,100,03/11/2022,Cash,03/11/2022 15:58:54,
396a672b,38488d37,KG,2.5,5,90,03/11/2022,Cash,03/11/2022 15:59:46,
2595b277,1870042c,KG,5,1,170,03/11/2022,Cash,03/11/2022 16:00:31,
7dab9e58,38488d40,KG,1,1,60,03/11/2022,Cash,03/11/2022 16:01:13,
c8cbb821,38488d72,KG,1,1,30,03/11/2022,Cash,03/11/2022 16:01:47,
efeb73d7,a92f80eb,KG,50,1,1200,03/11/2022,Cash,03/11/2022 16:02:29,
3d686c5a,a31d5abb,KG,0.5,1,50,03/11/2022,Cash,03/11/2022 16:08:35,
ea2f1c37,e015cd8b,KG,0.25,1,60,03/11/2022,Cash,03/11/2022 16:09:53,
5a132040,38488d47,KG,5,1,170,03/11/2022,Cash,03/11/2022 16:11:10,
5cd64e15,38488d68,KG,1,1,120,03/11/2022,Cash,03/11/2022 16:15:05,
63cc0d55,38488d55,Piece,1,4,20,03/11/2022,Cash,03/11/2022 16:15:51,
c34b61d3,38488d82,KG,0.5,1,40,03/11/2022,Cash,03/11/2022 16:17:43,
c0a9f75c,38488d68,KG,1,1,120,03/11/2022,Cash,03/11/2022 19:12:09,
0072b910,38488d78,KG,1,1,65,03/11/2022,Cash,03/11/2022 22:22:18,
ea70d9de,38488d32,Liter,1,3,153,04/11/2022,Cash,04/11/2022 17:43:30,
3d08a89c,38488d34,KG,0.5,1,40,04/11/2022,Cash,04/11/2022 17:43:47,
9ded7572,38488d35,KG,0.5,1,40,04/11/2022,Cash,04/11/2022 17:44:48,
530dd3f8,38488d40,KG,0.25,1,20,04/11/2022,Cash,04/11/2022 17:45:30,
8755f02a,38488d43,KG,1,1,50,04/11/2022,Cash,04/11/2022 17:46:11,
91523ad4,89e823ea,KG,0.1,1,54,04/11/2022,Cash,04/11/2022 19:31:52,
528fea50,38488d68,KG,1,1,120,04/11/2022,Cash,04/11/2022 19:32:57,
6b488ba3,38488d54,KG,5,1,170,04/11/2022,Cash,04/11/2022 19:33:18,
017a7316,38488d38,KG,0.6,1,45,04/11/2022,Cash,04/11/2022 19:33:47,
4f60cb63,38488d32,Liter,1,3,153,05/11/2022,Cash,05/11/2022 13:47:05,
bff62cae,38488d48,KG,1,1,69,05/11/2022,Cash,05/11/2022 13:47:23,
b3c40a24,38488d38,KG,0.6,1,45,05/11/2022,Cash,05/11/2022 13:47:50,
012afe16,89e823ea,KG,0.1,1,54,05/11/2022,Cash,05/11/2022 13:48:15,
5d4b9681,38488d47,KG,10,1,350,05/11/2022,Cash,05/11/2022 13:49:54,
ab6f6006,1870042c,KG,5,1,170,05/11/2022,Cash,05/11/2022 13:51:06,
4f921438,38488d34,KG,0.4,3,40,05/11/2022,Cash,05/11/2022 13:51:34,
4159c94e,a31d5abb,KG,1,1,80,05/11/2022,Cash,05/11/2022 13:52:22,
80f22367,38488d37,KG,1,1,40,05/11/2022,Cash,05/11/2022 13:53:20,
86df10c8,8b22178e,KG,0.2,1,40,05/11/2022,Cash,05/11/2022 13:53:41,
e40cec6c,e091ecdf,Piece,1,1,180,05/11/2022,Cash,05/11/2022 17:25:10,
2d760e62,38488d35,KG,0.25,1,20,05/11/2022,Cash,05/11/2022 17:25:38,
0ded1469,0c53ef5a,KG,0.25,1,20,05/11/2022,Cash,05/11/2022 17:26:55,
7576b9fa,070c1507,Piece,3,6,180,05/11/2022,Cash,05/11/2022 17:28:30,
e52c233b,5ad61e4e,KG,2,1,90,05/11/2022,Cash,05/11/2022 20:01:15,
40bbb5d9,38488d32,KG,1,3,153,06/11/2022,Cash,06/11/2022 19:14:31,
4b69cc32,38488d50,KG,2,1,70,06/11/2022,Cash,06/11/2022 19:16:04,
5cdddac7,38488d38,KG,0.6,1,45,06/11/2022,Cash,06/11/2022 19:17:22,
3b67521d,89e823ea,KG,0.1,1,54,06/11/2022,Cash,06/11/2022 19:20:38,
883624fc,38488d51,KG,1,1,300,06/11/2022,Cash,06/11/2022 19:22:01,
555b05f8,2bdbfdb6,KG,1,1,100,06/11/2022,Cash,06/11/2022 19:22:33,
8720438a,38488d32,Liter,1,2,102,06/11/2022,Cash,06/11/2022 21:58:41,
107cc1a1,38488d32,Liter,1,3,153,07/11/2022,Cash,07/11/2022 20:25:08,
efc41256,38488d48,KG,1,2,138,07/11/2022,Cash,07/11/2022 20:26:55,
5686be41,38488d63,KG,2.5,1,100,07/11/2022,Cash,07/11/2022 20:27:15,
4915c135,38488d84,KG,1.5,1,80,07/11/2022,Cash,07/11/2022 20:28:21,
b7b31b17,1870042c,KG,5,1,170,07/11/2022,Cash,07/11/2022 20:29:57,
77b68b97,dea6a6c9,Piece,1,1,200,07/11/2022,Cash,07/11/2022 20:38:27,
52899b29,064cc6e0,Piece,1,1,150,07/11/2022,Cash,07/11/2022 20:40:29,
cb5f6012,38488d32,Liter,1,4,204,08/11/2022,Cash,08/11/2022 21:50:24,
525cdb2a,38488d38,KG,0.4,16,360,08/11/2022,Cash,08/11/2022 21:52:29,
168ea33a,38488d38,KG,0.6,5,225,08/11/2022,Cash,08/11/2022 21:52:58,
74156812,38488d47,KG,5,1,170,08/11/2022,Cash,08/11/2022 21:53:22,
a404d71e,1870042c,KG,5,1,150,08/11/2022,Cash,08/11/2022 21:54:00,
c30c60a4,38488d48,KG,1,2,138,08/11/2022,Cash,08/11/2022 21:54:16,
3796c32f,565c2ef2,KG,0.25,1,90,08/11/2022,Cash,08/11/2022 21:55:16,
0007f6c7,acd1b7b2,KG,0.25,1,90,08/11/2022,Cash,08/11/2022 21:56:33,
565227ae,38488d72,KG,1,1,40,08/11/2022,Cash,08/11/2022 21:57:10,
8d172532,38488d36,KG,1,1,100,08/11/2022,Cash,08/11/2022 21:57:39,
9230927f,38488d82,KG,0.5,1,30,08/11/2022,Cash,08/11/2022 21:57:59,
f3b03d00,a30cd5cc,KG,15,5,75,08/11/2022,Cash,08/11/2022 21:58:44,
2d3b2d9f,fd9950d6,Piece,1,2,110,08/11/2022,Cash,08/11/2022 21:59:52,
95e9f948,38488d34,KG,1,1,60,09/11/2022,Cash,09/11/2022 18:15:01,
94fbe2d6,ea26af2c,Piece,1,2,250,09/11/2022,Cash,09/11/2022 18:22:04,
55edec1f,ff85ab01,Piece,1,1,30,08/11/2022,Cash,09/11/2022 18:25:23,
1cbc3f4a,38488d38,KG,0.6,1,45,09/11/2022,Cash,09/11/2022 19:29:34,
3cbced74,38488d59,KG,0.5,1,80,09/11/2022,Cash,09/11/2022 19:30:07,
f223e04e,38488d60,KG,0.5,1,80,09/11/2022,Cash,09/11/2022 19:34:12,
ec29f60a,316fcd40,KG,2,1,120,09/11/2022,Cash,09/11/2022 19:34:57,
925f5b4e,38488d51,KG,0.5,1,150,09/11/2022,Cash,09/11/2022 19:36:00,
e805c7b7,7cfdeddd,KG,0.5,1,60,09/11/2022,Cash,09/11/2022 19:36:37,
c43b13f4,38488d32,Liter,1,3,153,10/11/2022,Cash,10/11/2022 20:58:53,
7fa40602,38488d68,KG,1,1,120,10/11/2022,Cash,10/11/2022 20:59:11,
94479655,38488d35,KG,0.25,1,20,10/11/2022,Cash,10/11/2022 20:59:33,
e57e80d7,38488d72,KG,0.5,1,20,10/11/2022,Cash,10/11/2022 20:59:58,
9107d97d,1870042c,KG,5,1,170,10/11/2022,Cash,10/11/2022 21:00:20,
92a7ef57,38488d47,KG,10,1,350,10/11/2022,Cash,10/11/2022 21:00:48,
6c29dfd4,a31d5abb,KG,1,1,60,10/11/2022,Cash,10/11/2022 21:05:18,
a49ef5ba,7836518d,Piece,1,1,90,10/11/2022,Cash,10/11/2022 21:06:29,
2bee9ffb,38488d64,KG,0.5,1,40,10/11/2022,Cash,10/11/2022 21:07:42,
dc9f78f3,38488d56,Piece,1,2,130,10/11/2022,Cash,10/11/2022 21:08:31,
b56b6bb6,38488d43,KG,1,1,50,10/11/2022,Cash,10/11/2022 22:08:26,
26d46120,3f40d071,Piece,12,6,240,10/11/2022,Cash,10/11/2022 22:09:20,
ebb5d3de,38488d32,Liter,1,3,153,11/11/2022,Cash,11/11/2022 18:17:08,
1a8004f0,38488d33,KG,1,3,80,11/11/2022,Cash,11/11/2022 18:18:02,
9e63ba1d,38488d38,KG,0.6,1,45,11/11/2022,Cash,11/11/2022 18:19:07,
2f884b7d,38488d51,KG,1,1,300,11/11/2022,Cash,11/11/2022 19:23:51,
c18d8e38,38488d68,KG,1,1,120,11/11/2022,Cash,11/11/2022 19:24:44,
b6c07e38,52cdaa61,KG,50,1,1540,11/11/2022,Cash,11/11/2022 19:27:47,
199f8f05,8b22178e,Piece,1,1,40,11/11/2022,Cash,11/11/2022 21:05:31,
b8f9edca,38488d32,Liter,1,3,153,12/11/2022,Cash,12/11/2022 08:31:04,
59767ea1,38488d72,KG,1,1,40,14/11/2022,Cash,14/11/2022 08:28:00,
65e992f6,38488d50,KG,1,1,40,12/11/2022,Cash,14/11/2022 08:29:19,
b90a732d,38488d84,KG,2,1,70,12/11/2022,Cash,14/11/2022 08:29:50,
9c3dc955,38488d48,KG,1,1,69,12/11/2022,Cash,14/11/2022 08:31:18,
995920cb,38488d32,Liter,1,3,153,14/11/2022,Cash,14/11/2022 08:32:21,
d49fb43d,c39b54f2,KG,0.5,1,60,14/11/2022,Cash,14/11/2022 08:32:40,
487cd82e,38488d70,Piece,12,8,240,14/11/2022,Cash,14/11/2022 20:04:15,
33f06802,38488d35,KG,0.5,1,40,14/11/2022,Cash,14/11/2022 20:05:20,
15e72e83,38488d37,KG,0.5,1,30,14/11/2022,Cash,14/11/2022 20:05:46,
3cd03375,38488d71,KG,1.5,1,50,14/11/2022,Cash,14/11/2022 20:06:16,
87df7f64,38488d84,KG,0.5,2,30,14/11/2022,Cash,14/11/2022 20:12:09,
832fe5a8,38488d59,KG,1,1,160,14/11/2022,Cash,14/11/2022 20:12:48,
01e1dccc,38488d60,KG,0.5,1,80,14/11/2022,Cash,14/11/2022 20:13:20,
26ff0d05,38488d64,Piece,1,1,40,14/11/2022,Cash,14/11/2022 20:13:39,
c829ebda,8b22178e,KG,0.1,1,20,14/11/2022,Cash,14/11/2022 20:14:12,
475f4bc2,38488d32,Liter,1,3,153,15/11/2022,Cash,15/11/2022 16:26:15,
bb431267,38488d34,KG,0.5,1,30,15/11/2022,Cash,15/11/2022 20:33:37,
ccf3c5a6,38488d37,KG,2,3,60,15/11/2022,Cash,15/11/2022 20:35:27,
42b85f47,1870042c,KG,13.5,1,290,15/11/2022,Cash,15/11/2022 20:39:37,
0226e1a0,38488d33,KG,5,1,180,15/11/2022,Cash,15/11/2022 20:41:13,
1c2f47c3,38488d35,KG,0.25,1,20,15/11/2022,Cash,15/11/2022 20:43:11,
bb58e2d4,38488d68,KG,1,1,130,15/11/2022,Cash,15/11/2022 20:44:13,
2ad8aca6,38488d47,KG,5,1,150,15/11/2022,Cash,15/11/2022 20:44:58,
e6ec5696,38488d36,KG,1,1,80,15/11/2022,Cash,15/11/2022 20:45:36,
96662d74,a31d5abb,KG,1,1,50,15/11/2022,Cash,15/11/2022 20:45:55,
8e3802e4,38488d69,KG,0.25,1,110,15/11/2022,Cash,15/11/2022 20:46:41,
a5cce9f0,38488d72,KG,1,1,40,15/11/2022,Cash,15/11/2022 20:47:20,
0396509b,38488d82,KG,1,1,50,15/11/2022,Cash,15/11/2022 20:47:42,
3f951a17,0c53ef5a,KG,0.25,1,20,15/11/2022,Cash,15/11/2022 20:48:09,
dd7870d5,3ed563fc,Piece,1,10,300,15/11/2022,Cash,15/11/2022 20:48:52,
cef379da,bf503910,Piece,1,1,40,15/11/2022,Cash,15/11/2022 20:49:31,
66c954df,b689393c,Piece,1,2,20,15/11/2022,Cash,15/11/2022 20:50:14,
0a7409eb,fb323e8d,Piece,1,2,90,15/11/2022,Cash,15/11/2022 20:51:56,
1c29f7d9,e1ef92b5,Piece,1,12,60,15/11/2022,Cash,15/11/2022 20:52:53,
c7b72ca6,f0b3998d,Piece,1,2,40,15/11/2022,Cash,15/11/2022 20:53:40,
d47e6138,38488d70,Piece,12,3,90,15/11/2022,Cash,15/11/2022 20:54:34,
65260442,38488d71,KG,3,1,60,15/11/2022,Cash,15/11/2022 20:55:30,
23610aec,90c11f52,Piece,1,3,30,15/11/2022,Cash,15/11/2022 20:56:55,
6c5afc1f,0e8ad1b5,Piece,1,1,150,15/11/2022,Cash,15/11/2022 21:06:17,
f1fb261d,38488d32,Liter,1,3,153,16/11/2022,Cash,16/11/2022 18:15:07,
2bf74797,38488d48,KG,1,2,138,16/11/2022,Cash,16/11/2022 18:16:59,
58491e9a,38488d38,KG,0.6,1,45,16/11/2022,Cash,16/11/2022 18:17:35,
40393b0f,89e823ea,KG,0.5,1,265,16/11/2022,Cash,16/11/2022 18:18:09,
97751946,0e8ad1b5,Piece,1,1,300,16/11/2022,Cash,16/11/2022 20:25:29,
250dcfb5,38488d78,KG,1,1,60,16/11/2022,Cash,16/11/2022 22:13:00,
56779bdc,38488d32,Liter,1,3,153,17/11/2022,Cash,17/11/2022 21:52:43,
aca90743,38488d38,KG,0.6,1,45,17/11/2022,Cash,17/11/2022 21:55:28,
8a29bf5e,38488d33,KG,2,1,60,17/11/2022,Cash,17/11/2022 21:57:04,
7f273c9b,7cfdeddd,KG,0.5,1,40,17/11/2022,Cash,17/11/2022 21:58:11,
b164b5b6,38488d34,KG,0.5,1,30,17/11/2022,Cash,17/11/2022 21:59:26,
8662989e,38488d43,KG,1,,50,17/11/2022,Cash,17/11/2022 22:00:00,
e85145e5,15ed5402,KG,1,1,95,17/11/2022,Cash,17/11/2022 22:00:20,
d4e0f2d8,38488d46,Liter,0.5,1,40,17/11/2022,Cash,17/11/2022 22:01:05,
22e88bb6,38488d47,KG,5,1,150,17/11/2022,Cash,17/11/2022 22:02:14,
05b44303,fcde63e0,Piece,1,6,20,17/11/2022,Cash,17/11/2022 22:04:12,
aa21a67f,38488d32,Liter,1,3,153,18/11/2022,Cash,18/11/2022 18:04:18,
4ce93726,38488d48,KG,1,2,138,18/11/2022,Cash,18/11/2022 18:04:43,
412328ce,38488d38,KG,0.6,1,45,18/11/2022,Cash,18/11/2022 18:05:08,
81257aad,38488d47,KG,5,1,140,18/11/2022,Cash,18/11/2022 18:05:28,
f90e7ceb,38488d33,KG,2,1,60,18/11/2022,Cash,18/11/2022 18:06:17,
5eb23b01,38488d32,Liter,1,3,153,18/11/2022,Cash,18/11/2022 18:06:35,
71f9624f,38488d50,KG,1,1,40,18/11/2022,Cash,18/11/2022 18:06:58,
5b71bbac,fcd75bd5,KG,0.027,1,54,18/11/2022,Cash,18/11/2022 18:07:33,
3d0d4259,3f5a9999,Liter,5,1,75,17/11/2022,Cash,18/11/2022 18:08:50,
8e2286ba,38488d64,Piece,1,2,40,18/11/2022,Cash,18/11/2022 22:14:54,
3f519c49,38488d32,Liter,1,3,153,19/11/2022,Cash,19/11/2022 19:56:13,
9359f623,38488d38,KG,0.6,4,180,19/11/2022,Cash,19/11/2022 19:56:31,
2b04a9b2,38488d84,KG,2,1,60,19/11/2022,Cash,19/11/2022 19:57:21,
7b124d12,38488d48,KG,1,1,69,19/11/2022,Cash,19/11/2022 19:58:00,
800c5302,524a0b85,Piece,1,5,50,19/11/2022,Cash,19/11/2022 19:58:30,
77e2e409,38488d68,KG,1,1,120,19/11/2022,Cash,19/11/2022 20:46:37,
e3505504,5ad61e4e,KG,2,1,90,19/11/2022,Cash,19/11/2022 22:05:22,
0999f452,38488d51,KG,1,1,300,20/11/2022,Cash,20/11/2022 11:47:32,
0c0863c0,38488d68,KG,1,1,120,20/11/2022,Cash,20/11/2022 11:48:21,
2e79a810,38488d80,KG,1,1,55,20/11/2022,Cash,20/11/2022 11:48:48,
6eda5c4b,c8599a42,Piece,1,1,30,20/11/2022,Cash,20/11/2022 11:49:30,
f3191c84,e9a8e3b3,Piece,1,1,45,20/11/2022,Cash,20/11/2022 11:50:11,
0c6dcacf,df878bc5,KG,1,1,50,20/11/2022,Cash,20/11/2022 11:53:32,
068cec08,38488d38,KG,0.6,1,45,20/11/2022,Cash,20/11/2022 11:54:23,
8d63c01c,38488d32,Liter,1,2,102,20/11/2022,Cash,20/11/2022 22:03:58,
070ad533,38488d47,KG,10,1,280,20/11/2022,Cash,20/11/2022 22:08:41,
03069f3f,38488d37,KG,0.5,1,20,20/11/2022,Cash,20/11/2022 22:09:43,
872a6411,38488d34,KG,0.25,1,10,20/11/2022,Cash,20/11/2022 22:10:04,
7aa5ccd9,63d5aa69,Piece,1,1,90,20/11/2022,Cash,20/11/2022 22:11:23,
9b42de56,d2feae0c,KG,0.1,1,180,20/11/2022,Cash,20/11/2022 22:12:46,
07947da1,38488d32,Liter,1,2,102,20/11/2022,Cash,21/11/2022 10:18:55,
bc5564c7,38488d32,Liter,1,3,153,21/11/2022,Cash,21/11/2022 20:42:32,
c74e8c0e,38488d38,KG,0.6,1,45,21/11/2022,Cash,21/11/2022 20:42:59,
f1c8c3f7,35cf7f7d,Piece,1,1,250,21/11/2022,Cash,21/11/2022 20:47:21,
ebde57e9,38488d32,Liter,1,3,153,22/11/2022,Cash,22/11/2022 19:15:48,
38ee0927,38488d38,KG,0.6,1,45,22/11/2022,Cash,22/11/2022 19:16:29,
dec0e95d,38488d63,KG,1.5,3,50,22/11/2022,Cash,22/11/2022 19:16:59,
9b8fc484,38488d48,KG,1,1,69,22/11/2022,Cash,22/11/2022 19:20:17,
ce7b236c,1870042c,KG,5,1,100,22/11/2022,Cash,22/11/2022 19:20:36,
c18f9584,38488d33,KG,4,1,120,22/11/2022,Cash,22/11/2022 21:45:53,
af5e251d,01a89f1a,Piece,1,1,10,22/11/2022,Cash,22/11/2022 21:46:28,
345137cb,38488d35,KG,1,1,40,22/11/2022,Cash,22/11/2022 21:47:05,
a106004f,1870042c,KG,5,1,100,22/11/2022,Cash,22/11/2022 21:48:06,
11915ac0,38488d34,KG,1,1,30,22/11/2022,Cash,22/11/2022 21:49:30,
054675d0,38488d50,KG,1,1,20,22/11/2022,Cash,22/11/2022 21:50:02,
17f5013b,38488d68,KG,1.5,1,70,22/11/2022,Cash,22/11/2022 21:50:30,
6b0d1e85,38488d84,KG,2,1,60,22/11/2022,Cash,22/11/2022 21:51:05,
da67839b,fcde63e0,Piece,1,6,20,22/11/2022,Cash,22/11/2022 21:51:39,
d68e600c,6b5d3659,KG,2.5,1,600,22/11/2022,Cash,22/11/2022 21:53:31,
985f442c,38488d72,KG,0.5,1,20,22/11/2022,Cash,22/11/2022 21:55:05,
96a3df00,38488d32,Liter,1,3,153,23/11/2022,Cash,23/11/2022 18:00:04,
19227c8f,38488d38,KG,0.6,1,45,23/11/2022,Cash,23/11/2022 18:00:32,
707dc09f,a92f80eb,KG,6,1,100,23/11/2022,Cash,23/11/2022 18:02:15,
7656b45b,316fcd40,KG,2,1,120,23/11/2022,Cash,23/11/2022 18:03:28,
1f84c885,38488d36,KG,1,1,70,23/11/2022,Cash,23/11/2022 18:06:04,
a0831f18,9130d9d3,Piece,1,1,70,23/11/2022,Cash,23/11/2022 18:06:53,
94da7c36,38488d59,KG,0.5,1,80,23/11/2022,Cash,23/11/2022 18:07:58,
3d997493,38488d60,KG,0.5,1,80,23/11/2022,Cash,23/11/2022 18:08:47,
5260dde9,38488d32,Liter,1,3,153,24/11/2022,Cash,24/11/2022 17:37:30,
fbdcd35c,a92f80eb,KG,50,1,750,24/11/2022,Cash,24/11/2022 17:38:16,
d63fc9c2,7cfdeddd,KG,0.5,1,40,24/11/2022,Cash,24/11/2022 17:39:36,
99e93a3d,38488d72,KG,0.5,1,20,24/11/2022,Cash,24/11/2022 17:40:16,
054722dd,38488d47,KG,10,1,240,24/11/2022,Cash,24/11/2022 17:40:55,
36af90ce,38488d79,Piece,1,6,96,24/11/2022,Cash,24/11/2022 22:45:10,
9ff02a52,38488d32,Liter,1,3,153,25/11/2022,Cash,25/11/2022 12:12:42,
c20c211b,38488d48,KG,1,2,138,25/11/2022,Cash,25/11/2022 12:13:24,
18e2e8aa,df878bc5,KG,1,1,40,25/11/2022,Cash,25/11/2022 12:13:52,
6415655c,38488d38,KG,0.5,1,45,25/11/2022,Cash,25/11/2022 12:14:26,
3fe1cbe5,38488d51,KG,0.5,1,150,25/11/2022,Cash,25/11/2022 20:06:55,
66e09b2c,38488d32,KG,0.5,2,52,25/11/2022,Cash,25/11/2022 20:08:05,
1ef535c1,89c87d59,KG,0.1,1,60,25/11/2022,Cash,25/11/2022 20:24:19,
407761bd,69aae98a,KG,0.1,1,140,25/11/2022,Cash,25/11/2022 20:25:51,
fc52f206,38488d37,KG,1,1,30,25/11/2022,Cash,25/11/2022 20:26:54,
5ab6459e,38488d35,KG,0.5,1,20,25/11/2022,Cash,25/11/2022 20:27:11,
d55cd599,38488d71,KG,1.5,1,40,25/11/2022,Cash,25/11/2022 20:27:37,
69eedf0e,38488d84,KG,0.5,1,20,25/11/2022,Cash,25/11/2022 20:28:22,
f7601c3a,38488d70,Piece,12,8,280,25/11/2022,Cash,25/11/2022 20:28:49,
fff590bd,c4721744,Piece,1,3,135,25/11/2022,Cash,25/11/2022 23:14:53,
7dd86167,38488d32,Liter,1,3,153,26/11/2022,Cash,26/11/2022 15:18:28,
edb39c88,38488d33,KG,2,1,70,26/11/2022,Cash,26/11/2022 15:18:46,
d130f21d,38488d35,KG,0.5,1,20,26/11/2022,Cash,26/11/2022 15:20:11,
0b28729f,38488d34,KG,0.25,1,10,26/11/2022,Cash,26/11/2022 15:20:41,
ad4037fb,38488d37,KG,1,1,40,26/11/2022,Cash,26/11/2022 15:21:02,
264e7b12,38488d68,KG,0.5,1,60,26/11/2022,Cash,26/11/2022 15:21:28,
89f975b2,3f5a9999,Liter,5,1,75,26/11/2022,Cash,26/11/2022 15:22:19,
fcf02b6e,38488d64,Piece,1,1,45,26/11/2022,Cash,26/11/2022 17:04:45,
dd6582ac,38488d59,KG,1,1,160,26/11/2022,Cash,26/11/2022 17:06:11,
5fa230a7,38488d60,KG,1,1,160,26/11/2022,Cash,26/11/2022 17:06:51,
45860443,acfc8632,KG,3,1,435,26/11/2022,Cash,26/11/2022 17:08:11,
53df9043,316fcd40,KG,3,1,180,26/11/2022,Cash,26/11/2022 17:09:54,
a2d31519,e3c0fff2,KG,0.5,1,50,26/11/2022,Cash,26/11/2022 18:20:55,
57c0d436,38488d38,KG,0.6,1,45,27/11/2022,Cash,01/12/2022 20:41:06,
2f3a91aa,38488d32,KG,0.5,4,104,27/11/2022,Cash,01/12/2022 20:42:47,
b9c2aa1e,38488d51,KG,1,1,320,27/11/2022,Cash,01/12/2022 20:44:03,
84df6bfd,38488d50,KG,1.5,1,50,27/11/2022,Cash,01/12/2022 20:46:31,
021b04a6,2bdbfdb6,KG,1,1,100,27/11/2022,Cash,01/12/2022 20:52:42,
fc95a72e,38488d32,KG,0.5,8,208,27/11/2022,Cash,01/12/2022 20:54:19,
8994a392,38488d50,KG,1,1,30,27/11/2022,Cash,01/12/2022 21:02:30,
c5d1ba5e,38488d72,KG,0.5,1,30,27/11/2022,Cash,01/12/2022 21:03:33,
f6c64b1f,38488d32,KG,0.5,4,104,28/11/2022,Cash,01/12/2022 21:04:29,
0a5fe379,38488d38,KG,0.6,1,45,28/11/2022,Cash,01/12/2022 21:05:22,
0092a160,38488d48,KG,1,1,69,28/11/2022,Cash,01/12/2022 21:06:28,
003b3d38,38488d43,KG,1,1,50,28/11/2022,Cash,01/12/2022 21:07:03,
0f61dd5d,1870042c,KG,5,1,110,28/11/2022,Cash,01/12/2022 21:08:01,
1fb91f5e,38488d47,KG,5,1,110,28/11/2022,Cash,01/12/2022 21:08:31,
6e868ce2,38488d82,KG,0.25,1,25,28/11/2022,Cash,01/12/2022 21:10:14,
97d5bb10,38488d36,KG,0.5,1,25,28/11/2022,Cash,01/12/2022 21:11:09,
34662712,15ed5402,KG,0.5,2,90,28/11/2022,Cash,01/12/2022 21:12:05,
d7f137b7,38488d32,KG,0.5,1,26,28/11/2022,Cash,01/12/2022 21:13:02,
fd88c86f,38488d53,KG,1,1,28,28/11/2022,Cash,01/12/2022 21:14:27,
2a10a5e7,38488d32,Liter,1,3,157,29/11/2022,Cash,01/12/2022 21:15:39,
f9b1b688,38488d34,KG,1,1,40,29/11/2022,Cash,01/12/2022 21:17:20,
8028c182,38488d68,KG,0.25,1,35,29/11/2022,Cash,01/12/2022 21:18:03,
f5c7f5b8,15ed5402,KG,0.5,1,50,29/11/2022,Cash,01/12/2022 21:19:30,
48629d5e,608e4a15,Piece,1,1,120,29/11/2022,Cash,01/12/2022 21:23:13,
d1d63ab2,31170873,Piece,1,1,30,29/11/2022,Cash,01/12/2022 21:31:04,
1e824ca7,38488d36,KG,0.5,1,40,29/11/2022,Cash,01/12/2022 21:33:34,
0a6186b1,38488d82,KG,0.25,1,10,29/11/2022,Cash,01/12/2022 21:34:15,
41de583a,38488d32,Liter,1,3,153,29/11/2022,Cash,01/12/2022 21:35:36,
50f75a2f,2f5f74e8,Piece,1,1,52,29/11/2022,Cash,01/12/2022 21:36:02,
0035cb39,38488d72,KG,0.25,1,10,29/11/2022,Cash,01/12/2022 21:37:17,
9f7e1c23,38488d33,KG,2,1,60,29/11/2022,Cash,01/12/2022 21:38:03,
7cea5d6f,7cfdeddd,KG,0.25,1,25,29/11/2022,Cash,01/12/2022 21:38:37,
1f50cab7,38488d72,KG,0.25,1,20,29/11/2022,Cash,01/12/2022 21:39:32,
dceb7ca3,1870042c,KG,5,1,125,29/11/2022,Cash,01/12/2022 21:41:08,
21f6ca2b,38488d32,Liter,0.5,4,104,30/11/2022,Cash,01/12/2022 21:41:50,
3957f0a1,38488d38,KG,0.6,1,45,30/11/2022,Cash,01/12/2022 21:42:29,
d30f9283,38488d48,KG,1,1,69,30/11/2022,Cash,01/12/2022 21:42:56,
368a6e9e,38488d75,Piece,1,3,30,30/11/2022,Cash,01/12/2022 21:43:20,
b8a1fdfd,38488d32,KG,0.5,1,26,30/11/2022,Cash,01/12/2022 21:44:00,
ec4f31aa,5040fe86,KG,1,1,30,30/11/2022,Cash,01/12/2022 21:44:32,
da61d0cc,5040fe86,KG,1.5,1,40,29/11/2022,Cash,01/12/2022 21:48:02,
e3325a13,38488d32,KG,0.5,6,156,01/12/2022,Cash,01/12/2022 21:50:15,
d457540b,38488d84,KG,2,1,60,01/12/2022,Cash,01/12/2022 21:51:33,
6cd8d06b,38488d68,KG,0.5,1,30,01/12/2022,Cash,01/12/2022 21:52:44,
3a715cc4,38488d32,Liter,1,3,153,02/12/2022,Cash,02/12/2022 13:14:15,
11716f69,38488d38,KG,0.6,1,45,02/12/2022,Cash,02/12/2022 13:14:48,
dc7d0dab,1870042c,KG,5,1,120,02/12/2022,Cash,02/12/2022 18:19:33,
fbe9197e,38488d50,KG,1,1,30,02/12/2022,Cash,02/12/2022 18:22:52,
331f55cf,38488d71,KG,1.5,1,30,02/12/2022,Cash,02/12/2022 18:23:41,
c2fbb822,38488d35,KG,0.25,1,15,02/12/2022,Cash,02/12/2022 18:24:21,
0e4a43b2,38488d37,KG,0.5,1,15,02/12/2022,Cash,02/12/2022 18:24:49,
6817a390,38488d82,KG,0.5,1,40,02/12/2022,Cash,02/12/2022 18:25:22,
a99508e7,38488d72,KG,1,1,40,02/12/2022,Cash,02/12/2022 18:26:19,
8a57fdc0,38488d84,KG,0.25,1,10,02/12/2022,Cash,02/12/2022 18:29:56,
85bbc841,38488d47,KG,12,1,300,02/12/2022,Cash,02/12/2022 18:30:37,
accdd5d7,a31d5abb,KG,1,1,60,02/12/2022,Cash,02/12/2022 18:33:24,
5ec75959,38488d36,KG,1,1,80,02/12/2022,Cash,02/12/2022 18:34:03,
8888c978,38488d68,KG,1,1,50,02/12/2022,Cash,02/12/2022 18:34:24,
12923564,38488d70,Piece,12,8,240,02/12/2022,Cash,02/12/2022 18:36:06,
3d20965f,38488d51,KG,1,1,300,02/12/2022,Cash,02/12/2022 18:36:48,
d11d9ba9,38488d68,KG,1,1,120,02/12/2022,Cash,02/12/2022 18:38:04,
d8435366,e015cd8b,KG,0.25,1,60,02/12/2022,Cash,02/12/2022 20:27:27,
6e974bd7,38488d32,Liter,1,5,255,03/12/2022,Cash,03/12/2022 19:44:55,
649094fc,38488d48,KG,1,1,69,03/12/2022,Cash,03/12/2022 19:46:08,
5abd1979,38488d33,KG,4,1,140,03/12/2022,Cash,03/12/2022 19:46:41,
dbfd20f2,42f6d331,Piece,1,3,30,03/12/2022,Cash,03/12/2022 19:48:02,
6735a28e,e015cd8b,KG,1,2,300,03/12/2022,Cash,03/12/2022 19:49:04,
0f1b92ac,fcd75bd5,Piece,1,2,20,03/12/2022,Cash,03/12/2022 21:44:23,
19a7a9af,7cfdeddd,KG,0.25,1,30,03/12/2022,Cash,03/12/2022 22:12:35,
e1481755,38488d32,Liter,1,6,306,04/12/2022,Cash,04/12/2022 21:53:24,
91a48d72,2bdbfdb6,KG,1,1,100,04/12/2022,Cash,04/12/2022 21:54:06,
11f6f149,38488d32,Liter,1,3,153,05/12/2022,Cash,05/12/2022 20:38:30,
8d90a790,38488d63,KG,2,1,50,05/12/2022,Cash,05/12/2022 20:38:48,
412b8e86,1870042c,KG,2.5,1,70,05/12/2022,Cash,05/12/2022 20:39:10,
2d8e7749,df878bc5,KG,1.25,1,50,05/12/2022,Cash,05/12/2022 20:39:41,
a80e1a98,38488d32,Liter,1,3,153,06/12/2022,Cash,06/12/2022 19:36:46,
881c5549,7cfdeddd,KG,0.5,1,40,06/12/2022,Cash,06/12/2022 19:37:08,
f3441ecf,38488d56,Piece,1,2,130,06/12/2022,Cash,06/12/2022 19:37:59,
62fa05c6,2f5f74e8,KG,0.15,1,50,06/12/2022,Cash,06/12/2022 19:38:54,
1eba92ec,e3c0fff2,KG,1,2,170,06/12/2022,Cash,06/12/2022 20:16:45,
911e8b77,524a0b85,Piece,12,1,100,06/12/2022,Cash,06/12/2022 20:18:04,
db3f79c7,38488d69,KG,0.25,1,110,06/12/2022,Cash,06/12/2022 20:19:34,
a50c8496,52cdaa61,KG,50,1,1560,06/12/2022,Cash,06/12/2022 20:20:06,
cea53dda,1870042c,KG,5,1,100,06/12/2022,Cash,06/12/2022 20:20:55,
10f7b70a,38488d33,KG,5,1,100,06/12/2022,Cash,06/12/2022 22:02:30,
4747281c,38488d84,KG,2,1,40,06/12/2022,Cash,06/12/2022 22:03:36,
4ded353f,38488d37,KG,2,1,40,06/12/2022,Cash,06/12/2022 22:04:50,
deb7bdde,38488d68,KG,1.5,1,60,06/12/2022,Cash,06/12/2022 22:05:11,
419d296a,38488d72,KG,1,1,40,06/12/2022,Cash,06/12/2022 22:06:02,
3e2ccb27,818ce46b,KG,1,1,40,06/12/2022,Cash,06/12/2022 22:08:29,
ad9c8366,38488d35,KG,1,1,40,06/12/2022,Cash,06/12/2022 22:26:42,
a5122993,38488d82,KG,0.5,1,20,06/12/2022,Cash,06/12/2022 22:26:57,
8a50bbfe,a92f80eb,KG,10,1,200,06/12/2022,Cash,06/12/2022 22:27:54,
aba90d57,38488d43,Piece,1,4,40,06/12/2022,Cash,06/12/2022 22:50:12,
a6ba4d6d,38488d32,Liter,1,3,153,07/12/2022,Cash,07/12/2022 20:44:44,
00cb35b0,38488d47,KG,15,1,320,07/12/2022,Cash,07/12/2022 20:45:35,
9c63cb55,63d5aa69,Piece,1,1,90,07/12/2022,Cash,07/12/2022 20:46:31,
0bd2befb,93b88f5b,Piece,1,1,20,07/12/2022,Cash,07/12/2022 22:18:49,
050da872,38488d32,Liter,1,3,153,08/12/2022,Cash,08/12/2022 19:01:56,
2017c9e5,38488d38,KG,0.6,1,45,08/12/2022,Cash,08/12/2022 19:02:12,
4277f91b,38488d63,KG,1,1,40,08/12/2022,Cash,08/12/2022 19:02:34,
abd39855,5d1b38c3,KG,2,1,240,08/12/2022,Cash,08/12/2022 19:03:16,
69687ae2,38488d35,KG,0.5,1,20,08/12/2022,Cash,08/12/2022 19:04:16,
098bcfeb,38488d57,KG,0.25,1,20,08/12/2022,Cash,08/12/2022 19:04:44,
8dde933a,38488d62,KG,1,4,180,08/12/2022,Cash,08/12/2022 19:05:05,
92e9863b,2f5f74e8,Piece,1,1,25,08/12/2022,Cash,08/12/2022 19:12:16,
f11ad4cf,2c4d95ef,KG,0.25,1,40,08/12/2022,Cash,08/12/2022 19:12:43,
7704157c,8b22178e,KG,1,1,140,08/12/2022,Cash,08/12/2022 19:13:24,
8970909c,7987abff,KG,0.2,1,35,08/12/2022,Cash,08/12/2022 19:15:01,
60e00c7e,1870042c,KG,10,1,200,09/12/2022,Cash,09/12/2022 18:18:37,
c19de744,38488d37,KG,2.5,1,50,09/12/2022,Cash,09/12/2022 18:23:06,
948e840a,38488d36,KG,1.25,1,100,09/12/2022,Cash,09/12/2022 18:24:17,
871f2e85,38488d48,KG,1,1,69,09/12/2022,Cash,09/12/2022 18:25:10,
4eb8e33a,38488d35,KG,0.5,1,20,09/12/2022,Cash,09/12/2022 18:25:39,
681da5e5,38488d68,,1,1,40,09/12/2022,Cash,09/12/2022 18:25:57,
88f8fb8b,38488d41,KG,0.15,1,10,09/12/2022,Cash,09/12/2022 18:26:46,
1a52d91b,38488d33,KG,1,1,35,09/12/2022,Cash,09/12/2022 18:27:13,
7e8e5ff6,0c53ef5a,KG,0.1,1,10,09/12/2022,Cash,09/12/2022 18:28:20,
0409bb43,38488d43,KG,0.5,3,30,09/12/2022,Cash,09/12/2022 18:30:41,
fce739ee,c8599a42,Piece,1,1,60,09/12/2022,Cash,09/12/2022 18:32:01,
50f050fe,e9a8e3b3,Piece,1,1,55,09/12/2022,Cash,09/12/2022 18:32:37,
c8886cf4,93b88f5b,Piece,1,1,290,09/12/2022,Cash,09/12/2022 18:32:58,
19a228d1,0d604b3e,KG,0.1,1,50,09/12/2022,Cash,09/12/2022 18:34:27,
5def3028,859c1eff,Piece,1,2,20,09/12/2022,Cash,09/12/2022 18:35:39,
630f17f4,38488d75,Piece,1,1,40,09/12/2022,Cash,09/12/2022 18:37:10,
2c378b66,38488d32,Liter,1,2,102,09/12/2022,Cash,09/12/2022 20:02:11,
a568f23e,31170873,Piece,1,1,150,09/12/2022,Cash,09/12/2022 20:03:29,
b937e091,38488d32,Liter,1,3,153,10/12/2022,Cash,10/12/2022 18:08:03,
749aede7,38488d38,KG,0.6,1,45,10/12/2022,Cash,10/12/2022 18:08:33,
8e6de32b,38488d68,KG,2,1,70,10/12/2022,Cash,10/12/2022 18:08:54,
4702ee68,38488d50,KG,1,1,40,10/12/2022,Cash,10/12/2022 18:09:25,
8f4e1b36,df878bc5,KG,1.5,1,50,10/12/2022,Cash,10/12/2022 18:09:43,
7476a4e8,38488d32,Liter,1,3,153,11/12/2022,Cash,11/12/2022 17:46:02,
4630a0d4,38488d51,KG,1,1,300,11/12/2022,Cash,11/12/2022 17:48:32,
d12d8bf1,095d7fcf,KG,1,1,100,11/12/2022,Cash,11/12/2022 17:49:32,
3941a9e1,38488d80,KG,1.5,1,55,11/12/2022,Cash,11/12/2022 17:50:32,
53c23ff8,064cc6e0,Piece,1,1,150,11/12/2022,Cash,11/12/2022 18:41:42,
1d7677cc,070c1507,Piece,1,4,90,11/12/2022,Cash,11/12/2022 18:42:33,
5b581403,49bab0db,Liter,2,1,50,11/12/2022,Cash,11/12/2022 22:01:26,
775b49c7,38488d32,Liter,1,2,102,11/12/2022,Cash,11/12/2022 22:02:11,
04c42670,38488d32,Liter,1,3,153,12/12/2022,Cash,12/12/2022 17:02:45,
7782c7c2,38488d82,KG,0.25,1,20,12/12/2022,Cash,12/12/2022 17:03:08,
2ad0ae93,a31d5abb,KG,0.25,1,20,12/12/2022,Cash,12/12/2022 17:04:05,
89920650,38488d59,KG,1,1,160,12/12/2022,Cash,12/12/2022 18:28:22,
f482391f,38488d60,KG,1,1,160,12/12/2022,Cash,12/12/2022 18:31:30,
40a24b9a,316fcd40,KG,2,1,140,12/12/2022,Cash,12/12/2022 18:32:03,
d23dd005,38488d63,KG,1,1,40,12/12/2022,Cash,12/12/2022 18:33:03,
43bf8e24,38488d32,Liter,1,3,153,13/12/2022,Cash,13/12/2022 22:23:39,
f91a9e43,38488d34,KG,0.25,1,10,13/12/2022,Cash,13/12/2022 22:23:56,
4b156de2,0c53ef5a,KG,0.25,1,10,13/12/2022,Cash,13/12/2022 22:33:11,
fe4f700d,38488d69,KG,0.25,1,110,13/12/2022,Cash,13/12/2022 22:33:49,
ca960286,38488d33,KG,5,1,100,13/12/2022,Cash,13/12/2022 22:34:15,
12438851,38488d72,KG,1,1,40,13/12/2022,Cash,13/12/2022 22:34:58,
8de6c56c,38488d68,KG,3,1,100,13/12/2022,Cash,13/12/2022 22:35:30,
80e0c8fa,38488d34,KG,1,1,30,13/12/2022,Cash,13/12/2022 22:35:54,
5dbc3d1c,38488d35,KG,1,1,30,13/12/2022,Cash,13/12/2022 22:36:26,
0b668f0b,5040fe86,KG,3,1,40,13/12/2022,Cash,13/12/2022 22:36:43,
76e1b9ad,38488d82,KG,0.5,1,20,13/12/2022,Cash,13/12/2022 22:37:57,
f9a3f9f4,fcd75bd5,Piece,1,2,20,13/12/2022,Cash,13/12/2022 22:38:46,
ad1d662f,38488d84,KG,2,1,40,13/12/2022,Cash,13/12/2022 22:39:16,
a3ee2244,818ce46b,KG,1.5,1,50,13/12/2022,Cash,13/12/2022 22:41:38,
690d6e05,a92f80eb,KG,10,1,200,13/12/2022,Cash,13/12/2022 22:43:14,
46cfee76,3f5a9999,KG,5,1,75,13/12/2022,Cash,13/12/2022 23:11:48,
05b08551,38488d32,Liter,1,3,153,14/12/2022,Cash,14/12/2022 19:15:35,
86664703,38488d48,KG,1,2,138,14/12/2022,Cash,14/12/2022 19:16:42,
5eef3496,1870042c,KG,5,1,100,14/12/2022,Cash,14/12/2022 19:17:26,
416d4cc8,38488d47,KG,5,1,100,14/12/2022,Cash,14/12/2022 19:18:13,
ff55c3d8,38488d32,Liter,1,3,153,16/12/2022,Cash,16/12/2022 19:16:29,
81c41f16,38488d36,KG,1,1,100,16/12/2022,Cash,16/12/2022 19:17:34,
ac546fc1,38488d38,KG,0.6,1,45,16/12/2022,Cash,16/12/2022 19:18:09,
7aa07d82,38488d68,KG,3,1,100,16/12/2022,Cash,16/12/2022 19:18:31,
38cbd20e,a31d5abb,KG,1,1,60,16/12/2022,Cash,16/12/2022 19:18:58,
2e4379c1,3239911a,KG,5,1,500,16/12/2022,Cash,16/12/2022 19:20:01,
827ebd68,38488d43,KG,0.5,4,40,16/12/2022,Cash,16/12/2022 19:21:58,
24b9338d,38488d32,Liter,1,3,153,17/12/2022,Cash,17/12/2022 20:41:19,
106f1b4a,38488d50,KG,1,1,30,17/12/2022,Cash,17/12/2022 20:41:46,
62e2bcd0,a92f80eb,KG,7,1,140,17/12/2022,Cash,17/12/2022 20:42:15,
10f9bf40,38488d38,KG,0.6,1,45,17/12/2022,Cash,17/12/2022 20:42:47,
97e804c3,38488d47,KG,10,1,200,17/12/2022,Cash,17/12/2022 20:43:20,
8d7907f9,5ad61e4e,KG,2,1,90,17/12/2022,Cash,17/12/2022 20:43:56,
8f78f943,38488d32,Liter,1,2,102,17/12/2022,Cash,17/12/2022 21:01:25,
b89ea8e2,38488d33,KG,2,1,65,17/12/2022,Cash,17/12/2022 21:01:46,
8cac4165,38488d78,KG,0.5,1,36,17/12/2022,Cash,17/12/2022 21:43:43,
23a5f038,38488d32,Liter,1,3,153,18/12/2022,Cash,18/12/2022 20:06:22,
64fbce14,38488d50,KG,1.5,1,50,18/12/2022,Cash,18/12/2022 20:06:57,
1f0992c0,1870042c,KG,5,1,100,18/12/2022,Cash,18/12/2022 20:13:02,
c9499dc8,38488d51,KG,0.75,1,225,18/12/2022,Cash,18/12/2022 20:13:45,
e48e612d,2bdbfdb6,KG,1,1,100,18/12/2022,Cash,18/12/2022 20:16:03,
fa5843ab,de30c419,Piece,1,1,80,18/12/2022,Cash,18/12/2022 20:18:08,
e54f2083,ee4c7cc6,Piece,1,1,70,18/12/2022,Cash,18/12/2022 20:22:38,
c408629a,3f40d071,Piece,1,8,240,18/12/2022,Cash,18/12/2022 22:06:28,
23ac2f9c,38488d32,Liter,1,3,153,19/12/2022,Cash,19/12/2022 19:33:46,
318654ea,38488d48,KG,1,1,69,19/12/2022,Cash,19/12/2022 19:34:22,
8da511f9,38488d43,KG,0.5,1,40,19/12/2022,Cash,19/12/2022 19:34:39,
675478fa,38488d34,KG,0.5,1,20,19/12/2022,Cash,19/12/2022 19:35:06,
b714852a,38488d35,KG,0.5,1,20,19/12/2022,Cash,19/12/2022 19:36:06,
ba4bee0a,38488d33,KG,1,1,40,19/12/2022,Cash,19/12/2022 19:36:25,
99ca6e16,38488d37,KG,1,1,30,19/12/2022,Cash,19/12/2022 19:36:51,
bfdecc4f,e9a8e3b3,Piece,1,1,55,19/12/2022,Cash,19/12/2022 19:37:07,
b9ab46c3,3f40d071,Piece,12,1,40,19/12/2022,Cash,19/12/2022 19:37:48,
05bfca15,15ed5402,KG,1,1,95,19/12/2022,Cash,19/12/2022 19:39:26,
4cebf0ae,63d5aa69,Piece,1,1,90,19/12/2022,Cash,19/12/2022 19:40:04,
0522467f,0d604b3e,KG,0.5,1,150,19/12/2022,Cash,19/12/2022 19:40:49,
4241aa62,859c1eff,Piece,1,2,60,19/12/2022,Cash,19/12/2022 19:41:43,
33ded569,0c53ef5a,KG,0.5,1,20,19/12/2022,Cash,19/12/2022 19:42:55,
f5734a61,38488d58,Piece,1,4,40,19/12/2022,Cash,19/12/2022 21:15:48,
5598921f,38488d32,Liter,1,3,153,20/12/2022,Cash,20/12/2022 17:50:53,
69d38006,38488d82,KG,0.25,1,15,20/12/2022,Cash,20/12/2022 17:52:01,
c4da2e70,38488d36,KG,0.5,1,40,20/12/2022,Cash,20/12/2022 17:52:41,
0b0ea70c,a31d5abb,KG,0.5,1,30,20/12/2022,Cash,20/12/2022 17:53:25,
a1d0905f,38488d38,KG,0.6,1,45,20/12/2022,Cash,20/12/2022 17:54:46,
92cc3f67,38488d72,KG,0.5,1,20,20/12/2022,Cash,20/12/2022 17:56:05,
95f6a9a1,38488d37,KG,2.5,1,50,20/12/2022,Cash,20/12/2022 20:37:05,
a49c5067,38488d82,KG,0.5,1,20,20/12/2022,Cash,20/12/2022 20:37:35,
3bcc671d,38488d35,KG,1,1,30,20/12/2022,Cash,20/12/2022 20:38:00,
dcf96c39,38488d33,KG,2.5,1,50,20/12/2022,Cash,20/12/2022 20:38:30,
ac0d45bf,38488d68,KG,3,1,100,20/12/2022,Cash,20/12/2022 20:40:36,
27aab97e,2f5f74e8,KG,330,2,100,20/12/2022,Cash,20/12/2022 20:41:10,
b94e821c,38488d32,Liter,1,2,102,20/12/2022,Cash,20/12/2022 20:42:10,
bc136b99,fcd75bd5,KG,0.02,1,50,20/12/2022,Cash,20/12/2022 20:42:24,
f18d5d2a,38488d72,KG,0.5,1,20,20/12/2022,Cash,20/12/2022 20:42:58,
ddf24927,38488d69,KG,0.25,1,110,20/12/2022,Cash,20/12/2022 20:43:27,
8232a7d7,38488d84,KG,2,1,40,20/12/2022,Cash,20/12/2022 20:43:55,
bca80b16,df878bc5,KG,1,1,30,20/12/2022,Cash,20/12/2022 20:44:26,
f5523560,1870042c,KG,5,1,100,20/12/2022,Cash,20/12/2022 21:50:46,
9c252a3a,818ce46b,KG,1.5,1,50,20/12/2022,Cash,20/12/2022 21:51:30,
4be1cce7,38488d36,KG,1,1,60,20/12/2022,Cash,20/12/2022 21:53:12,
15570b2e,7cfdeddd,KG,0.5,1,40,20/12/2022,Cash,20/12/2022 21:53:45,
a0ea7fac,5040fe86,KG,3,1,50,20/12/2022,Cash,20/12/2022 21:54:15,
6504cad7,557cb1a3,Piece,1,3,40,20/12/2022,Cash,20/12/2022 22:00:13,
49ecfc05,a31d5abb,KG,1,1,40,20/12/2022,Cash,20/12/2022 22:14:16,
6c8dff66,38488d32,Liter,1,2,102,21/12/2022,Cash,21/12/2022 21:27:26,
192ce563,7836518d,Piece,1,2,160,21/12/2022,Cash,21/12/2022 21:27:58,
7538a366,38488d32,Liter,1,3,153,22/12/2022,Cash,22/12/2022 19:11:26,
61d00f7f,38488d38,KG,0.6,1,45,22/12/2022,Cash,22/12/2022 19:12:32,
6b55f7e4,a92f80eb,KG,5,1,100,22/12/2022,Cash,22/12/2022 19:13:23,
7d39a95d,38488d32,Liter,1,3,153,23/12/2022,Cash,23/12/2022 17:55:17,
53efba37,38488d72,KG,0.5,1,20,23/12/2022,Cash,23/12/2022 17:55:42,
6a49e346,a92f80eb,KG,7,1,140,23/12/2022,Cash,23/12/2022 17:57:03,
ba46d9f9,38488d47,KG,3.5,1,75,23/12/2022,Cash,23/12/2022 17:57:23,
b66ec974,38488d34,KG,1,1,30,23/12/2022,Cash,23/12/2022 17:57:55,
ba9ca36a,38488d68,KG,3,1,90,23/12/2022,Cash,23/12/2022 17:58:29,
e2e930a7,ee4c7cc6,Piece,1,1,70,23/12/2022,Cash,23/12/2022 20:32:53,
61c96c69,38488d56,Piece,1,2,130,23/12/2022,Cash,23/12/2022 22:10:24,
8ebe48cb,38488d43,KG,0.5,4,40,23/12/2022,Cash,23/12/2022 22:11:52,
e812797f,38488d32,Liter,1,3,153,24/12/2022,Cash,24/12/2022 18:17:16,
244cb939,38488d50,KG,1.5,1,45,24/12/2022,Cash,24/12/2022 18:17:33,
0391aa3e,38488d71,KG,3.5,1,75,24/12/2022,Cash,24/12/2022 18:18:34,
1972f7d3,a92f80eb,KG,10,1,180,24/12/2022,Cash,24/12/2022 18:21:14,
572e623b,1870042c,KG,5,1,100,24/12/2022,Cash,24/12/2022 18:22:00,
b458c6ab,38488d47,KG,10,1,210,24/12/2022,Cash,24/12/2022 18:32:06,
4805cd11,38488d72,KG,1,1,30,24/12/2022,Cash,24/12/2022 18:35:12,
45bf536e,fcde63e0,Piece,1,1,10,24/12/2022,Cash,24/12/2022 18:35:56,
b542378c,38488d38,KG,0.6,1,45,24/12/2022,Cash,24/12/2022 18:36:20,
df43c9a3,38488d48,KG,0.2,1,17,24/12/2022,Cash,24/12/2022 18:36:57,
8477ed1a,38488d42,Piece,1,2,28,24/12/2022,Cash,24/12/2022 20:38:23,
56f97919,38488d32,Liter,1,3,153,25/12/2022,Cash,25/12/2022 19:39:28,
a3ddfb23,38488d50,KG,1,1,30,25/12/2022,Cash,25/12/2022 19:39:41,
35db4476,38488d34,KG,0.25,1,10,25/12/2022,Cash,25/12/2022 19:40:10,
c7eaa27d,38488d35,KG,0.25,1,10,25/12/2022,Cash,25/12/2022 20:31:26,
6c4195b6,89c87d59,KG,0.1,1,60,25/12/2022,Cash,25/12/2022 20:32:54,
df6b99f7,38488d51,KG,0.75,1,225,25/12/2022,Cash,25/12/2022 20:33:59,
00da53c4,38488d80,KG,1.5,1,60,25/12/2022,Cash,25/12/2022 20:35:02,
5857fb17,52cdaa61,KG,50,1,1500,25/12/2022,Cash,25/12/2022 20:35:54,
fb329e07,c4721744,Piece,1,3,90,25/12/2022,Cash,25/12/2022 21:13:21,
762f794a,a30cd5cc,Piece,1,10,150,25/12/2022,Cash,25/12/2022 21:16:24,
934f7269,5040fe86,KG,2.5,1,50,25/12/2022,Cash,25/12/2022 21:18:39,
e6a4bfe5,38488d32,Liter,1,3,153,26/12/2022,Cash,26/12/2022 17:55:47,
cb6c8ea7,38488d48,KG,0.5,2,64,26/12/2022,Cash,26/12/2022 17:58:35,
e85e617e,38488d33,KG,2.5,1,75,26/12/2022,Cash,26/12/2022 17:59:49,
73557ce9,38488d50,KG,1,1,30,26/12/2022,Cash,26/12/2022 18:00:57,
8ebc9b25,38488d36,KG,0.5,1,40,26/12/2022,Cash,26/12/2022 18:01:19,
8fe81ff9,064cc6e0,Piece,1,1,150,26/12/2022,Cash,26/12/2022 18:03:45,
34ef9046,38488d60,KG,0.5,1,80,26/12/2022,Cash,26/12/2022 20:13:26,
11dcc1e0,38488d59,KG,0.5,1,80,26/12/2022,Cash,26/12/2022 20:15:05,
4b4499c7,316fcd40,KG,2,1,120,26/12/2022,Cash,26/12/2022 20:21:57,
88b770ce,e73a4f6b,Piece,1,2,20,26/12/2022,Cash,26/12/2022 22:25:59,
62d3db94,38488d82,KG,0.25,,15,26/12/2022,Cash,26/12/2022 22:27:35,
5f48cd2a,a208793d,Piece,1,1,20,26/12/2022,Cash,26/12/2022 22:30:39,
67fa2c1c,38488d32,Liter,1,5,255,27/12/2022,Cash,27/12/2022 16:19:01,
90f95088,df878bc5,KG,1,1,30,27/12/2022,Cash,27/12/2022 16:22:23,
bc8768b3,82d4923b,Piece,1,1,250,27/12/2022,Cash,27/12/2022 19:08:30,
94124610,38488d69,KG,0.25,1,110,27/12/2022,Cash,27/12/2022 19:11:20,
5039974c,38488d33,KG,3,1,60,27/12/2022,Cash,27/12/2022 22:02:46,
57ead572,38488d34,KG,1,1,30,27/12/2022,Cash,27/12/2022 22:03:05,
baeb0747,38488d35,KG,1,1,20,27/12/2022,Cash,27/12/2022 22:03:30,
6bdc8351,38488d37,KG,2,1,40,27/12/2022,Cash,27/12/2022 22:03:50,
7c482b59,38488d68,KG,5,1,100,27/12/2022,Cash,27/12/2022 22:04:08,
84805972,38488d72,KG,0.5,1,20,27/12/2022,Cash,27/12/2022 22:04:34,
e5e9b942,38488d82,KG,0.5,1,20,27/12/2022,Cash,27/12/2022 22:05:26,
9700ccd2,818ce46b,KG,1.5,1,60,27/12/2022,Cash,27/12/2022 22:06:07,
5d4dac46,3bcf4d95,KG,2.5,1,100,27/12/2022,Cash,27/12/2022 22:07:23,
09e27d52,5040fe86,KG,3,1,50,27/12/2022,Cash,27/12/2022 22:18:19,
ae0b991d,7cfdeddd,KG,0.5,1,40,27/12/2022,Cash,27/12/2022 22:19:42,
2d775a6a,38488d32,Liter,1,3,153,28/12/2022,Cash,28/12/2022 19:35:58,
1c89ee7c,38488d38,KG,0.6,1,45,28/12/2022,Cash,28/12/2022 19:36:36,
6c845a29,1870042c,KG,5,1,100,28/12/2022,Cash,28/12/2022 19:36:56,
e368f186,557cb1a3,Piece,1,3,40,28/12/2022,Cash,28/12/2022 19:37:17,
852cc065,38488d32,Liter,1,3,159,29/12/2022,Cash,29/12/2022 19:17:21,
692596c1,38488d36,KG,1.5,1,120,29/12/2022,Cash,29/12/2022 19:20:34,
d34053f6,1870042c,KG,5,1,100,29/12/2022,Cash,29/12/2022 19:23:53,
b58ebfdd,38488d72,KG,1,1,30,29/12/2022,Cash,29/12/2022 19:24:43,
ae233765,38488d43,KG,0.5,4,40,29/12/2022,Cash,29/12/2022 19:26:15,
bbaa7189,38488d32,KG,0.5,2,54,29/12/2022,Cash,29/12/2022 21:51:43,
351beb77,ed69c25d,Piece,1,2,60,29/12/2022,Cash,29/12/2022 22:06:37,
f8e4e102,1d9fc2aa,Piece,1,1,10,29/12/2022,Cash,29/12/2022 22:07:36,
38f68902,38488d32,Liter,1,3,159,30/12/2022,Cash,30/12/2022 20:02:22,
05cece39,38488d34,KG,0.5,1,20,30/12/2022,Cash,30/12/2022 20:03:11,
2fe13759,38488d35,KG,1,1,30,30/12/2022,Cash,30/12/2022 20:03:42,
6cc5591c,38488d50,KG,1,1,30,30/12/2022,Cash,30/12/2022 20:04:05,
b23b4e30,38488d84,KG,1,1,30,30/12/2022,Cash,30/12/2022 20:04:28,
143c19e0,a92f80eb,KG,10,1,160,30/12/2022,Cash,30/12/2022 20:05:06,
2acb15a8,c8599a42,Piece,1,1,35,30/12/2022,Cash,30/12/2022 20:05:41,
a03a4c1d,859c1eff,Piece,1,1,10,30/12/2022,Cash,30/12/2022 20:06:15,
718801fa,38488d56,Piece,1,2,130,30/12/2022,Cash,30/12/2022 20:07:19,
93adaf4a,df878bc5,KG,1,1,30,30/12/2022,Cash,30/12/2022 20:08:12,
47191431,38488d32,Liter,1,5,265,31/12/2022,Cash,31/12/2022 19:42:15,
b77959e0,38488d38,KG,0.6,1,45,31/12/2022,Cash,31/12/2022 19:43:27,
5222a60c,ee4c7cc6,Piece,1,1,70,31/12/2022,Cash,31/12/2022 19:43:47,
f7c13219,38488d51,KG,1.5,1,450,31/12/2022,Cash,31/12/2022 19:44:43,
e612bc5f,c8847587,Piece,1,1,100,31/12/2022,Cash,31/12/2022 19:55:02,
c9527543,e73a4f6b,Piece,1,1,10,31/12/2022,Cash,31/12/2022 19:56:25,
65f2c7f4,6b5d3659,Piece,1,4,48,31/12/2022,Cash,31/12/2022 21:25:15,
e92ece94,0601c3cb,Piece,1,2,18,31/12/2022,Cash,31/12/2022 22:40:32,
42709494,38488d32,Liter,1,5,265,01/01/2023,Cash,01/01/2023 19:06:46,
dee1f332,ce05a0dc,Piece,1,10,100,01/01/2023,Cash,01/01/2023 19:08:47,
1deaedfe,de30c419,KG,0.1,1,96,01/01/2023,Cash,01/01/2023 19:10:24,
9c732be2,38488d47,KG,10,1,200,01/01/2023,Cash,01/01/2023 19:11:43,
05dc6658,1870042c,KG,7.5,1,130,01/01/2023,Cash,01/01/2023 19:12:23,
c9f6dc9d,5040fe86,KG,3,1,60,01/01/2023,Cash,01/01/2023 19:16:29,
d7bc4e2c,38488d32,KG,0.5,1,27,01/01/2023,Cash,01/01/2023 21:55:33,
b06943b2,38488d32,Liter,1,3,159,02/01/2023,Cash,02/01/2023 19:14:25,
3fc4c382,38488d38,KG,0.6,4,180,02/01/2023,Cash,02/01/2023 19:14:42,
3969b546,38488d64,Piece,1,1,50,02/01/2023,Cash,02/01/2023 19:15:16,
4f4eaa2b,070c1507,Piece,1,2,75,02/01/2023,Cash,02/01/2023 19:16:00,
2b381615,38488d71,KG,3,1,80,02/01/2023,Cash,02/01/2023 19:17:28,
799006dc,5040fe86,KG,4,1,60,02/01/2023,Cash,02/01/2023 19:18:30,
d360449b,38488d48,KG,0.5,1,32,02/01/2023,Cash,02/01/2023 19:20:57,
558c0610,38488d78,KG,0.5,1,35,02/01/2023,Cash,02/01/2023 19:21:58,
4c1048e4,38488d32,Liter,1,3,159,03/01/2023,Cash,03/01/2023 21:06:18,
b6d7060b,38488d63,KG,2,1,60,03/01/2023,Cash,03/01/2023 21:07:06,
95dd7d90,38488d34,KG,1,1,20,03/01/2023,Cash,03/01/2023 21:07:28,
6ebca6fa,7211596c,Piece,1,12,100,03/01/2023,Cash,03/01/2023 21:07:44,
af9ce65f,524a0b85,Piece,1,12,100,03/01/2023,Cash,03/01/2023 21:09:15,
91da3784,38488d32,KG,0.5,4,108,03/01/2023,Cash,03/01/2023 21:10:54,
324ee7fb,38488d69,KG,0.25,1,110,03/01/2023,Cash,03/01/2023 21:12:02,
ac6b2786,38488d40,KG,1,1,30,03/01/2023,Cash,03/01/2023 21:54:24,
edc66ee9,7cfdeddd,KG,0.5,1,30,03/01/2023,Cash,03/01/2023 21:54:50,
c2867b2c,38488d37,KG,3,1,40,03/01/2023,Cash,03/01/2023 21:55:19,
30fc40ff,38488d35,KG,1.5,1,40,03/01/2023,Cash,03/01/2023 21:55:57,
3d781dcd,38488d72,KG,1,1,30,03/01/2023,Cash,03/01/2023 21:56:52,
eefd01c8,38488d84,KG,2.5,1,50,03/01/2023,Cash,03/01/2023 21:57:42,
774b48e5,df878bc5,KG,1,1,30,03/01/2023,Cash,03/01/2023 21:58:18,
1bfa44e7,5040fe86,KG,5,1,50,03/01/2023,Cash,03/01/2023 21:59:24,
d763a94b,38488d82,KG,0.5,1,20,03/01/2023,Cash,03/01/2023 22:25:33,
64931e2b,a92f80eb,KG,7.5,1,130,03/01/2023,Cash,03/01/2023 22:25:59,
16ed7251,38488d33,KG,3,1,50,03/01/2023,Cash,03/01/2023 22:26:55,
f816cd1f,38488d32,KG,0.5,6,162,04/01/2023,Cash,04/01/2023 19:38:39,
527add05,38488d56,Piece,1,2,130,04/01/2023,Cash,04/01/2023 19:39:18,
231c8280,38488d68,KG,5,1,130,04/01/2023,Cash,04/01/2023 19:40:08,
171b90c3,a8c615c3,Piece,1,1,50,04/01/2023,Cash,04/01/2023 19:40:49,
e8e65aa6,9e80589b,Piece,1,1,42,04/01/2023,Cash,04/01/2023 19:41:52,
35f60c9e,38488d32,KG,0.5,4,108,05/01/2023,Cash,05/01/2023 18:10:00,
ed46b4a8,38488d36,KG,0.75,1,50,05/01/2023,Cash,05/01/2023 18:11:53,
404af6f0,a31d5abb,KG,1,1,60,05/01/2023,Cash,05/01/2023 18:12:47,
e6ab94ed,38488d35,KG,0.25,1,10,05/01/2023,Cash,05/01/2023 18:13:13,
20453010,859c1eff,Piece,1,1,10,05/01/2023,Cash,05/01/2023 18:13:29,
d62c24a5,0c53ef5a,KG,0.25,1,10,05/01/2023,Cash,05/01/2023 18:14:30,
700d2227,38488d38,KG,0.6,1,45,05/01/2023,Cash,05/01/2023 18:15:11,
109fc282,38488d54,KG,5,1,180,05/01/2023,Cash,05/01/2023 18:15:46,
62fc7bea,38488d59,KG,1,1,160,05/01/2023,Cash,05/01/2023 18:16:29,
d8c1aea9,38488d60,KG,0.5,1,80,05/01/2023,Cash,05/01/2023 18:18:08,
702c3ff7,38488d32,Liter,1,3,159,06/01/2023,Cash,06/01/2023 19:33:35,
f0a2f030,38488d47,KG,7,1,150,06/01/2023,Cash,06/01/2023 19:33:50,
a88c7273,38488d68,KG,10,1,250,06/01/2023,Cash,06/01/2023 19:36:04,
4f3354cd,38488d32,Liter,1,3,159,07/01/2023,Cash,07/01/2023 18:05:09,
01f90b34,a92f80eb,KG,10,1,170,07/01/2023,Cash,07/01/2023 18:06:10,
3fb4bed3,9efdfdb6,KG,10,1,500,07/01/2023,Cash,07/01/2023 18:07:25,
965ff1f6,52cdaa61,KG,50,1,1500,07/01/2023,Cash,07/01/2023 18:09:58,
8fc10638,070c1507,Piece,4,4,110,07/01/2023,Cash,07/01/2023 21:08:35,
c8b12fcf,31716cce,Piece,1,1,40,07/01/2023,Cash,07/01/2023 21:09:50,
9775e89e,38488d43,KG,0.33,4,40,07/01/2023,Cash,07/01/2023 21:18:57,
94cf7dab,38488d32,Liter,1,3,159,08/01/2023,Cash,08/01/2023 21:53:12,
a1937d5c,2bdbfdb6,KG,1,1,100,08/01/2023,Cash,08/01/2023 21:54:10,
537a09eb,38488d51,KG,0.75,1,225,08/01/2023,Cash,08/01/2023 21:55:14,
7af4eeea,1870042c,KG,10,1,200,08/01/2023,Cash,08/01/2023 21:56:01,
8a3a6983,38488d82,KG,0.5,1,30,08/01/2023,Cash,08/01/2023 21:57:15,
23631b8d,38488d38,KG,0.6,1,45,08/01/2023,Cash,08/01/2023 21:57:48,
a78c509c,38488d32,Liter,1,3,159,09/01/2023,Cash,09/01/2023 20:45:05,
5c9f93b8,38488d36,KG,0.5,1,40,09/01/2023,Cash,09/01/2023 20:45:29,
5528e11d,38488d72,KG,0.5,1,20,09/01/2023,Cash,09/01/2023 20:45:54,
3e930fb7,66645b81,KG,2.5,1,100,09/01/2023,Cash,09/01/2023 20:46:37,
121c2f7d,38488d38,KG,0.6,1,45,09/01/2023,Cash,09/01/2023 20:48:40,
198158cc,38488d70,Piece,2,7,105,09/01/2023,Cash,09/01/2023 20:49:19,
58dba3e9,38488d53,KG,1,1,28,09/01/2023,Cash,09/01/2023 20:51:37,
4796ab72,1c8c560e,KG,0.1,1,20,09/01/2023,Cash,09/01/2023 20:51:59,
eada23b3,9e80589b,Piece,1,1,42,09/01/2023,Cash,09/01/2023 20:52:55,
4b09278a,12a2ea36,KG,0.25,1,40,09/01/2023,Cash,09/01/2023 20:54:42,
931c9153,38488d32,Liter,1,3,159,10/01/2023,Cash,10/01/2023 19:34:36,
e27d90a0,3ed563fc,Piece,1,10,300,10/01/2023,Cash,10/01/2023 19:35:27,
32b2b788,38488d78,KG,1,2,100,10/01/2023,Cash,10/01/2023 19:37:34,
fe8cd7b0,38488d69,KG,0.25,1,110,10/01/2023,Cash,10/01/2023 19:38:26,
602f8671,35cf7f7d,Piece,1,1,200,10/01/2023,Cash,10/01/2023 19:39:24,
a8ee2bbb,87506445,Piece,1,1,20,10/01/2023,Cash,10/01/2023 19:49:03,
20aeff25,2f5f74e8,KG,0.4,1,150,10/01/2023,Cash,10/01/2023 19:57:34,
30930f27,38488d32,KG,2,1,100,10/01/2023,Cash,10/01/2023 19:58:51,
5ae1806e,12a2ea36,KG,0.5,1,70,10/01/2023,Cash,10/01/2023 20:19:07,
f55cb0d3,38488d33,KG,3,1,50,10/01/2023,Cash,10/01/2023 21:51:53,
aa7ddcb9,38488d37,KG,2,1,30,10/01/2023,Cash,10/01/2023 21:52:18,
43b2be4c,61deb399,KG,1,1,50,10/01/2023,Cash,10/01/2023 21:52:42,
170d4923,38488d63,KG,2,1,50,10/01/2023,Cash,10/01/2023 21:53:33,
31976a68,38488d72,KG,0.5,1,20,10/01/2023,Cash,10/01/2023 21:53:56,
a1d1f4a0,df878bc5,KG,1,1,40,10/01/2023,Cash,10/01/2023 21:54:22,
0d4f51ea,5040fe86,KG,6,1,60,10/01/2023,Cash,10/01/2023 21:55:47,
82bbf15d,a92f80eb,KG,16,1,240,10/01/2023,Cash,10/01/2023 22:10:23,
d28fc936,38488d84,KG,2,1,30,10/01/2023,Cash,10/01/2023 22:11:06,
7869253d,3f5a9999,Liter,5,1,75,10/01/2023,Cash,10/01/2023 22:36:15,
83d8eab7,38488d32,Liter,1,3,159,11/01/2023,Cash,11/01/2023 21:30:28,
8a3520ff,8f2b10eb,Piece,1,3,300,11/01/2023,Cash,11/01/2023 21:31:19,
5be542a1,38488d50,KG,1,1,30,11/01/2023,Cash,11/01/2023 21:33:36,
bef03b8e,38488d35,KG,0.5,1,10,11/01/2023,Cash,11/01/2023 21:34:10,
5a807ccc,38488d38,KG,0.6,1,45,11/01/2023,Cash,11/01/2023 21:34:52,
0238fed4,38488d71,KG,1.5,1,50,11/01/2023,Cash,11/01/2023 21:35:18,
c938bd86,38488d70,Piece,12,5,175,11/01/2023,Cash,11/01/2023 21:35:50,
01ab24a7,38488d32,Liter,1,3,159,12/01/2023,Cash,12/01/2023 19:50:28,
ad23d406,38488d70,Piece,6,1,40,12/01/2023,Cash,12/01/2023 19:52:24,
a5f402bc,38488d63,KG,1.5,1,50,12/01/2023,Cash,12/01/2023 19:52:57,
ead37e08,2daa5bc6,Piece,1,1,80,12/01/2023,Cash,12/01/2023 19:53:19,
d0feb97a,38488d43,Liter,0.3,4,40,12/01/2023,Cash,12/01/2023 19:54:56,
8c56b10e,1870042c,KG,5,1,100,12/01/2023,Cash,12/01/2023 19:55:30,
d3a483cf,9b2a124b,Piece,3,1,470,12/01/2023,Cash,12/01/2023 22:28:57,
764cad8d,38488d32,Liter,1,3,159,13/01/2023,Cash,13/01/2023 21:47:11,
17c41563,38488d64,Piece,1,3,150,13/01/2023,Cash,13/01/2023 21:47:31,
11c3cb12,23b9f5a5,KG,0.5,1,90,13/01/2023,Cash,13/01/2023 21:50:20,
05eece6f,62b2a743,KG,0.5,1,120,13/01/2023,Cash,13/01/2023 21:54:48,
4af93a9e,12a2ea36,KG,1,1,120,13/01/2023,Cash,13/01/2023 22:17:01,
b28e1a7c,38488d82,KG,0.25,1,20,13/01/2023,Cash,13/01/2023 22:18:58,
753cb8a3,38488d72,KG,0.5,1,25,13/01/2023,Cash,13/01/2023 22:20:17,
64f7f078,38488d36,KG,0.25,1,20,13/01/2023,Cash,13/01/2023 22:20:58,
41735950,72333f40,Piece,1,3,60,13/01/2023,Cash,13/01/2023 22:46:11,
40284d42,38488d32,KG,0.5,8,216,14/01/2023,Cash,14/01/2023 16:21:17,
b91bac8a,1870042c,KG,6,1,120,14/01/2023,Cash,14/01/2023 16:22:33,
738a2a59,38488d36,KG,1,1,80,14/01/2023,Cash,14/01/2023 16:22:54,
35c66b62,38488d72,KG,1,1,50,14/01/2023,Cash,14/01/2023 16:23:14,
16bb69bc,38488d82,KG,0.5,1,30,14/01/2023,Cash,14/01/2023 16:23:45,
273bb7d1,38488d56,Piece,1,2,130,14/01/2023,Cash,14/01/2023 16:24:16,
473d3432,a31d5abb,KG,1,1,60,14/01/2023,Cash,14/01/2023 16:24:38,
24021fe0,1e986aaf,Piece,1,1,45,14/01/2023,Cash,14/01/2023 16:25:37,
22dcd8bb,38488d47,KG,6,1,150,14/01/2023,Cash,14/01/2023 21:15:22,
b1696a52,de30c419,KG,0.1,1,60,14/01/2023,Cash,14/01/2023 21:16:12,
f21f8b9c,38488d51,KG,1,1,300,14/01/2023,Cash,14/01/2023 21:16:59,
4656728f,b20fb1fa,KG,1.75,1,210,14/01/2023,Cash,14/01/2023 21:20:43,
cb3eeac9,38488d32,Liter,1,5,265,15/01/2023,Cash,15/01/2023 22:13:10,
7cbe74c2,095d7fcf,KG,1,1,100,15/01/2023,Cash,15/01/2023 22:14:00,
3a01a44f,38488d32,Liter,1,3,159,16/01/2023,Cash,16/01/2023 19:37:19,
4eb24528,38488d38,KG,0.6,1,45,16/01/2023,Cash,16/01/2023 19:38:16,
0e6122c6,38488d71,KG,3,1,80,16/01/2023,Cash,16/01/2023 19:40:09,
34c08827,e73a4f6b,Piece,1,2,20,16/01/2023,Cash,16/01/2023 21:09:18,
0a485b9c,38488d32,Liter,1,3,159,17/01/2023,Cash,17/01/2023 19:24:31,
ba86780e,38488d38,KG,0.6,4,180,17/01/2023,Cash,17/01/2023 19:26:37,
7255591c,38488d48,KG,0.5,1,32,17/01/2023,Cash,17/01/2023 19:29:40,
628e57eb,38488d43,KG,0.35,4,40,17/01/2023,Cash,17/01/2023 19:30:13,
586dd633,38488d69,KG,0.25,1,110,17/01/2023,Cash,17/01/2023 19:30:37,
26a3896a,49bab0db,Liter,2,1,60,17/01/2023,Cash,17/01/2023 19:31:11,
286466f8,fcde63e0,Piece,1,1,5,17/01/2023,Cash,17/01/2023 19:32:05,
8412d08b,38488d47,KG,15,1,300,17/01/2023,Cash,17/01/2023 20:55:04,
0b233dbb,38488d33,KG,3,1,50,17/01/2023,Cash,17/01/2023 21:49:46,
4174b1e8,38488d37,KG,2,1,30,17/01/2023,Cash,17/01/2023 21:50:15,
13667787,38488d72,KG,0.5,1,20,17/01/2023,Cash,17/01/2023 21:51:03,
c7bf8de5,38488d32,KG,2,1,106,17/01/2023,Cash,17/01/2023 21:52:02,
65198340,38488d35,KG,2,1,40,17/01/2023,Cash,17/01/2023 21:53:05,
412701d8,38488d34,KG,1,1,30,17/01/2023,Cash,17/01/2023 21:53:21,
c076cf8e,df878bc5,KG,1,1,40,17/01/2023,Cash,17/01/2023 21:53:33,
76862e1c,5040fe86,KG,5,1,50,17/01/2023,Cash,17/01/2023 21:54:04,
d9d2649f,818ce46b,KG,1.5,1,80,17/01/2023,Cash,17/01/2023 21:54:25,
0936b15f,38488d63,KG,2,1,30,17/01/2023,Cash,17/01/2023 21:57:19,
72594e9f,a92f80eb,KG,20,1,240,17/01/2023,Cash,17/01/2023 22:39:57,
6eb09f64,38488d32,Liter,1,3,159,18/01/2023,Cash,18/01/2023 20:19:12,
3f7e919d,316fcd40,KG,2,1,120,18/01/2023,Cash,18/01/2023 20:20:06,
17154fff,859c1eff,Piece,1,5,50,18/01/2023,Cash,18/01/2023 20:22:31,
85ecd624,38488d76,Piece,1,1,50,18/01/2023,Cash,18/01/2023 20:23:37,
7f89953e,30b20781,Piece,1,1,540,18/01/2023,Cash,18/01/2023 21:03:12,
fbf34def,7836518d,Piece,1,2,180,18/01/2023,Cash,18/01/2023 22:05:15,
4bfccfed,38488d32,Liter,1,3,159,19/01/2023,Cash,19/01/2023 18:51:13,
701ed671,1870042c,KG,6,1,130,19/01/2023,Cash,19/01/2023 18:51:42,
5a6ec037,38488d68,KG,2,1,70,19/01/2023,Cash,19/01/2023 18:52:26,
d0ea472d,aadb68ed,KG,1,1,180,19/01/2023,Cash,19/01/2023 19:44:53,
64d0865b,38488d61,KG,0.5,1,140,19/01/2023,Cash,19/01/2023 19:50:13,
c3510515,0c8d8227,KG,0.25,1,120,19/01/2023,Cash,19/01/2023 19:50:57,
6e4e72f6,88eedc92,KG,0.25,1,60,19/01/2023,Cash,19/01/2023 19:52:10,
e92a44bc,38488d38,KG,0.6,1,45,19/01/2023,Cash,19/01/2023 21:40:36,
c2b0d85f,38488d32,Liter,1,3,159,20/01/2023,Cash,20/01/2023 20:13:02,
d4b64b01,38488d84,Piece,2,1,60,20/01/2023,Cash,20/01/2023 20:14:27,
08a7c645,38488d68,KG,3.5,1,120,20/01/2023,Cash,20/01/2023 20:15:53,
7a84e887,38488d32,Liter,1,3,159,21/01/2023,Cash,21/01/2023 19:17:27,
f767f649,38488d33,KG,1,1,30,21/01/2023,Cash,21/01/2023 19:18:35,
cf83a8ff,38488d35,KG,1,1,30,21/01/2023,Cash,21/01/2023 19:19:27,
0f96848d,38488d36,KG,1,1,80,21/01/2023,Cash,21/01/2023 19:19:47,
b3dc1dab,38488d68,KG,4,1,100,21/01/2023,Cash,21/01/2023 19:20:17,
d9ab861d,38488d43,KG,0.3,4,40,21/01/2023,Cash,21/01/2023 19:20:45,
4f489552,38488d82,KG,0.5,1,40,21/01/2023,Cash,21/01/2023 19:21:20,
1ad658ac,5040fe86,KG,3,1,60,21/01/2023,Cash,21/01/2023 19:22:28,
8ade3e80,5ad61e4e,KG,2,1,90,21/01/2023,Cash,21/01/2023 20:02:46,
6bbb2120,52cdaa61,KG,50,1,1600,21/01/2023,Cash,21/01/2023 20:03:26,
3abb78ff,38488d48,KG,1,1,69,21/01/2023,Cash,21/01/2023 20:05:46,
e6c66d3b,38488d32,Liter,1,3,159,22/01/2023,Cash,22/01/2023 21:38:22,
bbf20d46,38488d72,KG,0.5,1,30,22/01/2023,Cash,22/01/2023 21:39:26,
7626385e,38488d51,KG,0.75,1,240,22/01/2023,Cash,22/01/2023 21:40:41,
bc41f1f5,095d7fcf,KG,1,1,100,22/01/2023,Cash,22/01/2023 21:42:21,
1afe979b,38488d32,Liter,1,3,159,23/01/2023,Cash,23/01/2023 20:57:28,
d2847039,1870042c,KG,6,1,100,23/01/2023,Cash,23/01/2023 20:58:12,
e3adefd6,38488d33,KG,1,1,30,23/01/2023,Cash,23/01/2023 20:59:41,
55f3a4d5,38488d34,KG,0.5,1,20,23/01/2023,Cash,23/01/2023 20:59:55,
acba234f,38488d35,KG,0.5,1,20,23/01/2023,Cash,23/01/2023 21:00:31,
0d79fee1,38488d40,KG,0.25,1,20,23/01/2023,Cash,23/01/2023 21:00:53,
aa23c8c3,38488d37,KG,1,1,20,23/01/2023,Cash,23/01/2023 21:01:25,
bb37980c,de30c419,Piece,1,1,80,23/01/2023,Cash,23/01/2023 21:02:07,
ad519f78,38488d59,Piece,1,2,20,23/01/2023,Cash,23/01/2023 21:03:57,
fdb11ca0,c39b54f2,KG,0.5,1,65,23/01/2023,Cash,23/01/2023 22:03:12,
36591752,38488d32,Liter,1,3,159,24/01/2023,Cash,24/01/2023 18:26:18,
7b5e570d,38488d56,Piece,1,2,130,24/01/2023,Cash,24/01/2023 18:27:35,
dff96aa7,608e4a15,Piece,1,1,120,24/01/2023,Cash,24/01/2023 18:29:03,
415f0960,38488d32,KG,0.5,4,108,24/01/2023,Cash,24/01/2023 18:30:40,
3391536e,38488d48,KG,0.5,1,32,24/01/2023,Cash,24/01/2023 18:31:00,
e499b39a,38488d37,KG,4,1,60,24/01/2023,Cash,24/01/2023 21:53:22,
ded02074,38488d43,KG,0.3,4,40,24/01/2023,Cash,24/01/2023 21:53:57,
470fb673,38488d35,KG,2,1,50,24/01/2023,Cash,24/01/2023 21:54:40,
0348a646,38488d33,KG,5,1,80,24/01/2023,Cash,24/01/2023 21:55:01,
f559470f,38488d72,KG,2,1,60,24/01/2023,Cash,24/01/2023 21:55:27,
4cf2b282,38488d68,KG,4,1,100,24/01/2023,Cash,24/01/2023 21:56:15,
b14ad9f3,38488d69,KG,0.25,1,110,24/01/2023,Cash,24/01/2023 21:56:45,
b8ccd296,38488d84,KG,2,1,60,24/01/2023,Cash,24/01/2023 21:57:15,
a46c6a21,df878bc5,KG,1,1,40,24/01/2023,Cash,24/01/2023 21:57:45,
df24647a,5040fe86,KG,5,1,50,24/01/2023,Cash,24/01/2023 21:58:50,
377781c4,a92f80eb,KG,15,1,180,24/01/2023,Cash,24/01/2023 22:19:38,
864d7d29,38488d32,Liter,1,3,159,25/01/2023,Cash,25/01/2023 19:43:20,
b25aec45,38488d82,KG,1,1,80,25/01/2023,Cash,25/01/2023 19:44:09,
60fcb499,38488d36,KG,1.5,2,130,25/01/2023,Cash,25/01/2023 19:45:13,
181111da,a30cd5cc,Piece,1,6,72,25/01/2023,Cash,25/01/2023 19:46:00,
7c44624b,38488d64,Piece,1,1,50,25/01/2023,Cash,25/01/2023 21:09:36,
6392122c,e9fd60e0,Piece,12,5,300,25/01/2023,Cash,25/01/2023 21:10:18,
74f48e5c,6b5d3659,KG,1,4,960,25/01/2023,Cash,25/01/2023 21:11:07,
54adcd83,38488d59,KG,1,1,160,25/01/2023,Cash,25/01/2023 21:12:20,
914cb331,38488d60,KG,0.5,1,80,25/01/2023,Cash,25/01/2023 21:12:56,
e4245d17,a981144a,Piece,1,2,40,25/01/2023,Cash,25/01/2023 21:13:20,
6cfe3fe2,ce584aab,Piece,1,2,260,25/01/2023,Cash,25/01/2023 21:14:02,
fd127fa5,d78fc52e,Piece,1,1,220,25/01/2023,Cash,25/01/2023 21:16:14,
79de2d26,8ef238fe,KG,0.2,1,65,25/01/2023,Cash,25/01/2023 21:17:53,
5cceb109,ca772109,KG,1,1,60,25/01/2023,Cash,25/01/2023 21:19:23,
1f35e667,a31d5abb,KG,0.5,1,30,25/01/2023,Cash,25/01/2023 21:21:55,
6409fc60,c6b9c540,KG,0.5,1,70,25/01/2023,Cash,25/01/2023 21:22:33,
7210dfb9,38488d54,KG,5,,185,25/01/2023,Cash,25/01/2023 21:25:18,
56381a4d,38488d32,Liter,1,5,265,26/01/2023,Cash,26/01/2023 18:38:47,
58167f81,1870042c,KG,5,1,100,26/01/2023,Cash,26/01/2023 18:39:07,
9f9407f2,38488d79,Piece,1,40,400,26/01/2023,Cash,26/01/2023 18:39:53,
8d275bdd,38488d51,KG,0.75,1,225,26/01/2023,Cash,26/01/2023 18:40:28,
7a5231bb,38488d32,KG,0.5,4,108,26/01/2023,Cash,26/01/2023 19:12:06,
cb508590,38488d32,Liter,1,3,159,27/01/2023,Cash,27/01/2023 19:44:14,
b787a07c,38488d47,KG,3.001,1,70,27/01/2023,Cash,27/01/2023 19:44:40,
db02bbc9,316fcd40,KG,0.5,6,200,27/01/2023,Cash,27/01/2023 19:45:13,
792e363d,38488d70,Piece,2,6,90,27/01/2023,Cash,27/01/2023 21:01:21,
b50b9530,38488d32,Liter,1,3,159,28/01/2023,Cash,28/01/2023 20:35:19,
039ab719,38488d47,KG,3,1,75,28/01/2023,Cash,28/01/2023 20:35:40,
2e982da5,38488d33,KG,2,1,60,28/01/2023,Cash,28/01/2023 20:36:19,
cb92ccab,38488d35,KG,1,1,30,28/01/2023,Cash,28/01/2023 20:36:53,
d8177910,38488d68,KG,6.5,2,200,28/01/2023,Cash,28/01/2023 20:37:12,
fd19eff6,6eac27e1,Piece,1,2,120,28/01/2023,Cash,28/01/2023 20:38:53,
2572173a,38488d43,KG,0.3,4,40,28/01/2023,Cash,28/01/2023 21:33:33,
fea5762e,38488d32,Liter,1,3,159,29/01/2023,Cash,29/01/2023 20:52:01,
0d196955,1870042c,KG,5,1,120,29/01/2023,Cash,29/01/2023 20:53:27,
9cb41dfe,38488d38,KG,0.6,1,45,29/01/2023,Cash,29/01/2023 20:54:49,
3106b06f,38488d47,KG,8.5,2,200,29/01/2023,Cash,29/01/2023 20:55:10,
305a6fdb,2bdbfdb6,KG,1,1,100,29/01/2023,Cash,29/01/2023 21:00:20,
70e4283e,d2feae0c,KG,0.1,1,100,29/01/2023,Cash,29/01/2023 21:01:18,
7352ea81,38488d32,Liter,1,3,159,30/01/2023,Cash,30/01/2023 21:09:09,
c3ee73d3,38488d38,KG,0.6,4,180,30/01/2023,Cash,30/01/2023 21:09:36,
e6c56678,38488d63,KG,1,1,40,30/01/2023,Cash,30/01/2023 21:10:09,
afab07e8,38488d32,Liter,1,5,265,31/01/2023,Cash,31/01/2023 18:38:14,
bab64d6a,38488d48,KG,0.5,1,32,31/01/2023,Cash,31/01/2023 20:26:20,
bae83475,38488d69,KG,0.25,1,110,31/01/2023,Cash,31/01/2023 20:56:41,
f098004b,38488d34,KG,1,1,40,31/01/2023,Cash,31/01/2023 22:01:33,
eb63b76e,61deb399,KG,1.5,1,90,31/01/2023,Cash,31/01/2023 22:01:52,
60bdcde7,38488d33,KG,5,1,90,31/01/2023,Cash,31/01/2023 22:02:58,
56da6725,38488d68,KG,6,1,180,31/01/2023,Cash,31/01/2023 22:03:14,
58e15f16,38488d72,KG,1,1,60,31/01/2023,Cash,31/01/2023 22:04:09,
d68331c7,38488d71,KG,3.5,1,70,31/01/2023,Cash,31/01/2023 22:04:48,
4c015341,5040fe86,KG,6,1,60,31/01/2023,Cash,31/01/2023 22:05:22,
c656d409,1870042c,KG,5,1,100,31/01/2023,Cash,31/01/2023 22:06:38,
90eb8afe,a92f80eb,KG,20,1,240,31/01/2023,Cash,31/01/2023 22:19:03,
0a21a79a,38488d32,Liter,1,3,159,01/02/2023,Cash,01/02/2023 20:42:24,
6979e0ed,38488d82,KG,1,1,50,01/02/2023,Cash,01/02/2023 20:43:29,
3df282e2,38488d35,KG,1,1,30,01/02/2023,Cash,01/02/2023 20:43:54,
bcd46c14,38488d36,KG,1,1,80,01/02/2023,Cash,01/02/2023 20:44:10,
cc469a3a,38488d37,KG,1,1,30,01/02/2023,Cash,01/02/2023 20:44:28,
f1dceea8,a31d5abb,KG,2,1,120,01/02/2023,Cash,01/02/2023 20:44:48,
5d5b992c,38488d47,KG,6,1,150,01/02/2023,Cash,01/02/2023 21:10:41,
835d9e2e,859c1eff,Piece,1,5,50,01/02/2023,Cash,01/02/2023 22:06:31,
c07e4442,db6e2124,Piece,1,2,380,01/02/2023,Cash,01/02/2023 22:08:08,
48456283,38488d32,Liter,1,3,159,02/02/2023,Cash,02/02/2023 19:44:05,
1fcb7c3b,38488d47,KG,10,1,220,02/02/2023,Cash,02/02/2023 19:44:58,
1d64b781,38488d59,KG,1,1,150,02/02/2023,Cash,02/02/2023 19:45:48,
df87c671,38488d60,KG,1,1,150,02/02/2023,Cash,02/02/2023 19:48:07,
34282c66,becc6a8c,Piece,1,1,200,02/02/2023,Cash,02/02/2023 19:48:32,
11ccbebc,c8847587,Piece,1,1,90,02/02/2023,Cash,02/02/2023 19:49:25,
caa8768e,6eac27e1,Piece,1,1,60,02/02/2023,Cash,02/02/2023 19:56:03,
8ed3e122,fcde63e0,Piece,1,1,10,02/02/2023,Cash,02/02/2023 19:59:07,
d69ac245,3f5a9999,Liter,5,1,75,02/02/2023,Cash,02/02/2023 21:59:08,
810d8dea,38488d32,Liter,1,3,159,03/02/2023,Cash,03/02/2023 21:22:07,
7cc79ec6,1870042c,KG,5,1,100,03/02/2023,Cash,03/02/2023 21:22:22,
da76d1ab,38488d38,KG,0.6,1,45,03/02/2023,Cash,03/02/2023 21:22:51,
461c79dd,38488d43,KG,0.3,4,40,03/02/2023,Cash,03/02/2023 21:23:20,
96b992ab,38488d84,KG,2,1,70,03/02/2023,Cash,03/02/2023 21:23:53,
a1216293,38488d56,Piece,1,2,130,03/02/2023,Cash,03/02/2023 21:24:34,
5ab46b70,070c1507,Piece,4,2,120,03/02/2023,Cash,03/02/2023 21:24:59,
1186f994,e158083a,Piece,1,1,140,03/02/2023,Cash,03/02/2023 21:26:31,
9e9a0037,38488d32,Liter,1,3,159,04/02/2023,Cash,04/02/2023 20:44:57,
99862147,38488d34,KG,0.25,1,20,04/02/2023,Cash,04/02/2023 20:45:31,
c25dede1,38488d72,KG,0.5,1,20,04/02/2023,Cash,04/02/2023 20:48:14,
7f8e7bef,38488d63,KG,2,1,60,04/02/2023,Cash,04/02/2023 20:49:36,
0f873a17,52cdaa61,KG,50,1,1600,04/02/2023,Cash,04/02/2023 20:52:12,
30de7969,30dbf5b4,KG,0.5,1,65,04/02/2023,Cash,04/02/2023 20:55:21,
75575433,38488d32,Liter,1,5,265,05/02/2023,Cash,05/02/2023 21:31:44,
866a61f9,1870042c,KG,5,1,100,05/02/2023,Cash,05/02/2023 21:32:18,
6f073b69,38488d72,KG,0.5,1,20,05/02/2023,Cash,05/02/2023 21:32:35,
3ece7449,38488d34,KG,0.5,1,20,05/02/2023,Cash,05/02/2023 21:33:11,
09d9d9dd,38488d37,KG,0.5,1,10,05/02/2023,Cash,05/02/2023 21:33:30,
a11927b8,2bdbfdb6,KG,1.5,1,150,05/02/2023,Cash,05/02/2023 21:33:47,
f063ed69,38488d80,KG,1.5,1,55,05/02/2023,Cash,05/02/2023 21:34:20,
53a6c629,38488d32,Liter,1,4,212,06/02/2023,Cash,06/02/2023 19:23:46,
76c8f8e2,38488d38,KG,0.6,1,45,06/02/2023,Cash,06/02/2023 19:24:39,
0800f7ff,38488d34,KG,0.25,2,20,06/02/2023,Cash,06/02/2023 19:25:06,
a29a5a76,38488d35,KG,1,1,30,06/02/2023,Cash,06/02/2023 19:25:38,
c22db727,38488d37,KG,0.5,1,20,06/02/2023,Cash,06/02/2023 19:25:58,
0897b8d6,38488d68,KG,5,1,100,06/02/2023,Cash,06/02/2023 19:26:25,
10421945,38488d71,KG,2,1,50,06/02/2023,Cash,06/02/2023 19:26:53,
8eb807e8,38488d84,KG,0.5,1,20,06/02/2023,Cash,06/02/2023 19:27:22,
6cb12692,38488d70,Piece,12,6,240,06/02/2023,Cash,06/02/2023 19:28:06,
f78c1d3d,38488d51,KG,1.5,1,450,06/02/2023,Cash,06/02/2023 19:29:45,
d1ab4ebf,38488d55,Piece,1,2,20,06/02/2023,Cash,06/02/2023 19:32:34,
a9bf04c7,38488d43,KG,0.5,4,40,06/02/2023,Cash,06/02/2023 19:34:42,
11fc63f6,38488d32,Liter,1,4,212,07/02/2023,Cash,07/02/2023 17:05:28,
96fcc731,38488d70,Piece,12,3,120,07/02/2023,Cash,07/02/2023 17:08:40,
250a0d75,3239911a,KG,5,1,550,07/02/2023,Cash,07/02/2023 17:10:07,
fc67e866,565c2ef2,KG,0.1,1,30,07/02/2023,Cash,07/02/2023 17:11:46,
f7eb683d,38488d82,KG,1,1,50,07/02/2023,Cash,07/02/2023 22:24:40,
746d59e6,1870042c,KG,5,1,75,07/02/2023,Cash,07/02/2023 22:25:12,
e7bacb1b,38488d32,KG,0.5,4,108,07/02/2023,Cash,07/02/2023 22:25:37,
900f4c04,38488d48,KG,0.5,1,34,07/02/2023,Cash,07/02/2023 22:26:32,
dd966e0f,38488d36,KG,1,1,80,07/02/2023,Cash,07/02/2023 22:26:54,
fc3c5116,38488d33,KG,7,1,70,07/02/2023,Cash,07/02/2023 22:27:08,
27e6f481,38488d68,KG,7,1,150,07/02/2023,Cash,07/02/2023 22:27:25,
db2cd187,38488d72,KG,1,1,30,07/02/2023,Cash,07/02/2023 22:27:51,
94ef2e4d,38488d69,KG,0.25,1,110,07/02/2023,Cash,07/02/2023 22:28:22,
0942fa7b,a92f80eb,KG,15,1,180,07/02/2023,Cash,07/02/2023 22:28:48,
f19954be,90c11f52,Piece,4,2,120,07/02/2023,Cash,07/02/2023 22:29:16,
ee8bd306,df878bc5,KG,1.5,1,50,07/02/2023,Cash,07/02/2023 22:30:08,
12d73b39,5040fe86,KG,6,1,60,07/02/2023,Cash,07/02/2023 22:40:01,
e8a1d5d7,30b20781,Piece,1,4,1320,07/02/2023,Cash,07/02/2023 22:41:28,
d8e47c7a,38488d32,Liter,1,3,159,08/02/2023,Cash,08/02/2023 20:04:23,
70b7cf14,38488d59,KG,1,1,150,08/02/2023,Cash,08/02/2023 20:04:54,
dc0357fd,38488d60,KG,1,1,150,08/02/2023,Cash,08/02/2023 20:05:23,
b4d7ac00,a31d5abb,KG,2,1,120,08/02/2023,Cash,08/02/2023 20:05:51,
ead2a127,524a0b85,Piece,1,2,30,08/02/2023,Cash,08/02/2023 20:06:58,
5d20c37a,38488d32,Liter,1,3,159,09/02/2023,Cash,09/02/2023 18:27:16,
9ce7dc2f,38488d34,KG,0.25,1,10,09/02/2023,Cash,09/02/2023 18:27:33,
baae7bb3,38488d35,KG,1,1,30,09/02/2023,Cash,09/02/2023 18:29:50,
20d4cc81,38488d37,KG,1,1,30,09/02/2023,Cash,09/02/2023 20:10:32,
35b717aa,0c53ef5a,KG,0.25,1,10,09/02/2023,Cash,09/02/2023 20:10:52,
a99988fd,38488d47,KG,10,1,220,09/02/2023,Cash,09/02/2023 20:11:33,
551673bb,c8599a42,Piece,1,2,70,09/02/2023,Cash,09/02/2023 20:11:59,
2f4279a0,e9a8e3b3,Piece,1,1,55,09/02/2023,Cash,09/02/2023 20:12:48,
de96e9c2,38488d56,Piece,1,2,130,09/02/2023,Cash,09/02/2023 20:13:20,
8bb8993a,070c1507,Piece,1,4,60,09/02/2023,Cash,09/02/2023 20:13:56,
9351fe0c,e015cd8b,KG,1,1,175,09/02/2023,Cash,09/02/2023 20:15:18,
f68c19d0,13a4f998,Piece,1,1,150,09/02/2023,Cash,09/02/2023 20:17:45,
d26e5553,524a0b85,Piece,1,5,50,09/02/2023,Cash,09/02/2023 20:19:01,
aa819c63,38488d32,KG,0.5,6,162,10/02/2023,Cash,10/02/2023 21:26:31,
af6de0fc,38488d38,KG,0.6,1,45,10/02/2023,Cash,10/02/2023 21:27:15,
b9a4cf9f,38488d43,KG,0.3,4,40,10/02/2023,Cash,10/02/2023 21:27:34,
af19fbb2,1870042c,KG,5,1,80,10/02/2023,Cash,10/02/2023 21:27:51,
642fb421,38488d37,KG,7,1,80,10/02/2023,Cash,10/02/2023 21:29:09,
4d96175d,9efdfdb6,KG,35,1,1540,10/02/2023,Cash,10/02/2023 21:30:16,
08de15ec,7987abff,KG,0.1,1,30,10/02/2023,Cash,10/02/2023 21:31:30,
4d35f5a9,f938eda1,Piece,1,2,60,10/02/2023,Cash,10/02/2023 21:32:47,
d8c43a6b,a208793d,Piece,1,1,50,10/02/2023,Cash,10/02/2023 21:34:00,
ca7bd90f,ee4c7cc6,Piece,1,1,70,10/02/2023,Cash,10/02/2023 21:34:48,
2b0511be,38488d32,Liter,1,5,265,11/02/2023,Cash,11/02/2023 21:27:46,
7e5cef74,38488d48,KG,1,1,69,11/02/2023,Cash,11/02/2023 21:29:17,
9bd5b668,38488d72,KG,1,1,40,11/02/2023,Cash,11/02/2023 21:30:15,
977703a1,38488d50,KG,1,1,40,11/02/2023,Cash,11/02/2023 21:31:00,
342d8ba2,38488d68,KG,5,1,100,11/02/2023,Cash,11/02/2023 21:31:31,
35055fee,38488d84,KG,1.5,1,60,11/02/2023,Cash,11/02/2023 21:31:52,
78527033,9f37f7c4,KG,3,1,320,11/02/2023,Cash,11/02/2023 21:32:55,
390b65be,38488d32,Liter,1,5,270,12/02/2023,Cash,12/02/2023 19:01:11,
fe83c47f,1870042c,KG,3,1,60,12/02/2023,Cash,12/02/2023 19:02:11,
4d32aa4f,38488d47,KG,15,1,330,12/02/2023,Cash,12/02/2023 19:03:32,
7024f3ee,fcde63e0,Piece,1,2,30,12/02/2023,Cash,12/02/2023 19:03:57,
d4475033,ee4c7cc6,Piece,1,1,70,12/02/2023,Cash,12/02/2023 19:05:40,
6d623851,38488d38,KG,0.6,2,90,12/02/2023,Cash,12/02/2023 21:58:39,
a190b9f8,38488d32,Liter,1,1,54,12/02/2023,Cash,12/02/2023 22:00:08,
6e219ae0,38488d32,Liter,1,4,216,13/02/2023,Cash,13/02/2023 19:48:48,
d1dcf58b,38488d38,KG,0.6,3,135,13/02/2023,Cash,13/02/2023 19:49:32,
984e26e5,38488d43,KG,0.3,4,40,13/02/2023,Cash,13/02/2023 19:51:21,
e440bf66,38488d62,KG,1,7,315,13/02/2023,Cash,13/02/2023 19:51:53,
8cc2ac1e,ee72568a,Piece,1,1,50,13/02/2023,Cash,13/02/2023 19:53:19,
dccc07cd,38488d57,KG,0.25,1,15,13/02/2023,Cash,13/02/2023 19:54:50,
985219a9,fb9ea07d,KG,0.1,1,15,13/02/2023,Cash,13/02/2023 19:55:31,
c2881cca,1c8c560e,KG,0.1,1,20,13/02/2023,Cash,13/02/2023 19:56:07,
9137dabe,2c4d95ef,KG,0.25,1,40,13/02/2023,Cash,13/02/2023 19:56:51,
e8fbf445,2f5f74e8,Piece,1,1,30,13/02/2023,Cash,13/02/2023 19:57:43,
7e46bd1f,38488d63,KG,1.5,1,60,13/02/2023,Cash,13/02/2023 19:58:16,
4a238299,e73a4f6b,Piece,1,10,50,13/02/2023,Cash,13/02/2023 20:23:40,
5851af53,38488d32,Liter,1,1,54,13/02/2023,Cash,13/02/2023 20:31:27,
0214cfe3,38488d32,Liter,1,5,270,14/02/2023,Cash,14/02/2023 22:15:10,
2ea7237e,38488d38,KG,0.6,1,45,14/02/2023,Cash,14/02/2023 22:16:24,
e998bc89,38488d69,KG,0.25,1,110,14/02/2023,Cash,14/02/2023 22:16:43,
9c7594fb,38488d63,KG,1.5,1,50,14/02/2023,Cash,14/02/2023 22:17:45,
d63397c1,38488d36,KG,1,1,70,14/02/2023,Cash,14/02/2023 22:31:36,
55c3c008,38488d72,KG,1,1,40,14/02/2023,Cash,14/02/2023 22:31:55,
6c2cca77,38488d33,KG,5,1,50,14/02/2023,Cash,14/02/2023 22:32:27,
2565e9fd,38488d35,KG,2.5,1,50,14/02/2023,Cash,14/02/2023 22:32:41,
ed51b3ed,38488d50,KG,2,2,40,14/02/2023,Cash,14/02/2023 22:33:01,
264020fd,38488d48,Piece,1,1,20,14/02/2023,Cash,14/02/2023 22:33:33,
e9663e72,2f5f74e8,Piece,1,2,100,14/02/2023,Cash,14/02/2023 22:33:57,
91a2fa42,38488d82,KG,500,1,30,14/02/2023,Cash,14/02/2023 22:34:45,
b8d737f6,5040fe86,KG,5,1,50,14/02/2023,Cash,14/02/2023 22:35:20,
99768404,01a89f1a,Piece,1,1,10,14/02/2023,Cash,14/02/2023 22:36:57,
673d4ba4,a92f80eb,KG,20,1,220,14/02/2023,Cash,14/02/2023 22:49:04,
5595c0ec,ee4c7cc6,KG,1,1,450,14/02/2023,Cash,14/02/2023 22:49:26,
cc1b3faa,72333f40,Piece,1,2,100,14/02/2023,Cash,14/02/2023 22:50:40,
8caaeb44,df878bc5,KG,1,1,40,14/02/2023,Cash,14/02/2023 22:51:52,
5d014100,38488d32,Liter,1,3,162,15/02/2023,Cash,15/02/2023 20:49:54,
af18c6c1,38488d48,KG,0.5,2,64,15/02/2023,Cash,15/02/2023 20:50:41,
bd0d74d8,38488d71,KG,3,1,75,15/02/2023,Cash,15/02/2023 20:51:15,
b30c889e,1870042c,KG,6,1,100,15/02/2023,Cash,15/02/2023 20:51:51,
ca3cce00,38488d33,KG,2,1,20,15/02/2023,Cash,15/02/2023 20:52:07,
d044c0b6,7cfdeddd,KG,0.5,1,40,15/02/2023,Cash,15/02/2023 20:52:23,
12ad2e3e,38488d32,Liter,1,3,162,16/02/2023,Cash,16/02/2023 20:01:44,
1e2f9ea7,38488d43,KG,0.3,2,20,16/02/2023,Cash,16/02/2023 20:07:26,
f7652761,38488d56,Piece,1,2,130,16/02/2023,Cash,16/02/2023 20:09:55,
48eae453,38488d32,Liter,1,3,162,17/02/2023,Cash,17/02/2023 20:55:41,
bfea71c3,1870042c,KG,6,1,100,17/02/2023,Cash,17/02/2023 20:57:13,
bfdeefe9,38488d72,KG,1,1,30,17/02/2023,Cash,17/02/2023 20:58:54,
cfeeee25,38488d48,KG,1,1,69,17/02/2023,Cash,17/02/2023 20:59:46,
e1a5b372,38488d48,Piece,1,14,280,17/02/2023,Cash,17/02/2023 21:00:54,
ab9c950e,38488d84,KG,2,1,70,17/02/2023,Cash,17/02/2023 21:07:18,
7cb050b8,38488d58,KG,2,2,260,17/02/2023,Cash,17/02/2023 21:12:27,
d50e0496,38488d38,KG,0.6,1,45,17/02/2023,Cash,17/02/2023 21:37:02,
98de1e3a,38488d32,Liter,1,5,270,18/02/2023,Cash,18/02/2023 19:57:41,
5e13d464,38488d51,KG,1,1,320,18/02/2023,Cash,18/02/2023 19:58:42,
781ba0d9,38488d50,KG,1,1,30,18/02/2023,Cash,18/02/2023 20:01:08,
1df142de,1fa08a97,Piece,1,20,240,18/02/2023,Cash,18/02/2023 21:22:34,
92ad434d,38488d53,Piece,1,1,15,18/02/2023,Cash,18/02/2023 22:01:01,
76889edc,38488d71,KG,2.5,1,70,18/02/2023,Cash,18/02/2023 22:24:32,
e081b9c6,38488d48,KG,1,1,72,18/02/2023,Cash,18/02/2023 22:25:17,
79fd907e,a36a002c,Piece,1,1,175,19/02/2023,Cash,19/02/2023 08:57:09,
c5f1e480,074f02cb,Piece,1,1,45,18/02/2023,Cash,19/02/2023 08:59:26,
5ca9551f,38488d32,Liter,1,3,162,19/02/2023,Cash,19/02/2023 09:00:41,
7a0b76ee,38488d78,KG,1,1,71,19/02/2023,Cash,19/02/2023 09:01:24,
94f734e5,095d7fcf,KG,1,1,100,19/02/2023,Cash,19/02/2023 21:20:58,
3236ad8a,38488d36,KG,1,1,80,19/02/2023,Cash,19/02/2023 21:27:04,
f2ec4eb8,38488d32,Liter,1,4,216,20/02/2023,Cash,20/02/2023 21:50:32,
71cc2e83,38488d38,KG,0.6,5,225,20/02/2023,Cash,20/02/2023 21:51:07,
8b5eb143,38488d33,KG,1,1,20,20/02/2023,Cash,20/02/2023 21:51:49,
5c95e385,38488d47,KG,15,1,330,20/02/2023,Cash,20/02/2023 21:52:07,
fce2d407,38488d50,KG,1,1,30,20/02/2023,Cash,20/02/2023 21:52:34,
d27a72f2,38488d72,KG,1,1,50,20/02/2023,Cash,20/02/2023 21:52:56,
8711ae22,38488d82,KG,1.5,1,80,20/02/2023,Cash,20/02/2023 21:53:31,
388ce382,38488d32,Liter,1,5,270,21/02/2023,Cash,21/02/2023 19:40:53,
3d882a7c,38488d38,KG,0.6,1,45,21/02/2023,Cash,21/02/2023 19:46:41,
81c34eab,1870042c,KG,5,1,100,21/02/2023,Cash,21/02/2023 19:47:01,
6a890a16,13a4f998,Piece,1,1,150,21/02/2023,Cash,21/02/2023 19:47:22,
fb25471a,38488d69,KG,0.25,1,110,21/02/2023,Cash,21/02/2023 21:21:11,
0fb58592,38488d47,KG,25,1,375,21/02/2023,Cash,21/02/2023 21:22:03,
7771c0a6,38488d32,Liter,1,1,54,21/02/2023,Cash,21/02/2023 21:22:27,
10a4a71b,3bcf4d95,KG,1,1,50,21/02/2023,Cash,21/02/2023 21:59:21,
de78b9f9,38488d33,KG,3,1,30,21/02/2023,Cash,21/02/2023 22:02:53,
ec7145d6,df878bc5,KG,1.5,1,60,21/02/2023,Cash,21/02/2023 22:06:38,
f09608a5,38488d50,KG,1,1,30,21/02/2023,Cash,21/02/2023 22:10:42,
e147b04d,38488d68,KG,5,1,100,21/02/2023,Cash,21/02/2023 22:13:40,
3dbe00ce,38488d72,KG,1,1,30,21/02/2023,Cash,21/02/2023 22:16:08,
9bcb6381,dbafb15e,KG,1,1,50,21/02/2023,Cash,21/02/2023 23:12:18,
123a2a2c,38488d48,KG,1,1,72,21/02/2023,Cash,21/02/2023 23:29:56,
16d60ad4,38488d32,Liter,1,3,162,22/02/2023,Cash,22/02/2023 20:26:58,
01af1a06,38488d71,KG,1.5,1,45,22/02/2023,Cash,22/02/2023 20:27:42,
02ee0636,38488d37,KG,1,1,20,22/02/2023,Cash,22/02/2023 20:29:33,
079a2942,38488d35,KG,1,1,30,22/02/2023,Cash,22/02/2023 20:30:00,
e37da816,38488d84,KG,0.5,1,15,22/02/2023,Cash,22/02/2023 20:30:17,
850b3e40,a36a002c,Piece,1,1,280,22/02/2023,Cash,22/02/2023 20:30:50,
4e457aec,38488d64,Piece,1,1,50,22/02/2023,Cash,22/02/2023 20:31:33,
7feb56a2,7cfdeddd,KG,0.25,1,35,22/02/2023,Cash,22/02/2023 20:32:10,
9f850d94,38488d70,Piece,6,14,280,22/02/2023,Cash,22/02/2023 20:33:05,
d3486f89,38488d32,Liter,1,3,162,23/02/2023,Cash,23/02/2023 19:47:26,
3c67551a,38488d34,KG,0.25,1,10,23/02/2023,Cash,23/02/2023 19:47:44,
c60161c0,38488d60,KG,1,1,160,23/02/2023,Cash,23/02/2023 19:48:06,
b0377863,316fcd40,KG,2,1,120,23/02/2023,Cash,23/02/2023 19:48:43,
3199ee0f,7cfdeddd,KG,0.5,1,60,23/02/2023,Cash,23/02/2023 19:49:15,
26db8b0f,1870042c,KG,5,1,100,23/02/2023,Cash,23/02/2023 19:50:02,
e4178394,38488d51,KG,0.5,1,150,23/02/2023,Cash,23/02/2023 19:50:26,
e285c1ce,53b27eaf,KG,0.25,1,140,23/02/2023,Cash,23/02/2023 19:52:44,
9d918e75,a31d5abb,KG,1,1,70,23/02/2023,Cash,23/02/2023 19:53:37,
d735e3ac,0c53ef5a,KG,0.2,1,10,23/02/2023,Cash,23/02/2023 19:54:50,
859ff27c,841b7716,KG,0.5,1,85,23/02/2023,Cash,23/02/2023 20:42:39,
0c0a0ecc,38488d55,Piece,1,5,25,23/02/2023,Cash,23/02/2023 20:52:48,
03b38a15,38488d32,Liter,1,3,162,24/02/2023,Cash,24/02/2023 20:38:55,
00cd4aba,38488d48,KG,1,2,144,24/02/2023,Cash,24/02/2023 20:40:12,
b0b36cf4,38488d43,KG,0.5,1,40,24/02/2023,Cash,24/02/2023 20:40:43,
e9732d4b,38488d72,KG,0.5,1,20,24/02/2023,Cash,24/02/2023 20:41:09,
a2230bfc,e015cd8b,KG,1,2,320,24/02/2023,Cash,24/02/2023 20:41:33,
a030228d,52cdaa61,KG,50,1,1550,24/02/2023,Cash,24/02/2023 20:42:17,
75663581,38488d70,Piece,2,7,105,24/02/2023,Cash,24/02/2023 20:43:14,
3f08e9ee,38488d32,Liter,1,3,162,25/02/2023,Cash,25/02/2023 19:56:29,
7511b3cd,38488d33,KG,1,1,15,25/02/2023,Cash,25/02/2023 19:57:50,
b9f45887,38488d35,KG,1,1,30,25/02/2023,Cash,25/02/2023 19:59:12,
f829fcd3,38488d84,KG,2,1,70,25/02/2023,Cash,25/02/2023 19:59:25,
b7d1e768,38488d63,KG,2,1,60,25/02/2023,Cash,25/02/2023 19:59:54,
378bb2d3,1870042c,KG,5,1,100,25/02/2023,Cash,25/02/2023 20:00:18,
bd882f03,38488d62,KG,1,7,315,25/02/2023,Cash,25/02/2023 20:00:45,
3dba782c,859c1eff,KG,0.1,1,100,25/02/2023,Cash,25/02/2023 20:01:26,
6cbb1177,2f5f74e8,Piece,1,1,30,25/02/2023,Cash,25/02/2023 20:02:51,
3d04346e,38488d57,KG,0.25,1,20,25/02/2023,Cash,25/02/2023 20:03:27,
90db6c88,2c4d95ef,KG,0.25,1,50,25/02/2023,Cash,25/02/2023 20:11:08,
a9d47ae1,e9a8e3b3,Piece,1,1,80,25/02/2023,Cash,25/02/2023 20:12:00,
b77d7686,ee72568a,KG,0.1,1,50,25/02/2023,Cash,25/02/2023 20:13:01,
c0df6353,fb9ea07d,KG,0.25,1,30,25/02/2023,Cash,25/02/2023 20:14:05,
10b68f3b,38488d78,KG,1,2,90,25/02/2023,Cash,25/02/2023 21:45:20,
a1d09a99,070c1507,Piece,1,6,90,25/02/2023,Cash,25/02/2023 21:46:01,
1fd5ab91,5ad61e4e,KG,2,1,100,25/02/2023,Cash,25/02/2023 21:56:59,
63436b26,38488d32,Liter,1,6,324,26/02/2023,Cash,26/02/2023 21:47:44,
dc824504,38488d43,KG,0.3,1,40,26/02/2023,Cash,26/02/2023 21:48:03,
962a7ead,38488d32,Liter,1,3,162,27/02/2023,Cash,27/02/2023 21:38:50,
67f69e88,38488d48,KG,0.5,1,34,27/02/2023,Cash,27/02/2023 21:39:19,
5b057abf,1870042c,KG,5,1,100,27/02/2023,Cash,27/02/2023 21:39:56,
e1af6626,38488d36,KG,1,1,90,27/02/2023,Cash,27/02/2023 21:40:17,
541b82a3,38488d38,KG,0.6,5,225,27/02/2023,Cash,27/02/2023 21:40:34,
5024263d,38488d72,KG,1.5,1,50,27/02/2023,Cash,27/02/2023 21:41:29,
bd5a2748,a31d5abb,KG,1,1,80,27/02/2023,Cash,27/02/2023 21:43:42,
cf5a8c0a,a92f80eb,KG,10,1,100,27/02/2023,Cash,27/02/2023 21:44:22,
3d804d07,33b3941a,KG,1,1,100,27/02/2023,Cash,27/02/2023 21:44:57,
340c9edc,13a4f998,Piece,1,1,150,27/02/2023,Cash,27/02/2023 21:48:19,
1431826a,38488d32,Liter,1,3,162,28/02/2023,Cash,28/02/2023 18:15:15,
e17a1df1,38488d48,KG,1,3,216,28/02/2023,Cash,28/02/2023 18:18:02,
9abb8703,38488d50,KG,2,1,40,28/02/2023,Cash,28/02/2023 18:20:33,
7c74fc7f,38488d38,KG,0.6,1,45,28/02/2023,Cash,28/02/2023 18:21:32,
2bf1aadd,38488d69,KG,0.25,1,110,28/02/2023,Cash,28/02/2023 18:21:53,
55f5455d,8b22178e,KG,0.2,1,50,28/02/2023,Cash,28/02/2023 18:22:30,
c8c3786e,1b935403,KG,0.5,1,30,28/02/2023,Cash,28/02/2023 18:25:42,
388d2daf,dd1404d1,Piece,1,2,50,28/02/2023,Cash,28/02/2023 18:29:49,
7337b5ad,38488d33,KG,5,1,50,28/02/2023,Cash,28/02/2023 22:01:28,
229d6905,38488d37,KG,4,1,40,28/02/2023,Cash,28/02/2023 22:01:51,
b7bdfc3e,38488d82,KG,0.5,1,40,28/02/2023,Cash,28/02/2023 22:02:16,
3f410922,df878bc5,KG,1.5,1,60,28/02/2023,Cash,28/02/2023 22:03:03,
889387a9,fcde63e0,Piece,1,6,20,28/02/2023,Cash,28/02/2023 22:04:44,
250f49ba,38488d32,KG,1,1,54,28/02/2023,Cash,28/02/2023 22:05:47,
25067c8e,a92f80eb,KG,50,1,400,28/02/2023,Cash,28/02/2023 22:19:04,
dd3d0e02,38488d32,Liter,1,3,162,01/03/2023,Cash,01/03/2023 20:18:03,
63903eff,38488d35,KG,1,1,30,01/03/2023,Cash,01/03/2023 20:18:57,
1b9e2467,0c53ef5a,KG,0.25,1,10,01/03/2023,Cash,01/03/2023 20:32:49,
fb593ece,38488d43,KG,0.3,2,20,01/03/2023,Cash,01/03/2023 20:34:40,
147d87b0,38488d56,Piece,1,2,130,01/03/2023,Cash,01/03/2023 20:35:11,
0f9e81e0,6eac27e1,Piece,1,2,120,01/03/2023,Cash,01/03/2023 20:36:27,
f97c1294,13a4f998,Piece,1,1,150,01/03/2023,Cash,01/03/2023 20:40:33,
6e71167b,c8c75f8b,Piece,1,2,80,01/03/2023,Cash,01/03/2023 20:43:07,
bb8fbb5a,ddf1607d,Piece,1,1,40,01/03/2023,Cash,01/03/2023 20:47:15,
f400aa71,38488d38,KG,0.6,1,45,01/03/2023,Cash,01/03/2023 22:06:59,
cd96597b,38488d32,Liter,1,3,162,02/03/2023,Cash,02/03/2023 20:26:19,
0bcdb571,38488d33,KG,1,1,20,02/03/2023,Cash,02/03/2023 20:27:03,
d1c036cc,38488d35,KG,0.25,1,10,02/03/2023,Cash,02/03/2023 20:27:52,
448247b2,38488d71,KG,1.5,1,50,02/03/2023,Cash,02/03/2023 20:28:11,
65f21439,38488d84,KG,0.5,1,20,02/03/2023,Cash,02/03/2023 20:28:54,
c74f927b,38488d34,KG,0.25,1,15,02/03/2023,Cash,02/03/2023 20:29:22,
776971fc,7cfdeddd,KG,0.25,1,30,02/03/2023,Cash,02/03/2023 20:29:39,
20ee3d81,38488d70,KG,6,15,260,02/03/2023,Cash,02/03/2023 20:30:33,
43392329,8b22178e,KG,1,1,120,02/03/2023,Cash,02/03/2023 21:03:13,
e5beb3b6,cae57605,Piece,1,2,20,02/03/2023,Cash,02/03/2023 21:19:28,
f9ab5026,1870042c,KG,5,1,100,02/03/2023,Cash,02/03/2023 21:25:24,
8c7f1849,38488d72,KG,1,1,40,02/03/2023,Cash,02/03/2023 21:25:50,
00e7be08,38488d32,Liter,1,3,162,03/03/2023,Cash,03/03/2023 19:47:09,
7696ca71,38488d48,KG,1,1,72,03/03/2023,Cash,03/03/2023 19:47:34,
176b1d16,38488d71,KG,2,1,80,03/03/2023,Cash,03/03/2023 19:47:52,
0cbb0772,7110fbe1,Piece,1,2,250,03/03/2023,Cash,03/03/2023 19:50:16,
685516bf,38488d32,Liter,1,1,54,03/03/2023,Cash,03/03/2023 22:08:43,
6faed4b8,38488d32,Liter,1,3,162,04/03/2023,Cash,04/03/2023 20:19:31,
57c74eb8,38488d63,KG,1.5,1,60,04/03/2023,Cash,04/03/2023 20:20:07,
0a56e095,1870042c,KG,6,1,120,04/03/2023,Cash,04/03/2023 20:20:38,
ed74220c,38488d36,KG,1,1,90,04/03/2023,Cash,04/03/2023 20:21:02,
64205afe,38488d72,KG,1,1,30,04/03/2023,Cash,04/03/2023 20:21:26,
92a5a0db,38488d82,KG,1,1,70,04/03/2023,Cash,04/03/2023 20:22:03,
bbc4d4b3,7cfdeddd,KG,0.5,1,60,04/03/2023,Cash,04/03/2023 20:22:35,
d1353d59,a31d5abb,KG,1,1,80,04/03/2023,Cash,04/03/2023 20:23:11,
2152fc77,0c8d8227,KG,0.25,1,150,04/03/2023,Cash,04/03/2023 20:24:20,
a9e39575,c7726c4c,Piece,1,50,300,04/03/2023,Cash,04/03/2023 20:29:16,
120cb04a,38488d84,KG,1,1,40,04/03/2023,Cash,04/03/2023 20:35:08,
27ccb623,38488d32,Liter,1,7,378,05/03/2023,Cash,05/03/2023 21:17:06,
0a6d3d22,38488d48,KG,1,4,288,05/03/2023,Cash,05/03/2023 21:17:46,
65235c2b,38488d51,KG,1,1,300,05/03/2023,Cash,05/03/2023 21:18:14,
32802982,38488d34,KG,1,1,45,05/03/2023,Cash,05/03/2023 21:18:50,
3e79d599,38488d35,KG,1,1,30,05/03/2023,Cash,05/03/2023 21:19:10,
2ec0d3be,38488d37,KG,2,1,30,05/03/2023,Cash,05/03/2023 21:19:37,
220196ed,0c53ef5a,KG,1,1,40,05/03/2023,Cash,05/03/2023 21:20:08,
43d3e000,a30cd5cc,Piece,15.15,30,300,05/03/2023,Cash,05/03/2023 21:21:31,
744da2f3,e326a5bc,KG,2,1,100,05/03/2023,Cash,05/03/2023 21:23:10,
634ae5d6,5ffd1260,KG,0.5,1,230,05/03/2023,Cash,05/03/2023 21:24:24,
1f3f4df8,c4721744,Piece,1,4,200,05/03/2023,Cash,05/03/2023 21:27:16,
2479be9a,0496c7fa,Piece,1,4,60,05/03/2023,Cash,05/03/2023 21:28:27,
3d886925,0496c7fa,KG,1,1,120,05/03/2023,Cash,05/03/2023 21:30:23,
30295a99,38488d48,KG,5,1,300,05/03/2023,Cash,05/03/2023 21:31:02,
58d0ebad,0601c3cb,Piece,1,6,50,05/03/2023,Cash,05/03/2023 21:39:47,
8059f7c8,910b2e49,KG,0.75,1,120,05/03/2023,Cash,05/03/2023 21:41:14,
7d84b7e7,98fc9f22,KG,3,1,1200,05/03/2023,Cash,05/03/2023 21:46:32,
7364bbaa,38488d32,Liter,1,3,162,06/03/2023,Cash,06/03/2023 20:05:50,
b012763d,38488d51,KG,0.75,1,225,06/03/2023,Cash,06/03/2023 20:06:37,
35a56608,38488d68,KG,3,1,100,06/03/2023,Cash,06/03/2023 20:08:40,
a9c30ad0,38488d32,KG,1,1,54,06/03/2023,Cash,06/03/2023 22:08:02,
87d500e5,1870042c,KG,6,1,120,06/03/2023,Cash,06/03/2023 22:08:38,
cce4e377,38488d32,Liter,1,5,270,07/03/2023,Cash,07/03/2023 21:41:59,
1ab60320,38488d32,Liter,1,2,108,08/03/2023,Cash,09/03/2023 18:50:45,
2b0c540c,38488d32,Liter,1,1,54,09/03/2023,Cash,09/03/2023 18:52:17,
2cda7141,3095f6ad,KG,2,1,88,09/03/2023,Cash,09/03/2023 18:52:37,
43283ee5,38488d32,Liter,1,3,162,10/03/2023,Cash,10/03/2023 18:10:34,
5bf591c5,38488d50,KG,1,1,30,10/03/2023,Cash,10/03/2023 18:11:59,
8f324b6f,52cdaa61,KG,50,1,1350,10/03/2023,Cash,10/03/2023 18:13:36,
5a1b107f,38488d51,KG,1,1,320,10/03/2023,Cash,10/03/2023 18:15:57,
1932ed54,38488d32,Liter,1,1,54,10/03/2023,Cash,10/03/2023 21:50:31,
71546c05,38488d32,Liter,1,3,162,11/03/2023,Cash,11/03/2023 20:25:39,
cac98a36,38488d72,KG,1.5,1,50,11/03/2023,Cash,11/03/2023 20:26:50,
59c7121b,38488d36,KG,1,1,90,11/03/2023,Cash,11/03/2023 20:28:04,
8e40709f,38488d38,KG,0.6,1,45,11/03/2023,Cash,11/03/2023 20:28:24,
64785625,38488d48,KG,0.5,1,34,11/03/2023,Cash,11/03/2023 20:28:50,
ec0e0405,38488d47,KG,10,1,200,11/03/2023,Cash,11/03/2023 20:29:14,
e935a923,38488d82,KG,1,1,80,11/03/2023,Cash,11/03/2023 20:29:44,
db5d1166,a31d5abb,KG,1,1,90,11/03/2023,Cash,11/03/2023 20:30:22,
8a3858aa,316fcd40,Piece,1,3,100,11/03/2023,Cash,11/03/2023 20:31:15,
1472dccd,33b3941a,KG,1,4,280,11/03/2023,Cash,11/03/2023 20:31:55,
561a1877,38488d64,Piece,1,1,45,11/03/2023,Cash,11/03/2023 20:33:35,
8f89b744,38488d32,Liter,1,3,162,12/03/2023,Cash,12/03/2023 19:57:25,
369e152c,1870042c,Liter,5,1,100,12/03/2023,Cash,12/03/2023 19:57:41,
e376ea5f,38488d50,KG,1.5,1,50,12/03/2023,Cash,12/03/2023 19:58:19,
dca3330c,38488d51,KG,0.5,1,150,12/03/2023,Cash,12/03/2023 19:58:53,
7ac66fc6,2bdbfdb6,KG,0.75,1,75,12/03/2023,Cash,12/03/2023 19:59:30,
e928f7f4,38488d32,Liter,1,3,162,13/03/2023,Cash,13/03/2023 20:04:52,
10d9a66f,38488d48,KG,1,1,72,13/03/2023,Cash,13/03/2023 20:06:24,
9f7d9a2b,38488d38,KG,0.6,4,180,13/03/2023,Cash,13/03/2023 20:07:46,
c6c48c3c,3095f6ad,KG,2,1,88,13/03/2023,Cash,13/03/2023 20:08:52,
dbe6014b,dbdf9032,Piece,1,1,360,13/03/2023,Cash,13/03/2023 20:09:28,
5f7a502b,841b7716,KG,0.25,1,50,13/03/2023,Cash,13/03/2023 21:05:54,
ac9b9305,38488d32,Liter,1,5,270,14/03/2023,Cash,14/03/2023 20:30:29,
593ed580,38488d48,KG,1,1,72,14/03/2023,Cash,14/03/2023 20:33:35,
6f74e5eb,df878bc5,KG,1,1,40,14/03/2023,Cash,14/03/2023 20:35:24,
e551dc91,38488d69,KG,0.25,1,110,14/03/2023,Cash,14/03/2023 20:37:20,
3268b398,b011f24c,KG,0.5,1,40,14/03/2023,Cash,14/03/2023 20:38:01,
45f37140,e9fd60e0,Piece,1,6,30,14/03/2023,Cash,14/03/2023 20:39:04,
7332b873,7cfdeddd,KG,0.5,1,50,14/03/2023,Cash,14/03/2023 22:13:43,
ec9a049b,38488d63,KG,2,1,40,14/03/2023,Cash,14/03/2023 22:14:32,
9428fe94,38488d68,KG,5,1,120,14/03/2023,Cash,14/03/2023 22:15:29,
f066e2dc,38488d84,KG,2,1,60,14/03/2023,Cash,14/03/2023 22:16:35,
40be2214,38488d35,KG,2,1,50,14/03/2023,Cash,14/03/2023 22:17:34,
a16cc8b8,a31d5abb,KG,1,1,120,14/03/2023,Cash,14/03/2023 22:17:52,
282f2394,38488d33,KG,2,1,50,14/03/2023,Cash,14/03/2023 22:18:45,
01535fcc,524a0b85,Piece,1,5,50,14/03/2023,Cash,14/03/2023 22:33:02,
40d8b369,ed041292,Piece,1,1,250,14/03/2023,Cash,14/03/2023 22:36:19,
3a081a8f,38488d32,Liter,1,4,216,15/03/2023,Cash,15/03/2023 20:00:12,
6a622b1f,1870042c,KG,5,1,100,15/03/2023,Cash,15/03/2023 20:01:16,
52d9c5fa,38488d38,KG,0.6,1,45,15/03/2023,Cash,15/03/2023 20:02:03,
0af4531b,38488d47,KG,1,1,25,15/03/2023,Cash,15/03/2023 20:02:25,
96599cf2,38488d72,KG,1,1,30,15/03/2023,Cash,15/03/2023 20:02:43,
4ca865a2,1c8c560e,KG,0.25,1,50,15/03/2023,Cash,15/03/2023 20:03:15,
570e6a26,38488d47,KG,10,1,200,15/03/2023,Cash,15/03/2023 20:04:30,
b43bad8f,38488d82,KG,1,1,80,15/03/2023,Cash,15/03/2023 20:05:12,
176e86be,7cfdeddd,KG,1,1,120,15/03/2023,Cash,15/03/2023 20:05:41,
f37a0811,524a0b85,Piece,1,1,10,15/03/2023,Cash,15/03/2023 21:50:01,
85b30edb,38488d32,Liter,1,3,162,16/03/2023,Cash,16/03/2023 19:57:09,
ebe037b6,38488d34,KG,0.5,1,20,16/03/2023,Cash,16/03/2023 19:57:58,
718058f4,38488d35,KG,0.5,1,20,16/03/2023,Cash,16/03/2023 19:58:22,
6b40ce51,38488d39,KG,5,1,80,16/03/2023,Cash,16/03/2023 19:58:44,
45d0e4f4,38488d71,KG,1.5,1,50,16/03/2023,Cash,16/03/2023 19:59:10,
d169a2f9,38488d70,Piece,12,8,280,16/03/2023,Cash,16/03/2023 19:59:57,
0c6d5e4e,38488d84,KG,0.5,1,20,16/03/2023,Cash,16/03/2023 20:11:06,
16c67c26,074f02cb,Piece,1,4,50,16/03/2023,Cash,16/03/2023 20:14:56,
4035c21f,fc547261,Piece,1,10,100,16/03/2023,Cash,16/03/2023 20:17:17,
f9a4ae15,38488d43,KG,0.3,1,40,16/03/2023,Cash,16/03/2023 20:26:21,
89b67085,7836518d,Piece,1,2,120,16/03/2023,Cash,16/03/2023 20:39:18,
50a2931a,38488d32,Liter,1,3,162,17/03/2023,Cash,17/03/2023 20:58:45,
acac5627,1870042c,KG,5,1,100,17/03/2023,Cash,17/03/2023 20:59:02,
69525d2f,38488d33,KG,1,1,20,17/03/2023,Cash,17/03/2023 20:59:23,
6673c61a,38488d35,KG,0.5,1,20,17/03/2023,Cash,17/03/2023 20:59:37,
305f05cd,38488d36,KG,1,1,100,17/03/2023,Cash,17/03/2023 21:00:07,
1a068bf5,38488d57,KG,0.25,1,10,17/03/2023,Cash,17/03/2023 21:00:26,
12d772bf,38488d63,KG,1.5,1,40,17/03/2023,Cash,17/03/2023 21:02:23,
c420b963,fb9ea07d,KG,0.25,1,20,17/03/2023,Cash,17/03/2023 21:03:04,
210893eb,ce05468e,KG,0.1,1,10,17/03/2023,Cash,17/03/2023 21:04:29,
0ee46ce6,38488d62,KG,1,7,315,17/03/2023,Cash,17/03/2023 21:08:52,
3cf546e4,2c4d95ef,KG,0.25,1,45,17/03/2023,Cash,17/03/2023 21:13:20,
c52efeda,2f5f74e8,Piece,1,1,30,17/03/2023,Cash,17/03/2023 21:13:52,
0dfab296,38488d37,KG,2,1,40,17/03/2023,Cash,17/03/2023 21:15:14,
bc987c1b,cae57605,Piece,1,4,20,17/03/2023,Cash,17/03/2023 21:15:39,
7f5b35ca,38488d78,KG,1,2,120,17/03/2023,Cash,17/03/2023 22:01:53,
64fc4b2d,38488d32,Liter,1,3,162,18/03/2023,Cash,18/03/2023 20:50:08,
60a9dcf9,dbafb15e,KG,1,1,50,18/03/2023,Cash,18/03/2023 20:50:25,
e6c278f0,38488d38,KG,0.6,1,45,18/03/2023,Cash,18/03/2023 20:51:37,
8bf3508a,2bdbfdb6,KG,1.25,1,125,18/03/2023,Cash,18/03/2023 20:52:03,
a1be5268,a8c615c3,Piece,1,1,45,18/03/2023,Cash,18/03/2023 20:52:55,
ff04426f,38488d32,Liter,1,1,54,18/03/2023,Cash,18/03/2023 20:53:56,
7aaca6a2,38488d32,Liter,1,3,162,19/03/2023,Cash,19/03/2023 20:29:27,
c96a32eb,38488d50,KG,2,1,70,19/03/2023,Cash,19/03/2023 20:31:21,
78435090,38488d51,KG,1,1,300,19/03/2023,Cash,19/03/2023 20:32:20,
1ed4669d,38488d80,KG,1.5,1,50,19/03/2023,Cash,19/03/2023 20:35:28,
6a85aa1f,608e4a15,Piece,1,1,100,19/03/2023,Cash,19/03/2023 20:36:18,
5ece4800,1870042c,KG,5,1,100,19/03/2023,Cash,19/03/2023 20:37:26,
75340a88,38488d47,KG,10,1,200,19/03/2023,Cash,19/03/2023 20:38:44,
4fa9546e,0c53ef5a,KG,0.1,1,10,19/03/2023,Cash,19/03/2023 20:39:07,
e72f1e43,38488d43,KG,0.3,4,40,19/03/2023,Cash,19/03/2023 20:40:29,
4b1b4974,38488d32,Liter,1,1,54,19/03/2023,Cash,19/03/2023 20:42:05,
60ba4547,38488d32,Liter,1,4,216,20/03/2023,Cash,20/03/2023 08:46:58,
6ae68dde,818ce46b,KG,1,1,65,20/03/2023,Cash,20/03/2023 08:48:11,
02da7a32,38488d38,KG,0.6,3,135,20/03/2023,Cash,20/03/2023 08:49:08,
3567784d,38488d48,KG,1,1,72,20/03/2023,Cash,20/03/2023 08:50:12,
47925a2f,38488d38,KG,0.6,1,45,20/03/2023,Cash,22/03/2023 08:46:55,
1050dabd,38488d32,Liter,1,3,162,21/03/2023,Cash,22/03/2023 09:31:04,
11bdc273,38488d48,KG,1.5,2,106,21/03/2023,Cash,22/03/2023 17:07:45,
cbf27eac,38488d72,KG,0.5,1,25,21/03/2023,Cash,22/03/2023 17:09:39,
18b1fc10,524a0b85,Piece,1,2,20,21/03/2023,Cash,22/03/2023 17:10:35,
00ff5725,38488d72,KG,1,1,30,21/03/2023,Cash,22/03/2023 17:13:15,
ea152cc4,38488d82,KG,0.25,1,20,21/03/2023,Cash,22/03/2023 17:14:20,
48688ec6,fcde63e0,Piece,1,1,10,21/03/2023,Cash,22/03/2023 17:15:56,
0f397e41,7cfdeddd,KG,0.5,1,70,21/03/2023,Cash,22/03/2023 18:09:11,
a47eb4b9,38488d39,KG,3,1,75,21/03/2023,Cash,22/03/2023 18:10:00,
5f30c973,38488d51,KG,0.75,1,240,21/03/2023,Cash,22/03/2023 18:15:49,
9496ddc5,38488d36,KG,0.25,1,30,21/03/2023,Cash,22/03/2023 18:18:44,
ef8ff6dd,38488d32,KG,1,1,56,21/03/2023,Cash,22/03/2023 18:20:42,
111b45b9,38488d84,KG,2,1,40,21/03/2023,Cash,22/03/2023 18:21:51,
91fc4db6,38488d38,KG,0.6,1,45,21/03/2023,Cash,22/03/2023 18:22:59,
5d47639c,81cb458e,Piece,1,1,115,21/03/2023,Cash,22/03/2023 18:24:36,
f09e83fb,38488d32,Liter,1,3,162,22/03/2023,Cash,22/03/2023 20:31:00,
19827a1a,1870042c,KG,5,1,100,22/03/2023,Cash,22/03/2023 20:31:42,
82347f27,a92f80eb,KG,2,1,30,22/03/2023,Cash,22/03/2023 20:37:21,
a4fe154e,38488d32,KG,0.5,4,112,22/03/2023,Cash,22/03/2023 20:37:59,
04c8b58d,fcd75bd5,Piece,1,3,30,22/03/2023,Cash,22/03/2023 20:38:52,
2bd638ca,7d6a877d,KG,0.25,2,100,22/03/2023,Cash,22/03/2023 22:14:48,
b1d60b42,38488d32,Liter,1,1,162,23/03/2023,Cash,23/03/2023 20:05:56,
b3e35f42,a92f80eb,KG,11,1,220,23/03/2023,Cash,23/03/2023 21:42:39,
f16769cb,38488d38,KG,0.6,1,45,23/03/2023,Cash,23/03/2023 21:43:18,
3f328223,38488d47,KG,10,1,200,23/03/2023,Cash,23/03/2023 21:43:51,
00b46fe9,38488d35,KG,0.5,1,20,23/03/2023,Cash,23/03/2023 21:45:27,
05bd413e,38488d37,KG,3,1,45,23/03/2023,Cash,23/03/2023 21:45:45,
e486ca0b,38488d70,Piece,6,16,320,23/03/2023,Cash,23/03/2023 21:46:37,
008d2e19,38488d60,KG,0.5,1,80,22/03/2023,Cash,23/03/2023 21:51:15,
72ca8c10,38488d64,KG,0.5,1,45,22/03/2023,Cash,23/03/2023 21:53:01,
cc03f23e,38488d69,KG,0.25,1,110,21/03/2023,Cash,23/03/2023 21:53:57,
620d6b82,38488d84,KG,0.5,1,15,23/03/2023,Cash,23/03/2023 21:54:59,
5f7f9df2,38488d71,KG,1.5,1,40,23/03/2023,Cash,23/03/2023 21:56:14,
b680511a,070c1507,Piece,1,6,90,23/03/2023,Cash,23/03/2023 21:56:53,
9f4cfda1,cae57605,Piece,1,5,50,23/03/2023,Cash,23/03/2023 21:58:14,
d6e27cc0,e9fd60e0,Piece,12,1,70,22/03/2023,Cash,23/03/2023 22:05:02,
8819a1ff,b011f24c,KG,0.65,1,100,22/03/2023,Cash,23/03/2023 22:06:52,
a36bdf47,2bdbfdb7,Piece,1,3,30,23/03/2023,Cash,23/03/2023 22:08:52,
d143f3b2,38488d32,Liter,1,3,162,24/03/2023,Cash,24/03/2023 17:24:50,
f6bb1360,38488d82,KG,0.25,1,30,24/03/2023,Cash,24/03/2023 17:26:47,
b2b8443a,38488d39,KG,5,1,100,24/03/2023,Cash,24/03/2023 17:29:39,
b90adaaa,38488d84,KG,2,1,60,24/03/2023,Cash,24/03/2023 17:30:03,
36ccf106,15880a38,Piece,1,1,50,24/03/2023,Cash,24/03/2023 17:31:20,
ec83bcbb,38488d63,KG,1.5,1,60,24/03/2023,Cash,24/03/2023 17:31:50,
bcb42f01,38488d32,KG,1,1,54,24/03/2023,Cash,24/03/2023 21:02:41,
d2ba91e8,1870042c,KG,5,1,100,24/03/2023,Cash,24/03/2023 21:29:30,
4437a9fa,38488d36,KG,1,1,130,24/03/2023,Cash,24/03/2023 21:30:15,
0b17cedb,38488d32,Liter,1,4,216,25/03/2023,Cash,25/03/2023 18:39:14,
ea3ccb0d,38488d82,KG,0.25,1,25,25/03/2023,Cash,25/03/2023 18:41:33,
40f1724f,38488d38,KG,0.6,1,45,25/03/2023,Cash,25/03/2023 18:41:58,
f470bd86,38488d39,KG,5,1,100,25/03/2023,Cash,25/03/2023 18:42:32,
28bedd3d,38488d48,KG,2,2,144,25/03/2023,Cash,25/03/2023 18:43:52,
1c6886b5,38488d39,KG,1,1,30,25/03/2023,Cash,25/03/2023 18:44:17,
64c5ec32,1870042c,KG,500,1,10,25/03/2023,Cash,25/03/2023 18:45:04,
807cef35,38488d50,KG,1,1,45,25/03/2023,Cash,25/03/2023 18:50:11,
5adbca1a,fc547261,Piece,1,10,100,25/03/2023,Cash,25/03/2023 22:08:16,
a7c22266,3f5a9999,Liter,5,1,75,25/03/2023,Cash,25/03/2023 22:09:34,
8799b1ea,38488d32,Liter,1,3,162,26/03/2023,Cash,26/03/2023 21:40:56,
44fe095e,38488d72,KG,0.5,1,20,26/03/2023,Cash,26/03/2023 21:41:17,
1e542f60,1870042c,KG,5,1,100,26/03/2023,Cash,26/03/2023 21:42:29,
9960445a,89e823ea,Piece,1,1,59,26/03/2023,Cash,26/03/2023 21:42:57,
277a379d,2bdbfdb6,KG,1.25,1,120,26/03/2023,Cash,26/03/2023 21:47:26,
2da5ec8a,38488d52,KG,0.1,1,65,26/03/2023,Cash,26/03/2023 21:47:57,
de3e971e,38488d32,KG,0.5,6,168,26/03/2023,Cash,26/03/2023 21:50:49,
412919f3,4340a96c,KG,1,2,70,26/03/2023,Cash,26/03/2023 21:52:47,
da3ef45c,38488d48,Piece,1,2,40,26/03/2023,Cash,26/03/2023 21:55:41,
42280861,38488d32,Liter,1,3,162,27/03/2023,Cash,27/03/2023 19:19:03,
46499710,38488d39,KG,5,1,80,27/03/2023,Cash,27/03/2023 19:20:10,
281b25b4,38488d71,KG,3,1,60,27/03/2023,Cash,27/03/2023 19:21:22,
bea3527c,38488d38,KG,0.6,1,45,27/03/2023,Cash,27/03/2023 19:21:46,
7da7ade3,a92f80eb,KG,10,1,120,27/03/2023,Cash,27/03/2023 19:22:20,
680f1c56,38488d36,KG,0.5,1,60,27/03/2023,Cash,27/03/2023 19:22:38,
1e0ad199,38488d47,KG,10,1,200,27/03/2023,Cash,27/03/2023 19:23:03,
6fab435d,38488d82,KG,1,1,70,27/03/2023,Cash,27/03/2023 19:23:33,
cb705f9e,38488d72,KG,1,1,40,27/03/2023,Cash,27/03/2023 19:24:34,
c7e3d230,7cfdeddd,KG,1,1,70,27/03/2023,Cash,27/03/2023 19:25:21,
4ad2ceb7,e015cd8b,KG,1,1,165,27/03/2023,Cash,27/03/2023 19:27:00,
b7d11201,38488d51,KG,0.1,1,30,27/03/2023,Cash,27/03/2023 19:27:48,
b85f9db9,31170873,Piece,1,1,150,27/03/2023,Cash,27/03/2023 19:28:28,
6d9229b4,6eac27e1,Piece,1,1,60,27/03/2023,Cash,27/03/2023 19:29:02,
53e5e8b9,090f0992,KG,1,1,99,27/03/2023,Cash,27/03/2023 19:32:37,
15529c68,38488d32,Liter,1,3,162,28/03/2023,Cash,28/03/2023 20:27:53,
ae018798,38488d43,KG,0.5,4,40,28/03/2023,Cash,28/03/2023 20:29:46,
3068582f,38488d38,KG,0.4,2,40,28/03/2023,Cash,28/03/2023 20:30:45,
94f6e992,1870042c,KG,5,1,100,28/03/2023,Cash,28/03/2023 20:31:06,
7fa6ce92,38488d39,KG,5,1,100,28/03/2023,Cash,28/03/2023 20:31:23,
aeaa51f1,2f5f74e8,KG,0.25,1,100,28/03/2023,Cash,28/03/2023 20:31:47,
f127e405,38488d32,KG,0.5,4,108,28/03/2023,Cash,28/03/2023 20:33:01,
9b1bf972,3ed563fc,Piece,10,1,300,28/03/2023,Cash,28/03/2023 20:34:10,
fec8c497,38488d48,KG,1,2,144,28/03/2023,Cash,28/03/2023 20:35:10,
35f9ae8d,bf503910,Piece,1,1,40,28/03/2023,Cash,28/03/2023 20:36:18,
073ae79a,38488d54,KG,0.5,4,120,28/03/2023,Cash,28/03/2023 20:38:06,
124e8a75,fcd75bd5,Piece,1,2,20,28/03/2023,Cash,28/03/2023 20:39:25,
cccffe61,b689393c,Piece,1,2,20,28/03/2023,Cash,28/03/2023 20:39:50,
49b9575a,38488d69,KG,0.25,1,110,28/03/2023,Cash,28/03/2023 20:40:45,
f4d7b68b,6098bd6f,Piece,1,1,100,28/03/2023,Cash,28/03/2023 20:41:08,
7a0f6bd8,38488d33,KG,5,1,125,28/03/2023,Cash,28/03/2023 20:49:49,
eec03b23,38488d40,KG,1,1,30,28/03/2023,Cash,28/03/2023 20:50:16,
a07fbb9d,38488d84,KG,2,1,60,28/03/2023,Cash,28/03/2023 20:50:34,
979e31c2,38488d37,KG,3,1,30,28/03/2023,Cash,28/03/2023 22:01:03,
c9a56ee6,38488d72,KG,1,1,30,28/03/2023,Cash,28/03/2023 22:01:45,
2891bdef,7211596c,Piece,1,12,100,28/03/2023,Cash,28/03/2023 22:22:04,
4a7af78b,090f0992,KG,0.7,6,300,28/03/2023,Cash,28/03/2023 22:26:18,
e6b89e5a,38488d32,Liter,1,3,162,29/03/2023,Cash,29/03/2023 20:38:03,
31214c55,38488d38,KG,0.6,1,45,29/03/2023,Cash,29/03/2023 20:38:29,
de37a82e,38488d50,KG,1,1,40,29/03/2023,Cash,29/03/2023 20:38:50,
e64b2760,e9fd60e0,Piece,1,6,40,29/03/2023,Cash,29/03/2023 20:39:21,
6cc3a320,b011f24c,KG,0.6,1,100,29/03/2023,Cash,29/03/2023 20:40:05,
980f30df,38488d32,Liter,1,3,162,29/03/2023,Cash,29/03/2023 20:41:50,
604c8362,38488d32,Liter,1,3,162,30/03/2023,Cash,30/03/2023 19:06:27,
551c6634,7cfdeddd,KG,1,1,120,30/03/2023,Cash,30/03/2023 19:07:09,
b67cfd1d,1870042c,KG,5,1,100,30/03/2023,Cash,30/03/2023 19:07:33,
efc4c957,38488d39,KG,5,1,100,30/03/2023,Cash,30/03/2023 19:08:07,
4a3aa7f9,38488d82,KG,1,1,70,30/03/2023,Cash,30/03/2023 19:09:13,
538fffd1,38488d72,KG,1.5,1,40,30/03/2023,Cash,30/03/2023 19:10:09,
90a48243,38488d51,KG,1,1,320,30/03/2023,Cash,30/03/2023 19:10:34,
d270b45e,1fa08a97,Piece,1,30,360,30/03/2023,Cash,30/03/2023 19:13:03,
c5c5c60d,a92f80eb,KG,10,1,120,30/03/2023,Cash,30/03/2023 20:04:43,
e1aede96,38488d47,KG,10,1,200,30/03/2023,Cash,30/03/2023 20:05:04,
eb8a47b0,070c1507,Piece,1,2,60,30/03/2023,Cash,30/03/2023 21:27:11,
27e67b2d,38488d68,KG,1,1,120,30/03/2023,Cash,30/03/2023 21:35:44,
6087045c,38488d32,Liter,1,3,162,31/03/2023,Cash,31/03/2023 20:31:49,
5740f546,f4eeda21,Piece,1,1,120,31/03/2023,Cash,31/03/2023 21:20:04,
4fe26b8d,38488d32,Liter,1,3,162,01/04/2023,Cash,01/04/2023 18:05:05,
76b9005a,38488d38,KG,0.6,4,180,01/04/2023,Cash,01/04/2023 18:05:23,
a5d9df53,38488d48,KG,0.5,2,68,01/04/2023,Cash,01/04/2023 18:05:58,
121bb7f8,1870042c,KG,5,1,120,01/04/2023,Cash,01/04/2023 18:06:18,
7fb356e9,38488d36,KG,1,1,128,01/04/2023,Cash,01/04/2023 18:06:33,
48e49c9e,38488d39,KG,5,1,100,01/04/2023,Cash,01/04/2023 18:06:51,
8bffce07,38488d35,KG,1,1,30,01/04/2023,Cash,01/04/2023 18:07:09,
0fd7dc39,38488d57,KG,0.25,1,30,01/04/2023,Cash,01/04/2023 18:07:34,
409a8aaf,38488d56,Piece,1,2,130,01/04/2023,Cash,01/04/2023 18:08:05,
a4579a4f,38488d63,KG,2,1,50,01/04/2023,Cash,01/04/2023 18:09:26,
9cefb87a,2f5f74e8,Piece,1,1,30,01/04/2023,Cash,01/04/2023 18:10:05,
b95dcb88,38488d62,KG,7,1,315,01/04/2023,Cash,01/04/2023 18:10:50,
e3995126,38488d68,KG,1,1,140,01/04/2023,Cash,01/04/2023 18:12:31,
6eb4b33d,38488d33,KG,1,1,40,01/04/2023,Cash,01/04/2023 18:13:00,
2d872148,8b22178e,KG,1,1,120,01/04/2023,Cash,01/04/2023 18:13:21,
7badeb0c,2c4d95ef,KG,0.25,1,45,01/04/2023,Cash,01/04/2023 21:08:43,
5b67ec67,fb9ea07d,KG,0.25,1,20,01/04/2023,Cash,01/04/2023 21:09:24,
274f520c,ee72568a,KG,0.1,1,50,01/04/2023,Cash,01/04/2023 21:10:06,
48281656,ce05468e,KG,0.1,1,10,01/04/2023,Cash,01/04/2023 21:10:40,
5ad2921c,38488d32,Liter,1,3,162,02/04/2023,Cash,02/04/2023 19:43:56,
488db6b7,38488d50,KG,2,1,70,02/04/2023,Cash,02/04/2023 19:44:50,
37b2ba43,38488d71,KG,3,1,60,02/04/2023,Cash,02/04/2023 19:45:45,
29beee6c,38488d80,KG,1.5,1,60,02/04/2023,Cash,02/04/2023 19:46:54,
5beacfad,38488d51,KG,1,1,320,02/04/2023,Cash,02/04/2023 19:47:23,
5d051d4a,2bdbfdb6,KG,1.25,1,125,02/04/2023,Cash,02/04/2023 19:47:44,
4952b63c,3f40d071,Piece,12,6,240,02/04/2023,Cash,02/04/2023 19:48:44,
1368a91b,fcd75bd5,Piece,1,2,20,02/04/2023,Cash,02/04/2023 19:51:45,
7b515f48,38488d32,Liter,1,2,108,02/04/2023,Cash,02/04/2023 22:07:06,
5437e9f6,0fe62ec0,Piece,1,2,60,03/04/2023,Cash,03/04/2023 10:59:06,
2bd87a56,38488d32,Liter,1,3,162,03/04/2023,Cash,03/04/2023 11:00:31,
a238a7a8,38488d63,KG,2,1,50,03/04/2023,Cash,03/04/2023 11:00:57,
58bddd8e,38488d78,KG,0.5,1,34,03/04/2023,Cash,03/04/2023 11:01:18,
11eaf6e4,38488d66,KG,2.5,1,120,03/04/2023,Cash,03/04/2023 19:55:32,
accfd5f3,38488d59,KG,0.5,1,80,03/04/2023,Cash,03/04/2023 19:56:22,
7cd93346,38488d60,KG,0.5,1,80,03/04/2023,Cash,03/04/2023 19:57:20,
da9ad8d4,38488d72,KG,0.25,1,10,03/04/2023,Cash,03/04/2023 21:54:58,
452bf105,8292d135,Piece,1,1,20,03/04/2023,Cash,03/04/2023 21:56:30,
ff4bf0fb,38488d32,Liter,1,3,162,04/04/2023,Cash,04/04/2023 20:00:56,
039faed6,38488d82,KG,1,1,40,04/04/2023,Cash,04/04/2023 20:02:26,
035f5dfd,1870042c,KG,5,1,100,04/04/2023,Cash,04/04/2023 20:03:27,
c1228936,a92f80eb,KG,10,1,110,04/04/2023,Cash,04/04/2023 20:03:45,
976d1159,38488d38,KG,0.6,1,45,04/04/2023,Cash,04/04/2023 20:04:06,
5d73c312,38488d39,KG,5,1,75,04/04/2023,Cash,04/04/2023 20:04:32,
cd62f9c9,38488d72,Piece,1,2,20,04/04/2023,Cash,04/04/2023 20:05:00,
0c1ccf8a,38488d47,KG,10,1,200,04/04/2023,Cash,04/04/2023 20:05:33,
c42d589f,38488d69,KG,0.25,1,110,04/04/2023,Cash,04/04/2023 20:05:52,
6f2de6d5,524a0b85,Piece,12,1,100,04/04/2023,Cash,04/04/2023 20:06:20,
dd41d5f8,38488d32,Liter,1,2,108,04/04/2023,Cash,04/04/2023 20:07:42,
99567808,711640d2,Piece,1,1,25,04/04/2023,Cash,04/04/2023 20:08:17,
3694f529,38488d33,KG,2,1,50,04/04/2023,Cash,04/04/2023 22:01:12,
ba79f47f,38488d39,KG,5,1,60,04/04/2023,Cash,04/04/2023 22:02:23,
867a9e4b,38488d71,KG,4,1,40,04/04/2023,Cash,04/04/2023 22:03:34,
07a95192,38488d72,KG,1,2,20,04/04/2023,Cash,04/04/2023 22:05:04,
7171bf1c,8292d135,Piece,1,1,60,04/04/2023,Cash,04/04/2023 22:08:38,
c5780538,38488d43,KG,0.5,4,40,04/04/2023,Cash,04/04/2023 22:09:35,
6654af44,38488d32,Liter,1,3,162,05/04/2023,Cash,05/04/2023 20:17:42,
08f47872,15ed5402,KG,1,1,90,05/04/2023,Cash,05/04/2023 20:18:21,
f9d92597,38488d70,Piece,12,8,320,05/04/2023,Cash,05/04/2023 20:19:31,
64ad5945,38488d35,KG,0.5,1,20,05/04/2023,Cash,05/04/2023 20:23:22,
c8bb06a4,38488d84,KG,0.5,1,10,05/04/2023,Cash,05/04/2023 20:23:41,
a75bec28,38488d37,KG,0.5,1,10,05/04/2023,Cash,05/04/2023 20:24:27,
abff1fda,6b5d3659,KG,1,4,1000,05/04/2023,Cash,05/04/2023 20:24:54,
750daa28,0af7658c,KG,1,2,360,05/04/2023,Cash,05/04/2023 21:10:39,
d93a3eb2,38488d32,Liter,1,3,162,06/04/2023,Cash,06/04/2023 18:58:55,
7d63eec1,38488d48,KG,1,1,72,06/04/2023,Cash,06/04/2023 18:59:13,
7c9b4812,1870042c,KG,5,1,100,06/04/2023,Cash,06/04/2023 18:59:37,
898fc339,38488d36,KG,1,1,130,06/04/2023,Cash,06/04/2023 18:59:59,
865c339f,38488d47,KG,10,1,200,06/04/2023,Cash,06/04/2023 19:00:19,
70dcbb36,38488d51,KG,0.25,1,80,06/04/2023,Cash,06/04/2023 19:00:39,
6d7dd83b,a31d5abb,KG,1,1,100,06/04/2023,Cash,06/04/2023 19:06:56,
cafb30e6,15880a38,Piece,1,5,175,06/04/2023,Cash,06/04/2023 20:47:20,
03b2b432,38488d46,Liter,1,2,75,06/04/2023,Cash,06/04/2023 20:48:11,
e5ff7e79,38488d79,Piece,1,20,200,06/04/2023,Cash,06/04/2023 20:48:47,
2a879388,6b5d3659,KG,0.25,1,65,06/04/2023,Cash,06/04/2023 20:50:29,
134d113f,f4eeda21,Piece,1,1,10,06/04/2023,Cash,06/04/2023 20:51:05,
cf8eed5d,38488d32,Liter,1,3,162,07/04/2023,Cash,07/04/2023 21:27:12,
141057c5,38488d38,KG,0.6,1,45,07/04/2023,Cash,07/04/2023 21:27:31,
6617cb1f,38488d84,KG,2,1,60,07/04/2023,Cash,07/04/2023 21:27:58,
f60f3f9e,38488d39,KG,6,1,120,07/04/2023,Cash,07/04/2023 21:28:37,
be729372,38488d32,Liter,1,3,162,08/04/2023,Cash,08/04/2023 19:56:21,
ab060259,1870042c,KG,6,1,120,08/04/2023,Cash,08/04/2023 19:56:44,
838dd380,38488d38,KG,0.6,1,45,08/04/2023,Cash,08/04/2023 19:57:07,
32d339a7,7cfdeddd,KG,1,1,130,08/04/2023,Cash,08/04/2023 19:57:35,
bb6e109d,a92f80eb,KG,10,1,120,08/04/2023,Cash,08/04/2023 19:58:08,
f8bd516a,5b074625,KG,1,1,115,08/04/2023,Cash,08/04/2023 19:59:26,
b0e66b96,38488d48,KG,1,2,144,08/04/2023,Cash,08/04/2023 20:09:09,
5dce517e,38488d72,Piece,1,1,10,08/04/2023,Cash,08/04/2023 20:09:50,
e3a425d0,5ad61e4e,KG,2,1,90,08/04/2023,Cash,08/04/2023 20:10:53,
100268fa,7836518d,Piece,1,1,25,08/04/2023,Cash,08/04/2023 21:19:24,
89f2781f,38488d32,KG,0.5,4,108,08/04/2023,Cash,08/04/2023 21:22:07,
ad29a528,38488d32,Liter,1,3,162,09/04/2023,Cash,09/04/2023 20:01:01,
ee706f54,38488d35,KG,0.5,1,20,09/04/2023,Cash,09/04/2023 20:01:47,
8a7d679d,38488d37,KG,2,1,40,09/04/2023,Cash,09/04/2023 20:02:09,
46c3b5e8,2bdbfdb6,KG,1,1,100,09/04/2023,Cash,09/04/2023 20:02:34,
5f50a53d,fcd75bd5,Piece,1,2,20,09/04/2023,Cash,09/04/2023 20:03:12,
dc62b50e,15ed5402,KG,1,1,90,09/04/2023,Cash,09/04/2023 20:03:42,
215e706c,7b9f1ae6,Piece,1,20,70,09/04/2023,Cash,09/04/2023 20:06:40,
c2a9628d,5501ac57,KG,0.7,1,100,09/04/2023,Cash,09/04/2023 20:40:08,
c2c7190d,38488d32,Liter,1,2,108,09/04/2023,Cash,09/04/2023 20:41:50,
60876229,38488d32,Liter,1,3,162,10/04/2023,Cash,10/04/2023 19:35:52,
d63d9f44,38488d38,KG,0.6,5,225,10/04/2023,Cash,10/04/2023 19:36:48,
d182f794,38488d39,KG,5,1,100,10/04/2023,Cash,10/04/2023 19:37:24,
3da4e6a2,38488d72,KG,0.5,1,20,10/04/2023,Cash,10/04/2023 19:37:52,
d53c0865,38488d82,KG,0.5,1,30,10/04/2023,Cash,10/04/2023 19:38:29,
2b9b711c,a92f80eb,KG,50,1,520,10/04/2023,Cash,10/04/2023 19:39:06,
352b2f10,38488d51,KG,0.5,1,160,10/04/2023,Cash,10/04/2023 19:39:39,
0ed130bb,38488d32,Liter,1,3,162,11/04/2023,Cash,11/04/2023 20:02:21,
23291594,1870042c,KG,5,1,100,11/04/2023,Cash,11/04/2023 20:03:19,
c9eac6ae,38488d47,KG,10,1,200,11/04/2023,Cash,11/04/2023 20:10:34,
34da86f5,38488d69,KG,0.25,1,110,11/04/2023,Cash,11/04/2023 20:16:29,
ac8c539e,38488d48,KG,1,2,144,11/04/2023,Cash,11/04/2023 20:16:56,
8377a17f,38488d78,KG,0.5,1,36,11/04/2023,Cash,11/04/2023 20:17:38,
5de8a7b5,2f5f74e8,KG,0.37,2,172,11/04/2023,Cash,11/04/2023 20:18:51,
12bb5a60,38488d32,Liter,1,2,108,11/04/2023,Cash,11/04/2023 20:22:11,
9ffdfb8d,38488d48,KG,0.5,1,34,11/04/2023,Cash,11/04/2023 20:22:41,
040f389d,38488d82,KG,1,1,40,11/04/2023,Cash,11/04/2023 20:23:05,
13a4cf62,38488d57,KG,4,1,320,11/04/2023,Cash,11/04/2023 20:23:45,
4ed7e1a2,38488d59,KG,0.5,1,80,11/04/2023,Cash,11/04/2023 20:24:14,
15e2af0c,38488d60,KG,0.5,1,80,11/04/2023,Cash,11/04/2023 20:27:52,
d741693e,a208793d,Piece,1,1,30,11/04/2023,Cash,11/04/2023 20:28:37,
22cf5e73,c05b57ec,Piece,1,1,350,11/04/2023,Cash,11/04/2023 20:31:10,
1db171cb,38488d34,KG,1.5,1,30,11/04/2023,Cash,11/04/2023 23:33:17,
18eee7a9,fb323e8d,Piece,1,2,160,11/04/2023,Cash,11/04/2023 23:34:27,
93e0ba6e,dd1404d1,Piece,1,6,150,11/04/2023,Cash,11/04/2023 23:35:28,
e05d6cdc,316fcd40,KG,1,4,140,11/04/2023,Cash,11/04/2023 23:38:17,
f86607bb,38488d72,KG,1,1,40,11/04/2023,Cash,11/04/2023 23:40:25,
1fd12aa6,d9eee075,KG,2,1,60,11/04/2023,Cash,11/04/2023 23:41:14,
54a28b05,38488d32,Liter,1,3,162,12/04/2023,Cash,12/04/2023 19:01:42,
5c8aa8fb,38488d38,KG,0.6,1,45,12/04/2023,Cash,12/04/2023 19:03:10,
6fe921a6,38488d39,KG,5,1,80,12/04/2023,Cash,12/04/2023 19:03:36,
82ffdf0c,ae70322f,Piece,1,1,200,12/04/2023,Cash,12/04/2023 19:04:29,
16b0fc85,96715a96,KG,1,1,140,12/04/2023,Cash,12/04/2023 21:13:20,
6b2fa6f7,38488d46,Liter,0.5,1,40,12/04/2023,Cash,12/04/2023 21:16:43,
d3b77ed5,fcd75bd5,Piece,1,2,20,12/04/2023,Cash,12/04/2023 21:17:13,
406bf20c,38488d79,Piece,1,3,30,12/04/2023,Cash,12/04/2023 21:21:43,
13a22002,38488d32,Liter,1,3,162,13/04/2023,Cash,13/04/2023 21:35:19,
74183ed4,38488d48,KG,0.5,3,102,13/04/2023,Cash,13/04/2023 21:40:31,
a2ae2aca,38488d38,KG,0.6,1,45,13/04/2023,Cash,13/04/2023 21:41:10,
c1945faa,38488d35,KG,0.5,1,20,13/04/2023,Cash,13/04/2023 21:41:32,
cab228d0,38488d37,KG,1,1,20,13/04/2023,Cash,13/04/2023 21:42:01,
463a956f,38488d71,KG,1.5,1,30,13/04/2023,Cash,13/04/2023 21:42:21,
2b3c4df0,38488d56,Piece,1,4,400,13/04/2023,Cash,13/04/2023 21:42:57,
6f141dbc,38488d70,Piece,6,16,320,13/04/2023,Cash,13/04/2023 21:43:53,
a7adc92e,cada76f2,Piece,1,1,80,13/04/2023,Cash,13/04/2023 21:49:28,
a5a12f49,38488d32,Liter,1.5,2,81,13/04/2023,Cash,13/04/2023 21:52:05,
7a0e2c00,074f02cb,Piece,1,1,16,13/04/2023,Cash,13/04/2023 21:56:26,
9263d17f,38488d32,Liter,1,3,162,14/04/2023,Cash,14/04/2023 20:15:56,
63884328,1870042c,KG,2,1,60,14/04/2023,Cash,14/04/2023 20:16:40,
64bfdddb,1870042c,KG,5,1,100,14/04/2023,Cash,14/04/2023 20:17:53,
59987c6f,38488d68,KG,0.5,1,70,14/04/2023,Cash,14/04/2023 20:18:08,
2c2863a6,38488d39,KG,3,1,60,14/04/2023,Cash,14/04/2023 20:18:36,
1838c086,38488d36,KG,1,1,130,14/04/2023,Cash,14/04/2023 20:19:00,
752f5dcd,38488d57,KG,4,1,280,14/04/2023,Cash,14/04/2023 20:19:23,
ee39e1b1,38488d74,KG,4,1,120,14/04/2023,Cash,14/04/2023 20:19:59,
bdd8ec61,38488d84,KG,0.5,1,20,14/04/2023,Cash,14/04/2023 20:20:41,
996bf21e,a31d5abb,KG,0.5,1,50,14/04/2023,Cash,14/04/2023 20:21:18,
84ca5b08,cb91bdbf,KG,1,1,50,14/04/2023,Cash,14/04/2023 20:22:07,
65690716,cae57605,Piece,1,2,20,14/04/2023,Cash,14/04/2023 20:25:16,
c1af15d4,38488d70,Piece,12,3,120,14/04/2023,Cash,14/04/2023 21:42:32,
c1c32229,38488d32,Liter,1,3,162,15/04/2023,Cash,15/04/2023 19:49:31,
06e8ad00,38488d38,KG,0.6,1,45,15/04/2023,Cash,15/04/2023 19:49:59,
c875c695,38488d36,KG,1,1,130,15/04/2023,Cash,15/04/2023 19:50:38,
45a60f8f,38488d47,KG,5,1,100,15/04/2023,Cash,15/04/2023 19:51:08,
d0963a24,7cfdeddd,KG,1,1,100,15/04/2023,Cash,15/04/2023 19:53:32,
4261f97a,38488d72,Piece,1,1,20,15/04/2023,Cash,15/04/2023 19:54:16,
4644a473,38488d68,KG,1,1,120,15/04/2023,Cash,15/04/2023 19:54:56,
43110bc3,38488d51,KG,0.5,1,160,15/04/2023,Cash,15/04/2023 19:55:31,
2a40580c,5b074625,KG,0.5,1,70,15/04/2023,Cash,15/04/2023 19:56:56,
86f486f7,557cb1a3,Piece,1,1,50,15/04/2023,Cash,15/04/2023 21:24:05,
3d741ea4,38488d32,Liter,1,4,216,16/04/2023,Cash,16/04/2023 20:47:40,
aa165f1d,38488d60,KG,0.5,1,80,16/04/2023,Cash,16/04/2023 20:49:26,
7e754a92,38488d59,KG,1,1,160,16/04/2023,Cash,16/04/2023 20:50:41,
32b8ce15,38488d47,KG,20,1,400,16/04/2023,Cash,16/04/2023 20:51:05,
2ecd0454,2bdbfdb6,KG,1,1,100,16/04/2023,Cash,16/04/2023 20:51:25,
2853e7f4,38488d64,Piece,1,2,90,16/04/2023,Cash,16/04/2023 20:51:52,
819b7f8a,070c1507,Piece,1,2,30,16/04/2023,Cash,16/04/2023 20:52:53,
ea68be23,06e9b5a1,Piece,1,1,40,16/04/2023,Cash,16/04/2023 20:54:19,
c713e0a2,e0ae4eda,Liter,1,1,135,16/04/2023,Cash,16/04/2023 20:56:38,
f519ce83,434526b6,KG,0.25,1,140,16/04/2023,Cash,16/04/2023 21:01:13,
9fe06b8d,38488d32,Liter,1,3,162,17/04/2023,Cash,17/04/2023 19:48:30,
aabcdccd,38488d48,KG,1,4,288,17/04/2023,Cash,17/04/2023 19:48:51,
0d7cb8b5,38488d63,KG,1.5,1,50,17/04/2023,Cash,17/04/2023 19:50:27,
8113ee39,38488d35,KG,0.5,1,20,17/04/2023,Cash,17/04/2023 19:51:03,
9222ef5e,5d1b38c3,KG,1,1,130,17/04/2023,Cash,17/04/2023 19:51:24,
b620c254,ee72568a,Piece,1,1,50,17/04/2023,Cash,17/04/2023 19:53:18,
f2f5d960,2c4d95ef,KG,0.25,1,42,17/04/2023,Cash,17/04/2023 19:53:57,
e2f9060b,e015cd8b,KG,1,2,280,17/04/2023,Cash,17/04/2023 19:54:47,
b1f217e7,38488d73,KG,4,1,100,17/04/2023,Cash,17/04/2023 19:55:51,
594f4c4c,38488d57,KG,0.25,1,20,17/04/2023,Cash,17/04/2023 19:56:35,
c117485e,fb9ea07d,KG,0.25,1,20,17/04/2023,Cash,17/04/2023 19:57:22,
e69efe70,2f5f74e8,Piece,1,1,30,17/04/2023,Cash,17/04/2023 19:58:07,
bc235727,38488d51,KG,0.7,1,230,17/04/2023,Cash,17/04/2023 21:27:57,
175c684b,951735a7,Piece,1,1,100,17/04/2023,Cash,17/04/2023 22:00:21,
26cb4d02,38488d62,KG,1,10,450,17/04/2023,Cash,17/04/2023 22:02:35,
4d941932,1870042c,KG,5,1,100,17/04/2023,Cash,17/04/2023 22:03:55,
fc7d4687,38488d38,KG,10,1,150,17/04/2023,Cash,17/04/2023 22:04:18,
1ab14eec,38488d82,KG,1,1,40,17/04/2023,Cash,17/04/2023 22:04:39,
78104a20,7836518d,Piece,1,2,120,17/04/2023,Cash,17/04/2023 22:07:19,
c18d0452,c066447f,Piece,1,1,25,17/04/2023,Cash,17/04/2023 22:11:01,
360ee9fb,f4eeda21,Piece,1,2,20,17/04/2023,Cash,17/04/2023 22:12:57,
bc10ef4c,38488d32,Liter,1,3,162,18/04/2023,Cash,18/04/2023 21:00:23,
fa74d5b7,38488d50,KG,1.5,1,50,18/04/2023,Cash,18/04/2023 21:00:56,
f020f654,38488d72,KG,0.5,1,20,18/04/2023,Cash,18/04/2023 21:01:39,
2f8b82f4,fcde63e0,Piece,1,2,15,18/04/2023,Cash,18/04/2023 21:02:02,
72661a5a,38488d48,KG,0.5,1,34,18/04/2023,Cash,18/04/2023 21:03:18,
576c0d7f,38488d78,KG,1,2,100,18/04/2023,Cash,18/04/2023 21:04:07,
fb541e30,fb323e8d,Piece,1,2,160,18/04/2023,Cash,18/04/2023 21:05:03,
861dde50,38488d32,Liter,1,2,108,18/04/2023,Cash,18/04/2023 21:06:23,
bac27020,38488d69,KG,0.25,1,110,18/04/2023,Cash,18/04/2023 21:06:46,
59598930,a31d5abb,KG,1,1,100,18/04/2023,Cash,18/04/2023 21:07:17,
b7152f8a,38488d72,KG,1,1,30,18/04/2023,Cash,18/04/2023 21:10:43,
ec3652c6,38488d57,KG,4,1,240,18/04/2023,Cash,18/04/2023 21:11:12,
a0de5a9e,7cfdeddd,KG,1,1,100,18/04/2023,Cash,18/04/2023 21:12:36,
16b6b6ad,61deb399,KG,1.5,1,90,18/04/2023,Cash,18/04/2023 21:16:33,
df0f3344,fcde63e0,Piece,1,4,10,18/04/2023,Cash,18/04/2023 21:17:21,
5963d19a,533238d5,KG,1.5,1,60,18/04/2023,Cash,18/04/2023 21:18:59,
3009ab4e,38488d82,KG,1,1,30,18/04/2023,Cash,18/04/2023 21:55:02,
01eec215,38488d32,Liter,1,3,162,19/04/2023,Cash,19/04/2023 20:24:52,
ca102081,38488d73,KG,6,2,120,19/04/2023,Cash,19/04/2023 20:25:55,
48996143,38488d35,KG,0.5,1,20,19/04/2023,Cash,19/04/2023 20:31:32,
1e58eda9,38488d37,KG,1,1,20,19/04/2023,Cash,19/04/2023 20:31:52,
d993984b,38488d50,KG,1,1,30,19/04/2023,Cash,19/04/2023 20:33:38,
3cd710bf,38488d71,KG,1.5,1,30,19/04/2023,Cash,19/04/2023 20:33:59,
17d0b197,38488d68,KG,0.5,1,60,19/04/2023,Cash,19/04/2023 20:36:35,
bf1d5194,1870042c,KG,5,1,100,19/04/2023,Cash,19/04/2023 20:37:38,
3d0a0dd8,38488d70,Piece,12,9,360,19/04/2023,Cash,19/04/2023 20:37:59,
4064b45d,cae57605,Piece,1,4,20,19/04/2023,Cash,19/04/2023 21:06:20,
1497357d,38488d84,KG,0.5,1,20,19/04/2023,Cash,19/04/2023 21:09:12,
14a8f2b0,2bdbfdb7,Piece,1,3,30,19/04/2023,Cash,19/04/2023 21:09:56,
f6751c70,38488d43,KG,0.5,5,50,19/04/2023,Cash,19/04/2023 21:10:40,
d4352858,38488d32,Liter,1,3,162,20/04/2023,Cash,20/04/2023 20:55:19,
6f577463,38488d49,KG,4,1,160,20/04/2023,Cash,20/04/2023 20:55:33,
4aa0cdd6,38488d70,Piece,12,5,200,20/04/2023,Cash,20/04/2023 20:56:13,
1c22790c,38488d48,KG,0.2,1,18,20/04/2023,Cash,20/04/2023 20:58:00,
1646af00,38488d32,KG,0.5,2,54,20/04/2023,Cash,20/04/2023 21:01:47,
4c84aecc,701ea3af,KG,0.25,1,25,20/04/2023,Cash,20/04/2023 21:52:31,
a2dcddd0,38488d32,Liter,1,3,162,21/04/2023,Cash,21/04/2023 20:46:30,
9c894b70,38488d37,KG,2.5,1,50,21/04/2023,Cash,21/04/2023 20:47:37,
0d3dcf7f,38488d35,KG,0.5,1,20,21/04/2023,Cash,21/04/2023 20:48:13,
d25e8525,38488d34,KG,0.5,1,20,21/04/2023,Cash,21/04/2023 20:48:37,
15a3707a,38488d38,KG,0.6,1,45,21/04/2023,Cash,21/04/2023 20:49:10,
e37b8941,38488d39,KG,5,1,80,21/04/2023,Cash,21/04/2023 20:50:29,
d18019a2,e3c0fff2,KG,1,1,180,21/04/2023,Cash,21/04/2023 20:51:09,
8f0c93bf,38488d48,KG,0.2,1,18,21/04/2023,Cash,21/04/2023 20:54:32,
bf97f61b,38488d80,KG,1.5,3,180,21/04/2023,Cash,21/04/2023 20:55:15,
37a2c475,33b3941a,Liter,1,1,70,21/04/2023,Cash,21/04/2023 21:14:10,
373c1c0f,c8599a42,Liter,0.5,1,35,21/04/2023,Cash,21/04/2023 21:15:01,
087d0179,44dd850e,KG,0.5,1,220,21/04/2023,Cash,21/04/2023 21:19:25,
7b2d211c,7cfdeddd,KG,1,1,100,21/04/2023,Cash,21/04/2023 21:24:33,
02bd0ae6,38488d32,Liter,1,3,162,22/04/2023,Cash,22/04/2023 18:42:38,
f0fcb836,38488d38,KG,0.6,1,45,22/04/2023,Cash,22/04/2023 18:43:32,
564528bb,38488d48,KG,1,1,72,22/04/2023,Cash,22/04/2023 18:44:31,
d28841c7,fcd75bd5,Piece,1,2,20,22/04/2023,Cash,22/04/2023 18:44:58,
c82facae,1870042c,KG,6,1,100,22/04/2023,Cash,22/04/2023 18:46:40,
528c68a1,38488d47,KG,10,1,200,22/04/2023,Cash,22/04/2023 18:47:30,
4f9a293c,3095f6ad,KG,5,1,200,22/04/2023,Cash,22/04/2023 20:24:20,
cf0c10f5,de30c419,KG,0.1,1,88,22/04/2023,Cash,22/04/2023 20:24:41,
ac93f1e4,38488d51,KG,1,1,320,22/04/2023,Cash,22/04/2023 20:29:26,
8357daf8,38488d68,KG,1,1,120,22/04/2023,Cash,22/04/2023 20:29:51,
51379452,38488d32,KG,0.5,2,54,22/04/2023,Cash,22/04/2023 20:49:29,
f88b7bf3,38488d78,KG,0.5,1,34,22/04/2023,Cash,22/04/2023 21:49:04,
12cd8878,38488d32,Liter,1,3,162,23/04/2023,Cash,23/04/2023 20:36:23,
ebabb234,38488d43,KG,0.5,5,50,23/04/2023,Cash,23/04/2023 20:36:42,
bbf8cc6d,38488d37,KG,2.5,1,50,23/04/2023,Cash,23/04/2023 20:37:23,
9cf5f4a9,38488d68,KG,0.5,1,60,23/04/2023,Cash,23/04/2023 20:37:51,
b11ef163,38488d73,KG,6,2,120,23/04/2023,Cash,23/04/2023 20:39:18,
ef47c97a,38488d32,Liter,1,2,108,23/04/2023,Cash,23/04/2023 20:40:46,
add4b0ef,38488d32,Liter,1,3,162,24/04/2023,Cash,24/04/2023 19:37:24,
0516e2f3,38488d68,KG,0.5,2,170,24/04/2023,Cash,24/04/2023 19:37:38,
41172408,38488d48,KG,1,4,288,24/04/2023,Cash,24/04/2023 19:38:42,
de706215,38488d38,KG,0.6,1,45,24/04/2023,Cash,24/04/2023 19:40:32,
b36c79c1,38488d51,KG,0.2,1,64,24/04/2023,Cash,24/04/2023 19:41:13,
0fc6e6f6,38488d72,KG,0.25,1,15,24/04/2023,Cash,24/04/2023 19:42:25,
748f7eac,38488d39,KG,5,1,80,24/04/2023,Cash,24/04/2023 19:43:06,
501b9723,38488d72,KG,0.75,1,30,24/04/2023,Cash,24/04/2023 19:43:32,
c6c9564e,1d9fc2aa,Piece,1,4,40,24/04/2023,Cash,24/04/2023 19:44:02,
4b115fd5,fcde63e0,Piece,1,2,15,24/04/2023,Cash,24/04/2023 19:44:55,
1553d136,0a777579,Piece,1,4,40,24/04/2023,Cash,24/04/2023 19:45:56,
c21bb30b,38488d51,KG,0.75,1,240,24/04/2023,Cash,24/04/2023 19:50:46,
2eb25037,38488d47,KG,25,1,400,24/04/2023,Cash,24/04/2023 21:42:03,
d399ce68,058ead3d,Piece,1,2,94,24/04/2023,Cash,24/04/2023 21:49:59,
f6cc237a,38488d32,Liter,1,3,162,25/04/2023,Cash,25/04/2023 20:02:00,
c0394cf6,38488d50,KG,1.5,1,50,25/04/2023,Cash,25/04/2023 20:02:14,
efa2781d,1870042c,KG,6,1,100,25/04/2023,Cash,25/04/2023 20:02:38,
c6b2e36a,38488d58,Piece,1,2,20,25/04/2023,Cash,25/04/2023 20:03:01,
82f554e1,38488d69,KG,0.25,1,110,25/04/2023,Cash,25/04/2023 20:03:45,
5e9a982a,38488d32,KG,0.5,4,108,25/04/2023,Cash,25/04/2023 20:04:29,
b9d922fc,1870042c,KG,6,1,60,25/04/2023,Cash,25/04/2023 21:26:21,
1895a760,38488d72,KG,1,1,40,25/04/2023,Cash,25/04/2023 22:03:15,
2f929a77,38488d57,KG,4,1,200,25/04/2023,Cash,25/04/2023 22:04:25,
e482560f,a31d5abb,KG,2,1,200,25/04/2023,Cash,25/04/2023 22:05:35,
4670794e,7cfdeddd,KG,1.5,2,140,25/04/2023,Cash,25/04/2023 22:06:28,
0621554a,533238d5,KG,2.5,1,100,25/04/2023,Cash,25/04/2023 22:07:18,
3d5549a6,ef5221db,KG,1.5,1,80,25/04/2023,Cash,26/04/2023 11:30:43,
08db40db,38488d32,Liter,1,3,162,26/04/2023,Cash,26/04/2023 19:56:02,
f5dddafd,38488d38,KG,0.6,1,45,26/04/2023,Cash,26/04/2023 19:56:41,
ef0501be,316fcd40,KG,1,4,180,26/04/2023,Cash,26/04/2023 19:57:38,
335faf44,38488d68,KG,0.5,1,80,26/04/2023,Cash,26/04/2023 20:00:48,
d2ccc1d3,a92f80eb,KG,50,1,530,26/04/2023,Cash,26/04/2023 20:02:09,
c0ab6da8,fcde63e0,Piece,1,25,100,26/04/2023,Cash,26/04/2023 20:06:09,
b170ed31,38488d43,KG,0.5,1,50,26/04/2023,Cash,26/04/2023 20:17:18,
566703c1,ce05468e,KG,0.05,1,10,26/04/2023,Cash,26/04/2023 20:18:50,
8f9aaca0,38488d32,Liter,1,3,162,26/04/2023,Cash,26/04/2023 20:21:30,
8341f8b3,c4721744,Piece,80,6,330,26/04/2023,Cash,26/04/2023 21:14:24,
c3a2e1c6,38488d32,Liter,1,3,162,27/04/2023,Cash,27/04/2023 19:33:18,
b86edfe4,38488d38,KG,0.6,1,45,27/04/2023,Cash,27/04/2023 19:35:04,
86ebe9c8,38488d35,KG,0.5,1,20,27/04/2023,Cash,27/04/2023 19:35:40,
b60cb521,38488d63,KG,2,1,40,27/04/2023,Cash,27/04/2023 19:36:46,
3b8257ca,38488d68,KG,0.5,2,140,27/04/2023,Cash,27/04/2023 19:37:31,
cb29aba3,38488d62,KG,1,10,450,27/04/2023,Cash,27/04/2023 19:38:01,
7f512db8,2f5f74e8,Piece,1,1,30,27/04/2023,Cash,27/04/2023 19:38:53,
50f94a27,3f40d071,Piece,12,2,80,27/04/2023,Cash,27/04/2023 19:40:06,
fdea00c3,2c4d95ef,KG,0.25,1,45,27/04/2023,Cash,27/04/2023 19:48:38,
c963ccfc,ee72568a,Piece,1,1,50,27/04/2023,Cash,27/04/2023 19:50:59,
f22031f2,38488d48,KG,0.2,1,18,27/04/2023,Cash,27/04/2023 19:52:44,
56370d94,c066447f,Piece,1,1,40,27/04/2023,Cash,27/04/2023 20:52:27,
b9cc3b29,38488d32,Liter,1,3,162,28/04/2023,Cash,28/04/2023 20:40:27,
a37c2d86,38488d39,KG,5,1,100,28/04/2023,Cash,28/04/2023 20:40:47,
52619451,38488d34,KG,2,1,60,28/04/2023,Cash,28/04/2023 20:41:09,
2b8d4660,38488d66,KG,2.5,1,125,28/04/2023,Cash,28/04/2023 20:41:56,
9653ff8c,3f40d071,Piece,12,10,400,28/04/2023,Cash,28/04/2023 20:43:12,
c9f0f38c,ce05a0dc,Piece,1,5,50,28/04/2023,Cash,28/04/2023 20:44:54,
827e9e15,38488d43,KG,0.5,5,60,28/04/2023,Cash,28/04/2023 20:45:54,
9fcbfdf4,ce05468e,Piece,1,1,10,28/04/2023,Cash,28/04/2023 21:47:11,
9f7e300a,38488d78,KG,0.5,1,36,28/04/2023,Cash,28/04/2023 21:47:53,
62f65e7d,38488d32,Liter,1,3,162,29/04/2023,Cash,29/04/2023 18:36:16,
5cacf8b7,38488d48,KG,1,2,144,29/04/2023,Cash,29/04/2023 18:37:23,
3d35d426,38488d68,KG,0.5,2,140,29/04/2023,Cash,29/04/2023 18:38:19,
b162b746,1d9fc2aa,KG,0.1,1,70,29/04/2023,Cash,29/04/2023 18:39:43,
36c096e8,c39b54f2,KG,1,1,90,29/04/2023,Cash,29/04/2023 18:42:16,
008a79a1,38488d36,KG,1,1,160,29/04/2023,Cash,29/04/2023 18:42:55,
6a98c7de,38488d82,KG,1,1,50,29/04/2023,Cash,29/04/2023 18:43:14,
97215aae,38488d73,KG,7.5,2,150,29/04/2023,Cash,29/04/2023 18:43:58,
9feddb19,38488d51,KG,0.25,1,80,29/04/2023,Cash,29/04/2023 18:45:28,
b847e879,0a777579,Piece,1,2,20,29/04/2023,Cash,29/04/2023 21:58:50,
aa380d0e,38488d32,Liter,1,3,162,30/04/2023,Cash,30/04/2023 20:16:40,
2190b071,2bdbfdb6,Liter,1.25,1,125,30/04/2023,Cash,30/04/2023 20:17:03,
20b00772,38488d49,KG,2.5,1,100,30/04/2023,Cash,30/04/2023 20:17:49,
4d8f4ff3,de30c419,Piece,1,1,85,30/04/2023,Cash,30/04/2023 20:34:50,
2cf342bc,2bdbfdb8,Piece,1,2,20,30/04/2023,Cash,30/04/2023 21:12:40,
ba2e2ab2,38488d32,Liter,1,2,108,30/04/2023,Cash,30/04/2023 21:13:28,
55145fcb,38488d32,Liter,1,3,162,01/05/2023,Cash,01/05/2023 19:30:09,
4b7998f0,38488d72,KG,0.5,1,15,01/05/2023,Cash,01/05/2023 19:30:29,
ca027e8e,1870042c,KG,3,1,50,01/05/2023,Cash,01/05/2023 19:31:14,
6171c161,38488d38,KG,0.6,1,45,01/05/2023,Cash,01/05/2023 19:31:49,
98e5ef52,38488d50,KG,1,1,30,01/05/2023,Cash,01/05/2023 19:32:13,
e6278579,38488d82,KG,1,1,40,01/05/2023,Cash,01/05/2023 19:32:46,
7c299657,38488d48,KG,1,2,144,01/05/2023,Cash,01/05/2023 19:34:02,
1f654785,38488d51,KG,0.75,1,240,01/05/2023,Cash,01/05/2023 19:40:59,
7ca44096,38488d68,KG,0.5,1,60,01/05/2023,Cash,01/05/2023 19:41:29,
a5a49070,38488d32,Liter,1,3,162,02/05/2023,Cash,02/05/2023 20:12:18,
5e19f075,38488d38,KG,0.6,5,225,02/05/2023,Cash,02/05/2023 20:12:57,
3c4be30e,38488d51,KG,0.5,1,160,02/05/2023,Cash,02/05/2023 20:14:47,
d88fd3bb,38488d68,KG,1,1,120,02/05/2023,Cash,02/05/2023 20:15:23,
e585cefc,38488d43,KG,0.5,1,50,02/05/2023,Cash,02/05/2023 20:16:13,
53f8fad9,53b27eaf,KG,0.25,1,170,02/05/2023,Cash,02/05/2023 20:19:49,
d57253ce,3ed563fc,Piece,1,10,300,02/05/2023,Cash,02/05/2023 20:20:27,
71de05fb,38488d47,KG,20,1,360,02/05/2023,Cash,02/05/2023 20:21:09,
51f27a7d,1870042c,KG,5,1,100,02/05/2023,Cash,02/05/2023 20:23:26,
2b575990,7cfdeddd,KG,2.5,1,200,02/05/2023,Cash,02/05/2023 20:24:11,
c2c60e86,38488d69,KG,0.25,1,110,02/05/2023,Cash,02/05/2023 20:25:17,
e464a175,52cdaa61,KG,50,1,1250,02/05/2023,Cash,02/05/2023 20:25:47,
6f93453c,a208793d,Piece,1,1,10,02/05/2023,Cash,02/05/2023 20:26:32,
f9bfc953,38488d32,Liter,1,4,216,02/05/2023,Cash,02/05/2023 21:13:40,
598c25e1,5216a4fd,Piece,1,4,80,02/05/2023,Cash,02/05/2023 21:36:53,
136853dd,38488d39,KG,5,1,100,02/05/2023,Cash,02/05/2023 23:16:18,
2b80347a,6d43a33d,KG,2,1,100,02/05/2023,Cash,02/05/2023 23:17:29,
f19a090c,38488d49,KG,5,1,150,02/05/2023,Cash,02/05/2023 23:17:58,
05540adc,61deb399,KG,2,1,100,02/05/2023,Cash,02/05/2023 23:19:16,
a3af1f5e,533238d5,KG,2,1,60,02/05/2023,Cash,02/05/2023 23:20:31,
e7063937,38488d32,Liter,1,3,162,03/05/2023,Cash,03/05/2023 20:03:59,
ceebfe91,38488d72,KG,0.5,1,20,03/05/2023,Cash,03/05/2023 20:15:13,
ed99cdbd,1d9fc2aa,Piece,1,3,30,03/05/2023,Cash,03/05/2023 20:16:01,
9f6dcbc8,0a777579,Piece,1,2,20,03/05/2023,Cash,03/05/2023 20:17:52,
7a0b0c11,38488d58,Piece,1,2,20,02/05/2023,Cash,03/05/2023 20:20:13,
fe4bc328,a208793d,Piece,1,2,430,03/05/2023,Cash,03/05/2023 20:31:28,
028b4916,38488d48,KG,1,2,144,03/05/2023,Cash,03/05/2023 20:33:03,
d73f10b3,38488d32,Liter,1,3,162,04/05/2023,Cash,04/05/2023 19:52:01,
c1ed7426,38488d72,KG,1,1,40,04/05/2023,Cash,04/05/2023 19:52:14,
badc282f,38488d68,KG,0.5,2,140,04/05/2023,Cash,04/05/2023 19:52:30,
27ec5681,38488d82,KG,1,1,40,04/05/2023,Cash,04/05/2023 19:53:02,
7cfb48ae,fb9ea07d,KG,0.25,1,30,04/05/2023,Cash,04/05/2023 20:28:10,
1d341d9c,38488d35,KG,0.5,1,40,04/05/2023,Cash,04/05/2023 20:28:40,
b4664582,38488d37,KG,1,1,30,04/05/2023,Cash,04/05/2023 20:29:48,
b6d37dbb,38488d57,KG,0.25,1,15,04/05/2023,Cash,04/05/2023 20:30:03,
0cf32a95,38488d63,KG,2,1,60,04/05/2023,Cash,04/05/2023 20:30:30,
0a50f1c0,38488d62,KG,1,10,450,04/05/2023,Cash,04/05/2023 20:30:52,
4401dd97,ee72568a,KG,0.1,1,50,04/05/2023,Cash,04/05/2023 20:32:23,
8461a87b,2c4d95ef,KG,0.25,1,45,04/05/2023,Cash,04/05/2023 20:33:05,
07b00d64,2f5f74e8,Piece,1,1,35,04/05/2023,Cash,04/05/2023 20:33:41,
3079e14c,e9a8e3b3,Piece,1,1,60,04/05/2023,Cash,04/05/2023 20:34:27,
bb397558,8b22178e,KG,1,1,140,04/05/2023,Cash,04/05/2023 20:34:55,
2d322450,38488d71,KG,2,1,40,04/05/2023,Cash,04/05/2023 20:55:24,
2af7ec7f,38488d70,Piece,6,20,400,04/05/2023,Cash,04/05/2023 20:55:58,
3b6b18e7,38488d84,KG,0.5,1,20,04/05/2023,Cash,04/05/2023 20:57:24,
7bc13c87,1870042c,KG,5,1,100,04/05/2023,Cash,04/05/2023 21:52:22,
f798aa03,38488d32,Liter,1,3,162,05/05/2023,Cash,05/05/2023 18:54:11,
fbf5ffec,38488d48,KG,1.5,3,102,05/05/2023,Cash,05/05/2023 18:54:34,
b057b3a9,0c53ef5a,KG,0.2,1,20,05/05/2023,Cash,05/05/2023 18:57:49,
f0119f6a,38488d34,KG,0.25,1,10,05/05/2023,Cash,05/05/2023 18:59:16,
a94ea267,3f5a9999,Liter,5,1,75,05/05/2023,Cash,05/05/2023 18:59:35,
8ed48fdd,38488d59,KG,1,1,170,05/05/2023,Cash,05/05/2023 19:00:20,
2ef809fe,38488d60,KG,1,1,170,05/05/2023,Cash,05/05/2023 19:00:50,
a5aacc0f,316fcd40,KG,3,1,180,05/05/2023,Cash,05/05/2023 19:01:09,
78399481,38488d68,KG,0.5,1,60,05/05/2023,Cash,05/05/2023 19:02:21,
d4a50a8f,3095f6ad,KG,5,1,210,05/05/2023,Cash,05/05/2023 19:03:23,
c28d4e0a,cae57605,Piece,1,4,20,05/05/2023,Cash,05/05/2023 19:38:19,
bddf30e4,38488d48,KG,0.2,1,18,05/05/2023,Cash,05/05/2023 19:40:26,
eb8fefc7,cce54458,KG,0.5,4,240,05/05/2023,Cash,05/05/2023 19:40:57,
9ac0f8de,38488d32,KG,0.5,4,108,05/05/2023,Cash,05/05/2023 19:45:57,
35238e6d,38488d32,Liter,1,3,162,06/05/2023,Cash,06/05/2023 20:26:20,
c0f886f6,5b074625,KG,1,1,120,06/05/2023,Cash,06/05/2023 21:02:25,
cde0bd0d,38488d72,KG,0.25,1,20,06/05/2023,Cash,06/05/2023 21:03:25,
c7156380,5ad61e4e,KG,2,1,100,06/05/2023,Cash,06/05/2023 21:04:10,
ad35dbfe,38488d32,Liter,1,2,108,06/05/2023,Cash,06/05/2023 21:07:11,
ab9cbd8e,1870042c,KG,5,1,100,06/05/2023,Cash,06/05/2023 21:07:39,
f2012f89,38488d32,Liter,1,3,162,07/05/2023,Cash,07/05/2023 19:43:52,
854dfd8b,38488d72,KG,1,1,40,07/05/2023,Cash,07/05/2023 19:44:13,
b1eba47c,38488d50,KG,2,1,60,07/05/2023,Cash,07/05/2023 19:44:59,
bbb93f99,38488d47,KG,25,1,450,07/05/2023,Cash,07/05/2023 19:45:21,
711be614,a92f80eb,KG,50,1,620,07/05/2023,Cash,07/05/2023 19:46:20,
684e455f,38488d82,KG,1,1,40,07/05/2023,Cash,07/05/2023 19:46:39,
3fde1729,a31d5abb,KG,1,1,80,07/05/2023,Cash,07/05/2023 19:47:14,
f60ea6f3,38488d32,Liter,1,2,108,07/05/2023,Cash,07/05/2023 19:48:18,
a4afc07a,2bdbfdb6,KG,1,1,100,07/05/2023,Cash,07/05/2023 21:05:01,
9b6c797e,38488d51,KG,1,1,320,07/05/2023,Cash,07/05/2023 21:06:28,
7878c10d,2bdbfdb8,Piece,1,2,20,07/05/2023,Cash,07/05/2023 21:07:27,
6c9fd646,38488d32,Liter,1,3,162,08/05/2023,Cash,08/05/2023 19:53:12,
b4aec59c,38488d48,KG,1,2,144,08/05/2023,Cash,08/05/2023 19:53:27,
da4620a8,cb91bdbf,KG,1,1,60,08/05/2023,Cash,08/05/2023 19:53:55,
f90c9780,38488d33,KG,2,1,80,08/05/2023,Cash,08/05/2023 19:55:54,
b4e398a2,1870042c,KG,6,1,100,08/05/2023,Cash,08/05/2023 19:56:09,
5e5abedf,38488d32,Liter,1,3,162,09/05/2023,Cash,09/05/2023 20:56:11,
3590a6c2,38488d73,KG,5.5,1,110,09/05/2023,Cash,09/05/2023 20:56:33,
2f65ef81,38488d43,KG,0.5,5,500,09/05/2023,Cash,09/05/2023 20:57:30,
bfca1d09,090f0992,Piece,1,2,50,09/05/2023,Cash,09/05/2023 20:58:06,
a07355bb,058ead3d,Piece,1,2,40,09/05/2023,Cash,09/05/2023 20:59:34,
83fcfdb4,7836518d,Piece,1,2,90,09/05/2023,Cash,09/05/2023 21:01:09,
d77b4cd7,38488d32,Liter,1,1,54,09/05/2023,Cash,09/05/2023 21:02:43,
3fff0866,38488d48,KG,0.5,1,36,09/05/2023,Cash,09/05/2023 21:04:06,
0ffefa1c,38488d69,KG,0.25,1,110,09/05/2023,Cash,09/05/2023 22:02:37,
f1e60947,38488d57,KG,4,1,160,09/05/2023,Cash,09/05/2023 22:03:01,
b27c0f8c,7cfdeddd,KG,2.5,1,200,09/05/2023,Cash,09/05/2023 22:05:33,
a66bbc1d,61deb399,KG,1.5,1,60,09/05/2023,Cash,09/05/2023 22:07:18,
6f2a7a16,316fcd40,KG,1,1,35,09/05/2023,Cash,09/05/2023 22:07:49,
d5d7bce1,e2afd59e,Piece,1,40,135,09/05/2023,Cash,09/05/2023 22:08:46,
1a632307,38488d72,KG,0.5,1,20,09/05/2023,Cash,09/05/2023 23:10:38,
b7ca8797,38488d32,Liter,1,3,162,10/05/2023,Cash,10/05/2023 19:25:00,
9cea002d,3d0bc830,Piece,1,1,30,10/05/2023,Cash,10/05/2023 19:25:33,
f49d3c59,38488d38,KG,0.6,1,45,10/05/2023,Cash,10/05/2023 19:30:14,
3d863fe5,38488d68,KG,0.5,1,60,10/05/2023,Cash,10/05/2023 19:31:14,
2bb14c29,bb32e90a,Piece,1,1,45,10/05/2023,Cash,10/05/2023 19:31:46,
3321e37d,38488d39,KG,6,1,100,10/05/2023,Cash,10/05/2023 19:35:44,
fcd58513,38488d35,KG,0.25,1,15,10/05/2023,Cash,10/05/2023 19:36:44,
2eecf7c2,38488d37,KG,1,1,20,10/05/2023,Cash,10/05/2023 19:37:08,
95b60858,38488d71,KG,2,1,40,10/05/2023,Cash,10/05/2023 19:37:29,
1efdb9b3,38488d84,KG,0.25,1,15,10/05/2023,Cash,10/05/2023 19:38:14,
8c78e129,38488d70,Piece,12,5,200,10/05/2023,Cash,10/05/2023 19:42:06,
375b1d68,1870042c,KG,6,1,100,10/05/2023,Cash,10/05/2023 20:16:54,
2341c8a2,35cf7f7d,Piece,1,1,300,10/05/2023,Cash,10/05/2023 20:36:16,
8d12677f,a36b1d01,Piece,1,1,30,10/05/2023,Cash,10/05/2023 20:38:05,
2a61349b,38488d32,Liter,1,3,162,11/05/2023,Cash,11/05/2023 19:35:39,
83a77641,38488d74,KG,3,1,130,11/05/2023,Cash,11/05/2023 19:36:54,
52a9f5ac,38488d36,KG,0.25,1,60,11/05/2023,Cash,11/05/2023 19:37:57,
e4f43f71,38488d73,KG,5,1,100,11/05/2023,Cash,11/05/2023 19:38:35,
331bafd2,316fcd40,KG,4,1,240,11/05/2023,Cash,11/05/2023 19:39:03,
bad68f77,38488d59,KG,1,1,170,11/05/2023,Cash,11/05/2023 19:42:04,
ac4ce900,38488d60,KG,1,1,170,11/05/2023,Cash,11/05/2023 19:42:51,
e592dfd2,38488d64,Piece,1,2,100,11/05/2023,Cash,11/05/2023 19:43:25,
452e658c,38488d70,Piece,12,5,200,11/05/2023,Cash,11/05/2023 19:43:57,
a2dda1a7,cae57605,Piece,1,10,100,11/05/2023,Cash,11/05/2023 19:44:56,
583a4d0a,86ce16a9,KG,3,1,180,11/05/2023,Cash,11/05/2023 19:47:39,
7ed00a86,8e8286e1,KG,0.2,1,90,11/05/2023,Cash,11/05/2023 19:58:43,
df5da7b2,d2feae0c,Piece,1,1,100,11/05/2023,Cash,11/05/2023 20:03:24,
fe25d1f4,38488d32,Liter,1,3,162,11/05/2023,Cash,11/05/2023 20:07:53,
75435293,38488d32,Liter,1,3,162,12/05/2023,Cash,12/05/2023 19:24:18,
d94cc86d,38488d72,KG,0.5,1,40,12/05/2023,Cash,12/05/2023 19:24:44,
7f764c57,38488d38,KG,0.6,4,180,12/05/2023,Cash,12/05/2023 19:25:14,
046b98be,52cdaa61,KG,50,1,1250,12/05/2023,Cash,12/05/2023 19:25:52,
18def949,38488d43,KG,0.5,5,60,12/05/2023,Cash,12/05/2023 19:27:06,
60a5425e,074f02cb,Piece,1,1,15,12/05/2023,Cash,12/05/2023 19:28:42,
3dc73c0f,ce05468e,Piece,1,1,10,12/05/2023,Cash,12/05/2023 20:07:33,
30f52db7,6b5d3659,KG,1,1,415,12/05/2023,Cash,12/05/2023 20:08:43,
b74eac29,38488d32,Liter,1,3,162,13/05/2023,Cash,13/05/2023 20:27:29,
7d695ed2,5b074625,KG,1,1,130,13/05/2023,Cash,13/05/2023 20:27:48,
94532deb,38488d38,KG,0.6,1,45,13/05/2023,Cash,13/05/2023 20:28:50,
e8095959,1870042c,KG,6,1,100,13/05/2023,Cash,13/05/2023 20:29:47,
663faa4e,38488d51,KG,0.5,1,160,13/05/2023,Cash,13/05/2023 20:30:10,
7861cdc0,2bdbfdb6,KG,1,1,120,13/05/2023,Cash,13/05/2023 20:31:05,
e24b74e3,2bdbfdb8,Piece,1,1,40,13/05/2023,Cash,13/05/2023 21:37:36,
67c74e79,38488d48,KG,0.5,1,36,13/05/2023,Cash,13/05/2023 21:44:48,
63c24ca5,38488d32,Liter,1,3,162,14/05/2023,Cash,14/05/2023 21:22:37,
62fbbafe,38488d50,KG,1.5,1,50,14/05/2023,Cash,14/05/2023 21:22:57,
357046c4,38488d84,KG,2,1,80,14/05/2023,Cash,14/05/2023 21:23:53,
4d91b804,38488d47,KG,25,1,450,14/05/2023,Cash,14/05/2023 21:24:34,
410fef2c,38488d82,KG,1,1,50,14/05/2023,Cash,14/05/2023 21:27:03,
9ea6c55f,4340a96c,KG,0.5,1,35,14/05/2023,Cash,14/05/2023 21:27:28,
a719b644,38488d32,Liter,1,1,54,14/05/2023,Cash,14/05/2023 21:29:01,
7b8b57ec,38488d46,Liter,3,2,130,14/05/2023,Cash,14/05/2023 21:29:36,
75ee35c7,38488d32,Liter,1,3,162,15/05/2023,Cash,15/05/2023 19:27:09,
49aadf5f,38488d38,KG,0.6,1,45,15/05/2023,Cash,15/05/2023 19:27:54,
d5abdbf8,38488d48,KG,1.5,2,104,15/05/2023,Cash,15/05/2023 19:28:13,
db61fba0,38488d34,KG,1.5,1,50,15/05/2023,Cash,15/05/2023 19:29:16,
3c0dc574,38488d36,KG,0.25,1,60,15/05/2023,Cash,15/05/2023 19:54:35,
d07aec8b,38488d39,KG,10,1,150,15/05/2023,Cash,15/05/2023 19:55:44,
09b63b6f,38488d48,KG,0.2,1,18,15/05/2023,Cash,15/05/2023 19:57:10,
fbfb038e,49bab0db,KG,2,1,50,15/05/2023,Cash,15/05/2023 21:52:25,
92f4e9aa,38488d78,KG,1,1,60,15/05/2023,Cash,15/05/2023 21:53:59,
53d65460,38488d32,Liter,1,3,162,16/05/2023,Cash,16/05/2023 20:30:04,
cd8cd5dc,38488d50,KG,1.5,1,50,16/05/2023,Cash,16/05/2023 20:30:23,
0ad15f29,38488d48,KG,1,2,144,16/05/2023,Cash,16/05/2023 20:31:05,
b646c1ff,1870042c,KG,5,1,100,16/05/2023,Cash,16/05/2023 20:31:24,
21a1faab,38488d38,KG,0.6,1,45,16/05/2023,Cash,16/05/2023 20:31:49,
82b8d1b3,38488d51,KG,0.75,1,240,16/05/2023,Cash,16/05/2023 20:32:10,
2849a4e7,38488d73,KG,7,2,140,16/05/2023,Cash,16/05/2023 21:53:34,
83115a8d,38488d57,KG,5,1,200,16/05/2023,Cash,16/05/2023 21:55:30,
813a0bd0,38488d69,KG,0.25,1,110,16/05/2023,Cash,16/05/2023 21:55:59,
51ec607f,7cfdeddd,KG,2.5,1,150,16/05/2023,Cash,16/05/2023 21:59:31,
c082d675,87506445,Piece,1,2,50,16/05/2023,Cash,16/05/2023 22:13:40,
06221ab9,38488d32,,1,3,162,17/05/2023,Cash,17/05/2023 18:58:05,
9e263b55,38488d68,KG,1,1,120,17/05/2023,Cash,17/05/2023 18:58:31,
5aed3ce9,38488d38,KG,0.6,1,45,17/05/2023,Cash,17/05/2023 18:59:21,
f8f1765c,38488d72,KG,0.5,1,40,17/05/2023,Cash,17/05/2023 18:59:44,
c9f220f9,38488d71,KG,2.5,1,50,17/05/2023,Cash,17/05/2023 19:00:45,
7c3ec780,38488d35,KG,0.25,1,15,17/05/2023,Cash,17/05/2023 19:01:57,
d59b3004,38488d37,KG,1,1,25,17/05/2023,Cash,17/05/2023 19:02:18,
dfd0bcc4,38488d48,KG,1,1,72,17/05/2023,Cash,17/05/2023 19:02:43,
bdbc73e6,38488d70,KG,6,9,180,17/05/2023,Cash,17/05/2023 19:55:47,
d010baae,38488d51,KG,0.25,1,80,17/05/2023,Cash,17/05/2023 19:58:17,
e22b5438,38488d43,KG,0.5,5,50,17/05/2023,Cash,17/05/2023 19:58:59,
3f59ffa7,074f02cb,Piece,1,2,30,17/05/2023,Cash,17/05/2023 19:59:46,
39e0f6b5,a208793d,Piece,1,1,30,17/05/2023,Cash,17/05/2023 20:00:32,
01f1be34,ce05468e,Piece,1,1,10,17/05/2023,Cash,17/05/2023 20:25:38,
e2104922,38488d84,KG,0.3,1,15,17/05/2023,Cash,17/05/2023 20:30:22,
b8458c96,1c8c560e,KG,0.25,1,50,17/05/2023,Cash,17/05/2023 21:17:28,
9663d7a9,38488d32,Liter,1,3,162,18/05/2023,Cash,18/05/2023 21:17:40,
5772ca27,38488d48,KG,2.5,2,176,18/05/2023,Cash,18/05/2023 21:18:05,
81534579,38488d39,KG,6,1,120,18/05/2023,Cash,18/05/2023 21:27:58,
53bc6335,38488d74,KG,5,1,150,18/05/2023,Cash,18/05/2023 21:28:30,
9b7f6571,38488d72,KG,0.5,1,30,18/05/2023,Cash,18/05/2023 21:29:12,
104fe81a,38488d70,Piece,12,6,240,18/05/2023,Cash,18/05/2023 21:30:07,
b010ec41,38488d32,Liter,1,3,162,19/05/2023,Cash,19/05/2023 21:37:44,
acefe0e8,1870042c,KG,6,1,120,19/05/2023,Cash,19/05/2023 21:38:26,
516d4e24,38488d36,KG,0.25,1,60,19/05/2023,Cash,19/05/2023 21:39:09,
65585325,a31d5abb,KG,1,1,100,19/05/2023,Cash,19/05/2023 21:41:34,
fdfac909,61deb399,KG,2,1,100,19/05/2023,Cash,19/05/2023 21:45:05,
2f75d1b6,fcde63e0,Piece,1,3,15,19/05/2023,Cash,19/05/2023 21:47:26,
2087443e,6d43a33d,KG,2.5,1,100,19/05/2023,Cash,19/05/2023 21:51:59,
6df18980,38488d32,Liter,1,2,108,19/05/2023,Cash,19/05/2023 21:52:39,
e18692e5,3f5a9999,Liter,5,1,75,19/05/2023,Cash,19/05/2023 21:53:08,
22eee22c,15880a38,Piece,1,2,70,19/05/2023,Cash,19/05/2023 21:54:38,
230902eb,38488d32,Liter,1,3,162,20/05/2023,Cash,20/05/2023 19:41:10,
6c8442e2,38488d48,KG,1.5,2,106,20/05/2023,Cash,20/05/2023 19:41:42,
a1be6454,38488d68,KG,0.5,2,140,20/05/2023,Cash,20/05/2023 19:43:19,
95db75a3,38488d35,KG,0.25,1,15,20/05/2023,Cash,20/05/2023 19:45:38,
b9f5229d,38488d57,KG,0.25,1,10,20/05/2023,Cash,20/05/2023 19:45:55,
c591b88b,38488d63,KG,1.5,1,45,20/05/2023,Cash,20/05/2023 19:46:52,
b29c050a,a92f80eb,KG,50,1,700,20/05/2023,Cash,20/05/2023 19:47:45,
37c708d2,38488d62,KG,1,8,360,20/05/2023,Cash,20/05/2023 19:48:10,
09d7f8f4,2f5f74e8,Piece,1,1,30,20/05/2023,Cash,20/05/2023 19:49:11,
7fef51e0,ee72568a,Piece,1,1,50,20/05/2023,Cash,20/05/2023 19:50:13,
f9102162,2c4d95ef,KG,0.25,1,45,20/05/2023,Cash,20/05/2023 20:09:09,
15feb2b8,5ad61e4e,KG,2,1,100,20/05/2023,Cash,20/05/2023 20:11:29,
58c38158,38488d32,Liter,1,1,54,20/05/2023,Cash,20/05/2023 21:28:26,
82422773,38488d32,Liter,1,3,162,21/05/2023,Cash,21/05/2023 21:19:36,
da1928ca,38488d72,KG,0.5,1,40,21/05/2023,Cash,21/05/2023 21:20:25,
55e294d2,38488d73,KG,7,1,140,21/05/2023,Cash,21/05/2023 21:21:24,
df9eaf70,38488d37,KG,2,1,60,21/05/2023,Cash,21/05/2023 21:22:20,
98a01bb8,38488d46,KG,2,1,90,21/05/2023,Cash,21/05/2023 21:22:48,
e002016f,38488d34,KG,0.5,1,20,21/05/2023,Cash,21/05/2023 21:23:32,
afbe5e2d,38488d32,Liter,1,2,108,21/05/2023,Cash,21/05/2023 21:24:42,
9b6c06c9,38488d32,Liter,1,3,162,22/05/2023,Cash,22/05/2023 20:19:49,
f9c3f122,1870042c,KG,3,1,50,22/05/2023,Cash,22/05/2023 20:20:10,
5c468c11,38488d82,KG,0.5,1,20,22/05/2023,Cash,22/05/2023 20:20:58,
1e86f476,38488d50,KG,4,1,70,22/05/2023,Cash,22/05/2023 20:21:54,
3b2f4652,38488d48,KG,0.2,1,18,22/05/2023,Cash,22/05/2023 20:22:58,
ac6b8ceb,38488d51,KG,1,1,320,22/05/2023,Cash,22/05/2023 20:23:25,
02dc31ad,52cdaa61,KG,8,1,240,22/05/2023,Cash,22/05/2023 20:24:42,
44ec5283,38488d32,Liter,1,3,162,23/05/2023,Cash,23/05/2023 20:18:26,
e372a322,38488d39,KG,8,1,150,23/05/2023,Cash,23/05/2023 20:19:11,
4456fe26,38488d68,KG,1,1,40,23/05/2023,Cash,23/05/2023 20:19:49,
0937ac74,38488d38,KG,0.6,1,45,23/05/2023,Cash,23/05/2023 20:20:39,
badd7e26,1870042c,KG,6,1,100,23/05/2023,Cash,23/05/2023 20:23:05,
84a3c5f2,38488d43,KG,0.5,5,60,23/05/2023,Cash,23/05/2023 20:24:14,
4d7322f4,38488d78,KG,1,2,100,23/05/2023,Cash,23/05/2023 20:26:32,
33c71d32,ce05468e,Piece,1,1,10,23/05/2023,Cash,23/05/2023 20:28:38,
c16bd4c2,7836518d,Piece,1,3,350,23/05/2023,Cash,23/05/2023 20:29:20,
6bffa240,38488d47,KG,30,1,480,23/05/2023,Cash,23/05/2023 20:30:05,
b6648b5d,1870042c,KG,6,1,90,23/05/2023,Cash,23/05/2023 20:31:18,
17976fa1,38488d48,KG,0.2,1,18,23/05/2023,Cash,23/05/2023 20:31:54,
fb5f88da,38488d68,KG,3,1,100,23/05/2023,Cash,23/05/2023 20:32:25,
3985a8a9,38488d72,KG,1,1,60,23/05/2023,Cash,23/05/2023 20:32:45,
51473bad,38488d69,KG,0.25,1,110,23/05/2023,Cash,23/05/2023 20:33:22,
a498f3d6,a31d5abb,KG,1,1,80,23/05/2023,Cash,23/05/2023 20:34:09,
ecc9b600,533238d5,KG,2,1,60,23/05/2023,Cash,23/05/2023 20:36:01,
f4971aef,38488d36,KG,0.25,1,60,23/05/2023,Cash,23/05/2023 22:04:44,
00a62c74,38488d73,KG,7,2,100,23/05/2023,Cash,23/05/2023 22:05:19,
7ef51bf0,7cfdeddd,KG,1.25,1,100,23/05/2023,Cash,23/05/2023 22:06:02,
f6ac7857,38488d82,KG,1,1,40,23/05/2023,Cash,23/05/2023 22:06:52,
2af6ce50,6d43a33d,KG,2,1,100,23/05/2023,Cash,23/05/2023 22:07:35,
8d515989,3ed563fc,Piece,1,5,150,23/05/2023,Cash,23/05/2023 22:10:32,
67e542f0,38488d56,Piece,1,2,130,23/05/2023,Cash,23/05/2023 22:17:56,
1ba2f3c5,38488d32,Liter,1,3,162,24/05/2023,Cash,24/05/2023 19:42:36,
a3079771,38488d48,KG,0.2,1,18,24/05/2023,Cash,24/05/2023 19:43:21,
1a0e0a21,38488d60,KG,0.5,1,80,24/05/2023,Cash,24/05/2023 19:46:23,
9c49b687,38488d35,KG,0.25,1,15,24/05/2023,Cash,24/05/2023 19:53:49,
4dae14f3,38488d37,KG,0.5,1,20,24/05/2023,Cash,24/05/2023 19:55:39,
0e3838c6,38488d71,KG,2,1,40,24/05/2023,Cash,24/05/2023 19:56:14,
fabdf476,38488d70,Piece,12,8,320,24/05/2023,Cash,24/05/2023 19:56:45,
d60d891b,2bdbfdb6,KG,1.75,1,175,24/05/2023,Cash,24/05/2023 19:59:00,
6704bc1a,608e4a15,Piece,1,1,300,24/05/2023,Cash,24/05/2023 20:02:01,
a482502c,38488d84,KG,0.5,1,15,24/05/2023,Cash,24/05/2023 20:03:12,
db7b807d,53b27eaf,KG,0.25,1,200,24/05/2023,Cash,24/05/2023 20:05:27,
2dbe16e6,2bdbfdb8,Piece,1,4,40,24/05/2023,Cash,24/05/2023 20:06:12,
a4fa90a1,9e80589b,KG,0.5,1,300,24/05/2023,Cash,24/05/2023 20:06:48,
ca196f1b,38488d59,KG,0.5,1,80,24/05/2023,Cash,24/05/2023 21:52:10,
c24bb8a3,38488d32,Liter,1,3,162,25/05/2023,Cash,25/05/2023 20:27:26,
492c2d35,38488d36,KG,0.25,1,60,25/05/2023,Cash,25/05/2023 20:27:43,
7916f47a,38488d34,KG,0.5,1,20,25/05/2023,Cash,25/05/2023 20:28:11,
ba576628,0c53ef5a,KG,0.25,1,15,25/05/2023,Cash,25/05/2023 20:28:59,
0612f0b4,38488d48,KG,1.5,2,106,25/05/2023,Cash,25/05/2023 20:32:12,
0f4a43f3,38488d70,Piece,12,3,120,25/05/2023,Cash,25/05/2023 20:33:17,
50bcd621,38488d84,KG,2,1,60,25/05/2023,Cash,25/05/2023 20:34:57,
0fbba6f2,38488d33,KG,2.5,1,100,25/05/2023,Cash,25/05/2023 20:35:52,
e8e96ae9,38488d32,Liter,1,3,162,26/05/2023,Cash,26/05/2023 20:01:03,
ac85eb9e,38488d48,KG,1,2,144,26/05/2023,Cash,26/05/2023 20:01:50,
34070cc0,c4721744,Piece,1,3,135,26/05/2023,Cash,26/05/2023 20:02:14,
895cab93,1905cc15,KG,2,1,120,26/05/2023,Cash,26/05/2023 20:04:18,
178b0b69,38488d38,KG,0.6,1,45,26/05/2023,Cash,26/05/2023 20:05:23,
887b3301,38488d51,KG,1,1,320,26/05/2023,Cash,26/05/2023 20:06:01,
9ceac727,38488d68,KG,1,1,120,26/05/2023,Cash,26/05/2023 20:06:25,
63c83223,070c1507,Piece,1,2,60,26/05/2023,Cash,26/05/2023 20:07:11,
41513732,38488d32,Liter,1,3,162,27/05/2023,Cash,27/05/2023 21:52:26,
0253be82,1870042c,KG,6,1,100,27/05/2023,Cash,27/05/2023 21:53:14,
10858792,38488d50,KG,1.5,1,50,27/05/2023,Cash,27/05/2023 21:53:47,
c46b02a7,38488d72,KG,0.5,1,40,27/05/2023,Cash,27/05/2023 21:54:38,
d618dd2e,38488d48,KG,0.2,1,18,27/05/2023,Cash,27/05/2023 22:04:49,
29049db6,38488d32,Liter,1,3,162,28/05/2023,Cash,28/05/2023 21:22:26,
824544d7,38488d48,KG,1,2,144,28/05/2023,Cash,28/05/2023 21:23:32,
4a0133cc,38488d68,KG,0.5,2,140,28/05/2023,Cash,28/05/2023 21:24:08,
89f1741b,1d9fc2aa,Piece,1,5,50,28/05/2023,Cash,28/05/2023 21:31:22,
31eef978,4340a96c,KG,0.5,1,35,28/05/2023,Cash,28/05/2023 21:33:48,
27c44165,38488d32,Liter,1,2,108,28/05/2023,Cash,28/05/2023 21:37:26,
56b418ec,38488d32,Liter,1,3,162,29/05/2023,Cash,29/05/2023 20:13:15,
225d60fe,38488d36,KG,0.25,1,60,29/05/2023,Cash,29/05/2023 20:13:33,
808f4841,38488d48,KG,1,1,72,29/05/2023,Cash,29/05/2023 20:13:55,
bea1f126,38488d74,KG,4.5,1,150,29/05/2023,Cash,29/05/2023 20:14:57,
51334ffc,38488d72,KG,0.5,1,30,29/05/2023,Cash,29/05/2023 20:17:13,
b1afbc8d,316fcd40,KG,0.5,2,70,29/05/2023,Cash,29/05/2023 20:18:11,
be5578b6,090f0992,Liter,1.5,2,180,29/05/2023,Cash,29/05/2023 20:21:02,
c57083c3,38488d32,Liter,1,3,162,30/05/2023,Cash,30/05/2023 19:44:13,
21bf9dc6,38488d38,KG,0.6,1,45,30/05/2023,Cash,30/05/2023 19:44:33,
7de8937e,15ed5402,KG,1,1,100,30/05/2023,Cash,30/05/2023 19:44:56,
9f2bc1c5,38488d43,KG,0.5,5,60,30/05/2023,Cash,30/05/2023 19:45:57,
4329ddee,ce05468e,KG,0.1,1,10,30/05/2023,Cash,30/05/2023 19:46:42,
53041490,3ed563fc,Piece,1,10,300,30/05/2023,Cash,30/05/2023 19:48:02,
7e77ee5a,bf503910,Piece,1,1,40,30/05/2023,Cash,30/05/2023 19:50:09,
5052838d,4a95b056,Piece,1,1,90,30/05/2023,Cash,30/05/2023 19:50:32,
162bcf04,38488d69,KG,0.25,1,110,30/05/2023,Cash,30/05/2023 19:54:02,
d4744d6a,38488d32,Liter,1,1,54,30/05/2023,Cash,30/05/2023 21:57:34,
157dfdc1,38488d36,KG,0.5,1,100,30/05/2023,Cash,30/05/2023 21:58:06,
bb686f76,1870042c,KG,6,1,100,30/05/2023,Cash,30/05/2023 21:58:54,
a56e2ae6,38488d57,KG,4,1,120,30/05/2023,Cash,30/05/2023 21:59:24,
1d364239,38488d82,KG,1,1,40,30/05/2023,Cash,30/05/2023 22:00:03,
e97dd980,7cfdeddd,KG,1.5,1,120,30/05/2023,Cash,30/05/2023 22:00:29,
e3f6c4a3,6d43a33d,KG,2.5,1,100,30/05/2023,Cash,30/05/2023 22:01:58,
c6350230,533238d5,KG,2.5,1,75,30/05/2023,Cash,30/05/2023 22:03:10,
7b2afc85,38488d78,KG,1,2,100,30/05/2023,Cash,30/05/2023 23:23:53,
94872b54,38488d32,Liter,1,3,162,31/05/2023,Cash,31/05/2023 19:36:40,
b12d9ca4,38488d38,KG,0.6,1,45,31/05/2023,Cash,31/05/2023 19:37:01,
4af9eabf,b25f103e,Piece,1,1,300,31/05/2023,Cash,31/05/2023 19:39:07,
03d12eec,38488d32,Liter,1,3,162,01/06/2023,Cash,01/06/2023 19:33:30,
d0242879,38488d72,KG,0.5,1,30,01/06/2023,Cash,01/06/2023 19:56:02,
acd89ed0,38488d73,KG,5,1,100,01/06/2023,Cash,01/06/2023 19:56:44,
86913609,38488d39,KG,10,1,150,01/06/2023,Cash,01/06/2023 20:00:36,
e4636fb0,3f40d071,Piece,12,10,400,01/06/2023,Cash,01/06/2023 20:01:06,
28b165c9,38488d48,KG,1.5,1,106,01/06/2023,Cash,01/06/2023 20:03:00,
94f29a96,38488d32,Liter,1.5,2,81,01/06/2023,Cash,01/06/2023 20:03:29,
3177514a,38488d47,KG,30,1,510,01/06/2023,Cash,01/06/2023 20:06:09,
14763f62,316fcd40,KG,5,1,300,01/06/2023,Cash,01/06/2023 20:07:19,
884006b1,86ce16a9,KG,5,1,300,01/06/2023,Cash,01/06/2023 20:09:37,
78cdc789,52cdaa61,KG,50,1,1350,01/06/2023,Cash,01/06/2023 20:11:11,
289ed450,38488d60,KG,0.5,1,80,01/06/2023,Cash,01/06/2023 20:54:02,
61d3cf4f,38488d59,KG,0.5,1,80,01/06/2023,Cash,01/06/2023 20:54:57,
700fdbd2,cce54458,KG,0.5,4,260,01/06/2023,Cash,01/06/2023 21:03:25,
54fb8b6e,15880a38,Piece,1,3,100,01/06/2023,Cash,01/06/2023 21:14:07,
e6c8425d,72333f40,Piece,1,2,100,01/06/2023,Cash,01/06/2023 21:22:42,
e17b7685,38488d32,Liter,1,3,162,02/06/2023,Cash,02/06/2023 19:44:41,
92406888,38488d72,KG,0.5,1,30,02/06/2023,Cash,02/06/2023 20:46:56,
bf4b5de6,38488d48,KG,1,2,144,02/06/2023,Cash,02/06/2023 20:47:58,
920c3e5d,38488d38,KG,0.6,1,45,02/06/2023,Cash,02/06/2023 20:48:18,
0ca63151,a208793d,Piece,1,1,100,02/06/2023,Cash,02/06/2023 21:25:58,
d8a81a20,38488d84,KG,2,1,60,02/06/2023,Cash,02/06/2023 21:27:13,
b996c2e9,38488d32,Liter,1,3,162,03/06/2023,Cash,03/06/2023 20:08:40,
e01af9f5,38488d72,KG,0.5,1,30,03/06/2023,Cash,03/06/2023 20:08:58,
51bbcb55,38488d38,KG,0.6,3,135,03/06/2023,Cash,03/06/2023 20:10:32,
eec35996,38488d48,KG,1,1,72,03/06/2023,Cash,03/06/2023 20:15:43,
679cadc5,38488d43,KG,0.5,5,60,03/06/2023,Cash,03/06/2023 20:16:43,
ff271948,38488d48,KG,0.2,1,18,03/06/2023,Cash,03/06/2023 20:18:14,
88f559ab,a92f80eb,KG,3,1,60,03/06/2023,Cash,03/06/2023 20:19:18,
e2610b4f,a31d5abb,KG,0.25,1,30,03/06/2023,Cash,03/06/2023 20:19:36,
55a72ff2,18374158,Piece,1,4,525,03/06/2023,Cash,03/06/2023 21:08:10,
e132ee3e,070c1507,Piece,1,3,130,03/06/2023,Cash,03/06/2023 21:21:38,
823105d1,9130d9d3,Piece,1,1,70,03/06/2023,Cash,03/06/2023 21:25:12,
238accef,1870042c,KG,6,1,90,03/06/2023,Cash,03/06/2023 21:34:32,
b9d4d739,5b074625,KG,1,1,130,03/06/2023,Cash,03/06/2023 21:39:50,
0cb7faed,38488d32,Liter,1,3,162,04/06/2023,Cash,04/06/2023 19:28:00,
f9110088,38488d72,KG,0.5,1,30,04/06/2023,Cash,04/06/2023 19:28:25,
2187d81e,4340a96c,KG,0.5,1,35,04/06/2023,Cash,04/06/2023 19:29:38,
441b48ee,2bdbfdb6,KG,1.25,1,125,04/06/2023,Cash,04/06/2023 19:31:33,
78a1c5df,38488d32,KG,0.5,6,162,04/06/2023,Cash,04/06/2023 21:51:18,
830bb60b,2bdbfdb8,Piece,1,1,50,04/06/2023,Cash,04/06/2023 21:57:15,
3c948e21,38488d32,KG,1,3,162,05/06/2023,Cash,05/06/2023 20:51:30,
4172fe76,38488d36,KG,0.25,1,60,05/06/2023,Cash,05/06/2023 20:52:24,
b93cbd61,38488d48,KG,1.5,1,106,05/06/2023,Cash,05/06/2023 20:53:05,
6dd96772,a92f80eb,KG,50,1,720,05/06/2023,Cash,05/06/2023 20:53:45,
9baf0695,38488d35,KG,0.25,1,20,05/06/2023,Cash,05/06/2023 20:54:13,
5cad4fc0,42f6d331,KG,1,1,200,05/06/2023,Cash,05/06/2023 20:54:38,
a4e6d92a,c066447f,Piece,1,1,30,05/06/2023,Cash,05/06/2023 20:59:29,
23b3f3bd,38488d73,KG,7,1,140,05/06/2023,Cash,05/06/2023 21:02:08,
b7e99578,38488d68,KG,0.5,2,140,05/06/2023,Cash,05/06/2023 21:02:36,
5a46cc34,38488d57,KG,0.25,1,10,05/06/2023,Cash,05/06/2023 21:03:32,
16e78e27,38488d63,KG,2,1,50,05/06/2023,Cash,05/06/2023 21:03:59,
613611ea,68a22b7f,Piece,1,2,200,05/06/2023,Cash,05/06/2023 21:06:18,
a674a7dc,35cf7f7d,Piece,1,1,250,05/06/2023,Cash,05/06/2023 21:14:23,
2605339e,38488d62,KG,1,7,315,05/06/2023,Cash,05/06/2023 21:15:18,
f6b810b4,2c4d95ef,KG,0.25,1,45,05/06/2023,Cash,05/06/2023 21:17:02,
965f6210,2f5f74e8,Piece,1,1,35,05/06/2023,Cash,05/06/2023 21:18:34,
5622b6d4,ee72568a,Piece,1,1,50,05/06/2023,Cash,05/06/2023 21:38:26,
86ebface,3f5a9999,Liter,5,1,75,05/06/2023,Cash,05/06/2023 21:39:01,
9b9b6ce0,38488d32,Liter,1,3,162,06/06/2023,Cash,06/06/2023 19:28:48,
a597c551,38488d48,KG,1,1,72,06/06/2023,Cash,06/06/2023 19:29:21,
0e96cca0,38488d50,KG,1.5,1,50,06/06/2023,Cash,06/06/2023 19:33:24,
405ed006,38488d34,KG,1,1,40,06/06/2023,Cash,06/06/2023 19:34:18,
54263c2b,53b27eaf,KG,0.25,1,190,06/06/2023,Cash,06/06/2023 19:35:15,
90401fa0,38488d55,Piece,1,2,20,06/06/2023,Cash,06/06/2023 19:36:19,
d9b92c21,38488d69,KG,0.25,1,110,06/06/2023,Cash,06/06/2023 19:38:07,
f3df50c0,1870042c,KG,6,1,90,06/06/2023,Cash,06/06/2023 21:21:47,
b17e3bdc,38488d51,KG,1.5,1,480,06/06/2023,Cash,06/06/2023 21:24:48,
75897d6b,a31d5abb,KG,1,1,120,06/06/2023,Cash,06/06/2023 21:25:45,
f0396b83,61deb399,KG,1.5,1,70,06/06/2023,Cash,06/06/2023 21:27:33,
1a99c089,38488d57,KG,4,1,120,06/06/2023,Cash,06/06/2023 21:28:29,
91e07a25,fcde63e0,Piece,1,3,15,06/06/2023,Cash,06/06/2023 21:39:53,
bf3c20aa,1870042c,KG,6,1,90,06/06/2023,Cash,06/06/2023 21:42:00,
58a3e965,38488d36,KG,0.5,1,120,06/06/2023,Cash,06/06/2023 22:13:51,
81f6ec1a,1905cc15,KG,2,1,100,06/06/2023,Cash,06/06/2023 22:15:25,
8d9fba80,2174fb78,KG,2,1,80,06/06/2023,Cash,06/06/2023 22:16:19,
94f7a5a4,38488d72,KG,0.5,1,30,06/06/2023,Cash,06/06/2023 22:29:12,
11f30bc9,f938eda1,Piece,1,4,120,06/06/2023,Cash,06/06/2023 22:58:59,
65bcd7fe,38488d32,Liter,1,3,162,07/06/2023,Cash,07/06/2023 20:00:32,
3e21253d,38488d38,KG,0.6,1,45,07/06/2023,Cash,07/06/2023 20:01:27,
2378317f,38488d43,KG,0.5,2,20,07/06/2023,Cash,07/06/2023 20:01:50,
2f80e1f4,38488d32,Liter,1,3,162,08/06/2023,Cash,08/06/2023 20:19:22,
93c5f415,38488d38,KG,0.6,1,45,08/06/2023,Cash,08/06/2023 20:19:52,
22657d7b,38488d68,KG,0.5,1,60,08/06/2023,Cash,08/06/2023 20:20:43,
764cf5be,38488d32,Liter,1,3,162,09/06/2023,Cash,09/06/2023 20:37:27,
2015257d,3f40d071,Piece,12,10,400,09/06/2023,Cash,09/06/2023 20:37:58,
4c17aed8,38488d36,KG,0.25,1,70,09/06/2023,Cash,09/06/2023 20:42:23,
cb7a7ec3,38488d34,KG,0.25,1,10,09/06/2023,Cash,09/06/2023 20:43:11,
9136d8dc,38488d72,KG,0.5,1,25,09/06/2023,Cash,09/06/2023 20:43:33,
11775eb9,7cfdeddd,KG,0.5,1,50,09/06/2023,Cash,09/06/2023 20:44:11,
e0dd6a9a,fcd75bd5,Piece,1,2,20,09/06/2023,Cash,09/06/2023 20:44:48,
cdd14595,38488d39,KG,10,1,200,09/06/2023,Cash,09/06/2023 20:46:02,
746f9f84,89e823ea,KG,0.1,2,112,09/06/2023,Cash,09/06/2023 20:47:22,
f3faf4ef,0c53ef5a,Piece,1,1,10,09/06/2023,Cash,09/06/2023 20:48:29,
9d84d4a8,38488d32,Liter,1,3,162,10/06/2023,Cash,10/06/2023 20:44:34,
9fa7021e,38488d48,KG,3.5,1,250,10/06/2023,Cash,10/06/2023 20:44:49,
dac771cd,38488d82,KG,0.5,1,30,10/06/2023,Cash,10/06/2023 20:45:58,
afc5c285,38488d73,KG,3.5,1,70,10/06/2023,Cash,10/06/2023 20:47:05,
b0f814b8,5b074625,KG,1,1,130,10/06/2023,Cash,10/06/2023 20:47:51,
493b5428,38488d59,KG,500,1,80,10/06/2023,Cash,10/06/2023 21:10:21,
f97e929b,38488d60,KG,0.5,1,80,10/06/2023,Cash,10/06/2023 21:11:25,
b7b1a21a,38488d53,KG,1,5,125,10/06/2023,Cash,10/06/2023 21:12:05,
80ad06ef,3095f6ad,KG,5,1,200,10/06/2023,Cash,10/06/2023 21:22:11,
817972bd,9e80589b,KG,0.5,1,300,10/06/2023,Cash,10/06/2023 21:22:36,
2ce41f54,51d017a1,KG,0.25,1,100,10/06/2023,Cash,10/06/2023 21:23:31,
4792ea28,fcff30ca,KG,0.5,1,30,10/06/2023,Cash,10/06/2023 21:24:28,
4e53791d,e5090a8d,KG,5,1,450,10/06/2023,Cash,10/06/2023 21:28:23,
cff65426,5ad61e4e,KG,1,1,50,10/06/2023,Cash,10/06/2023 21:30:32,
3f160ac1,38488d54,KG,5,1,180,10/06/2023,Cash,10/06/2023 21:31:42,
9b022a17,364c4110,KG,0.5,1,50,10/06/2023,Cash,10/06/2023 21:34:16,
dae30200,15880a38,Piece,1,1,50,10/06/2023,Cash,10/06/2023 21:37:53,
1d8451f2,38488d32,Liter,1,3,162,11/06/2023,Cash,11/06/2023 20:20:17,
04491c99,38488d72,KG,0.5,1,20,11/06/2023,Cash,11/06/2023 20:31:07,
3d9e0f5a,38488d73,KG,5,1,100,11/06/2023,Cash,11/06/2023 20:31:37,
4f3fc01b,1870042c,KG,5,1,90,11/06/2023,Cash,11/06/2023 20:32:34,
d5969de0,38488d47,KG,25,1,450,11/06/2023,Cash,11/06/2023 20:34:00,
bbf02461,38488d48,KG,0.5,1,34,11/06/2023,Cash,11/06/2023 21:58:30,
caaa57c6,2bdbfdb6,KG,1,1,100,11/06/2023,Cash,11/06/2023 22:04:38,
a1f7cf20,2bdbfdb8,Piece,1,1,40,11/06/2023,Cash,11/06/2023 22:05:40,
be3cce14,38488d32,Liter,1,2,108,11/06/2023,Cash,11/06/2023 22:06:54,
43b8e85c,38488d32,Liter,1,3,162,12/06/2023,Cash,12/06/2023 19:41:45,
159bbd96,38488d48,KG,2.5,1,188,12/06/2023,Cash,12/06/2023 19:42:07,
776c0ddb,38488d36,KG,0.25,1,70,12/06/2023,Cash,12/06/2023 19:43:22,
c634297e,38488d72,KG,0.5,1,30,12/06/2023,Cash,12/06/2023 19:44:19,
0996d1cd,38488d68,KG,0.5,2,140,12/06/2023,Cash,12/06/2023 19:45:21,
84a33415,c39b54f2,KG,0.5,1,60,12/06/2023,Cash,12/06/2023 19:46:28,
095665f4,38488d50,KG,1.5,1,60,12/06/2023,Cash,12/06/2023 19:47:08,
04ab29e2,1d9fc2aa,Piece,1,3,30,12/06/2023,Cash,12/06/2023 19:47:39,
96478674,0a777579,Piece,1,3,30,12/06/2023,Cash,12/06/2023 19:49:31,
c1f75c12,38488d32,Liter,1,3,162,13/06/2023,Cash,13/06/2023 20:05:49,
b9f7a772,38488d38,KG,0.6,1,45,13/06/2023,Cash,13/06/2023 20:06:40,
f40aea2d,38488d63,KG,3.5,1,80,13/06/2023,Cash,13/06/2023 20:07:15,
4b91c69a,38488d69,KG,0.25,1,110,13/06/2023,Cash,13/06/2023 20:16:34,
b1130feb,38488d32,Liter,1,2,108,13/06/2023,Cash,13/06/2023 20:20:02,
dddf2e50,3f5a9999,Liter,5,1,75,13/06/2023,Cash,13/06/2023 20:20:51,
73c2e2fc,7211596c,Piece,12,1,100,13/06/2023,Cash,13/06/2023 20:26:19,
2bb9daf7,38488d36,KG,0.5,1,120,13/06/2023,Cash,13/06/2023 22:01:27,
0da85a65,524a0b85,Piece,12,1,100,13/06/2023,Cash,13/06/2023 22:02:23,
f61141e5,38488d74,KG,4,1,120,13/06/2023,Cash,13/06/2023 22:03:33,
917c5ab6,38488d72,KG,1,1,40,13/06/2023,Cash,13/06/2023 22:04:22,
ebbe7ea2,61deb399,KG,1.5,1,75,13/06/2023,Cash,13/06/2023 22:04:39,
b1b6b4f2,a31d5abb,KG,2,1,200,13/06/2023,Cash,13/06/2023 22:05:34,
d7f61cee,7cfdeddd,KG,3,1,210,13/06/2023,Cash,13/06/2023 22:06:43,
21a41b6e,38488d82,KG,1,1,50,13/06/2023,Cash,13/06/2023 22:08:14,
91af4e35,1905cc15,KG,2,1,100,13/06/2023,Cash,13/06/2023 22:08:33,
8919778d,fb323e8d,Piece,1,2,180,13/06/2023,Cash,13/06/2023 23:13:21,
e96393f2,38488d68,KG,3,1,90,13/06/2023,Cash,13/06/2023 23:15:27,
3a342566,38488d32,Liter,1,3,162,14/06/2023,Cash,14/06/2023 20:24:40,
b2cba928,38488d38,KG,0.6,1,45,14/06/2023,Cash,14/06/2023 20:25:03,
002e20ac,38488d48,KG,0.2,1,18,14/06/2023,Cash,14/06/2023 20:28:23,
953276d0,070c1507,Piece,1,2,60,14/06/2023,Cash,14/06/2023 20:29:11,
e1491395,1870042c,KG,5,1,100,14/06/2023,Cash,14/06/2023 20:30:21,
6ef38e41,7836518d,Piece,1,1,35,14/06/2023,Cash,14/06/2023 20:30:47,
ac1326e7,38488d32,Liter,1,3,162,15/06/2023,Cash,15/06/2023 20:39:13,
4961d124,38488d48,KG,1,2,144,15/06/2023,Cash,15/06/2023 20:39:34,
d20cd84c,89e823ea,Piece,1,4,80,15/06/2023,Cash,15/06/2023 20:47:04,
a0caed19,38488d60,KG,0.5,1,80,15/06/2023,Cash,15/06/2023 20:48:11,
8b588801,38488d59,KG,0.5,1,80,15/06/2023,Cash,15/06/2023 20:48:50,
f1c1c2f1,38488d71,KG,2.5,1,50,15/06/2023,Cash,15/06/2023 20:49:29,
42400ea3,38488d35,KG,0.25,1,20,15/06/2023,Cash,15/06/2023 20:50:12,
46344159,38488d37,KG,0.75,1,20,15/06/2023,Cash,15/06/2023 20:50:38,
08db9164,38488d70,Piece,12,5,150,15/06/2023,Cash,15/06/2023 20:51:01,
cc01e79a,38488d84,KG,0.5,1,20,15/06/2023,Cash,15/06/2023 20:52:48,
be0406fb,074f02cb,Piece,1,2,30,15/06/2023,Cash,15/06/2023 20:53:15,
f62896e9,fc547261,Piece,1,6,60,15/06/2023,Cash,15/06/2023 20:54:41,
d3263fec,38488d32,Liter,1,3,162,16/06/2023,Cash,16/06/2023 20:54:24,
0fb7868a,38488d34,KG,0.25,1,10,16/06/2023,Cash,16/06/2023 20:54:43,
4e1d468b,38488d43,KG,0.5,6,60,16/06/2023,Cash,16/06/2023 20:55:20,
f89e91e5,ce05468e,KG,0.1,1,10,16/06/2023,Cash,16/06/2023 20:55:57,
111f9147,38488d72,KG,0.5,1,30,16/06/2023,Cash,16/06/2023 20:59:25,
345767f3,38488d35,KG,0.25,1,15,16/06/2023,Cash,16/06/2023 20:59:57,
d1e905cf,38488d70,Piece,6,8,160,16/06/2023,Cash,16/06/2023 21:00:35,
bea2a592,2f5f74e8,Piece,1,1,35,16/06/2023,Cash,16/06/2023 21:02:09,
ba81ff76,38488d62,KG,1,8,360,16/06/2023,Cash,16/06/2023 21:02:41,
ec53adbe,38488d57,KG,0.25,1,10,16/06/2023,Cash,16/06/2023 21:03:13,
154672ef,38488d63,KG,2,1,50,16/06/2023,Cash,16/06/2023 21:04:00,
0bd33d6d,1870042c,KG,5,1,110,16/06/2023,Cash,16/06/2023 21:04:25,
22c893de,38488d68,KG,0.5,2,140,16/06/2023,Cash,16/06/2023 21:04:44,
b28b5922,2c4d95ef,KG,0.25,1,45,16/06/2023,Cash,16/06/2023 21:05:14,
b382f497,ee72568a,Piece,1,1,50,16/06/2023,Cash,16/06/2023 21:06:10,
dfc54d2a,1c8c560e,Piece,1,1,25,16/06/2023,Cash,16/06/2023 21:06:58,
2b55a907,38488d32,Liter,1,3,162,17/06/2023,Cash,17/06/2023 20:34:31,
b9dc73d0,38488d48,KG,1,2,144,17/06/2023,Cash,17/06/2023 20:34:51,
4f46de50,38488d72,KG,0.5,1,40,17/06/2023,Cash,17/06/2023 20:35:14,
af9d17a7,38488d84,KG,2,1,60,17/06/2023,Cash,17/06/2023 20:36:08,
f1b594b7,6eac27e1,Piece,1,2,120,17/06/2023,Cash,17/06/2023 20:36:54,
10011caf,42f6d331,Piece,1,1,200,17/06/2023,Cash,17/06/2023 20:42:02,
09af6193,ed041292,Piece,1,2,50,17/06/2023,Cash,17/06/2023 20:48:19,
31c43d81,8ef238fe,KG,1,1,360,17/06/2023,Cash,17/06/2023 20:51:40,
9d713c96,38488d32,Liter,1,3,162,18/06/2023,Cash,18/06/2023 20:54:17,
05ad768c,fcd75bd5,Piece,1,5,50,18/06/2023,Cash,18/06/2023 21:12:43,
6c3f7036,38488d51,KG,1,1,320,18/06/2023,Cash,18/06/2023 21:13:22,
b7232fbb,38488d68,KG,1,1,120,18/06/2023,Cash,18/06/2023 21:14:37,
189d4ec4,9130d9d3,Piece,1,2,280,18/06/2023,Cash,18/06/2023 21:14:55,
583dfa72,38488d32,Liter,1,2,108,18/06/2023,Cash,18/06/2023 21:16:19,
9b36b258,53b27eaf,KG,0.25,1,180,18/06/2023,Cash,18/06/2023 21:43:24,
5272c821,38488d55,Piece,1,2,20,18/06/2023,Cash,18/06/2023 21:45:05,
e569cfc1,38488d32,Liter,1,3,162,19/06/2023,Cash,19/06/2023 20:50:17,
f8edff33,38488d38,KG,0.6,1,45,19/06/2023,Cash,19/06/2023 20:50:31,
3b8e2969,38488d72,KG,0.25,1,20,19/06/2023,Cash,19/06/2023 20:51:41,
06ee0690,1870042c,KG,5,1,120,19/06/2023,Cash,19/06/2023 20:52:02,
6bd467ac,38488d47,KG,20,1,360,19/06/2023,Cash,19/06/2023 20:52:21,
5326d00b,38488d32,Liter,1,2,108,19/06/2023,Cash,19/06/2023 20:53:11,
096c942f,38488d48,KG,1,1,72,19/06/2023,Cash,19/06/2023 20:53:31,
fb8348a2,090f0992,Piece,1,12,150,19/06/2023,Cash,19/06/2023 20:53:59,
5a271d54,38488d79,Piece,1,20,200,19/06/2023,Cash,19/06/2023 20:56:23,
2f9f26d5,cce54458,KG,0.5,2,150,19/06/2023,Cash,19/06/2023 20:56:58,
dd061665,6d43a33d,KG,2.5,1,110,19/06/2023,Cash,19/06/2023 20:57:37,
8ccb42f0,3095f6ad,KG,2,1,88,19/06/2023,Cash,19/06/2023 20:59:40,
13d543d8,38488d32,Liter,1,3,162,20/06/2023,Cash,20/06/2023 21:12:32,
6d3d5f16,38488d82,KG,0.5,1,40,20/06/2023,Cash,20/06/2023 21:12:59,
501a56ed,38488d72,KG,0.25,1,20,20/06/2023,Cash,20/06/2023 21:19:26,
57b4401b,3f40d071,Piece,12,10,400,20/06/2023,Cash,20/06/2023 21:21:05,
d8b5ec93,38488d69,KG,0.25,1,110,20/06/2023,Cash,20/06/2023 21:23:24,
62aedfd0,38488d38,KG,0.6,1,45,20/06/2023,Cash,20/06/2023 21:26:34,
9ee303b3,38488d32,Liter,1,2,108,20/06/2023,Cash,20/06/2023 21:29:20,
c1b7d5b8,38488d72,KG,0.5,1,20,20/06/2023,Cash,20/06/2023 22:24:22,
cf694f22,38488d57,KG,4,1,120,20/06/2023,Cash,20/06/2023 22:24:46,
9ab3af90,38488d74,KG,5,1,100,20/06/2023,Cash,20/06/2023 22:25:34,
0de5ebaa,38488d82,KG,0.5,1,30,20/06/2023,Cash,20/06/2023 22:25:55,
7f50ad1e,533238d5,KG,2.5,1,50,20/06/2023,Cash,20/06/2023 22:26:32,
409643da,38488d73,KG,5,1,100,20/06/2023,Cash,20/06/2023 22:27:37,
3bbdaa8d,0df6056d,Piece,1,1,30,20/06/2023,Cash,20/06/2023 22:31:05,
3842b0e4,38488d32,Liter,1,3,162,21/06/2023,Cash,21/06/2023 21:16:57,
c91d064e,38488d48,KG,2.5,2,178,21/06/2023,Cash,21/06/2023 21:17:16,
80e0bbd2,38488d68,KG,0.5,2,140,21/06/2023,Cash,21/06/2023 21:18:05,
2dee956e,38488d35,KG,0.25,1,20,21/06/2023,Cash,21/06/2023 21:20:12,
a5e1559e,38488d51,KG,0.75,1,240,21/06/2023,Cash,21/06/2023 21:20:40,
4b1e5054,38488d36,KG,0.25,1,70,21/06/2023,Cash,21/06/2023 21:23:09,
a184b772,38488d37,KG,2,1,60,21/06/2023,Cash,21/06/2023 21:23:34,
9dfae31d,38488d59,KG,1,1,160,21/06/2023,Cash,21/06/2023 21:23:50,
96cfbadc,38488d60,KG,0.5,1,80,21/06/2023,Cash,21/06/2023 21:25:15,
f25c30ec,316fcd40,KG,5,1,300,21/06/2023,Cash,21/06/2023 21:50:41,
eb5ae13d,3095f6ad,KG,5,1,210,21/06/2023,Cash,21/06/2023 21:51:59,
58b3b08c,c39b54f2,KG,1,1,120,21/06/2023,Cash,21/06/2023 21:52:59,
51219f34,1d9fc2aa,Piece,1,3,30,21/06/2023,Cash,21/06/2023 21:53:54,
b759ed75,0a777579,Piece,1,3,30,21/06/2023,Cash,21/06/2023 21:55:32,
07cad622,38488d72,KG,0.25,1,15,21/06/2023,Cash,21/06/2023 21:58:27,
84c9483a,38488d34,KG,0.25,1,10,21/06/2023,Cash,22/06/2023 20:35:05,
921c18de,0c53ef5a,KG,0.25,1,20,21/06/2023,Cash,22/06/2023 20:35:35,
3b1d08ae,38488d32,Liter,1,3,162,22/06/2023,Cash,22/06/2023 20:36:26,
d9120c1a,38488d34,KG,0.25,1,10,22/06/2023,Cash,22/06/2023 20:36:49,
ed4e05bd,1870042c,KG,5,1,200,22/06/2023,Cash,22/06/2023 20:37:28,
01add4c4,38488d48,KG,0.5,1,34,22/06/2023,Cash,22/06/2023 20:38:10,
c817e913,38488d43,KG,0.5,5,50,22/06/2023,Cash,22/06/2023 20:38:37,
92aafb4c,bc48fbad,Piece,1,1,200,22/06/2023,Cash,22/06/2023 20:39:19,
dbee5d50,38488d32,Liter,1,3,162,23/06/2023,Cash,23/06/2023 19:40:11,
e0e0876d,38488d38,KG,0.6,1,45,23/06/2023,Cash,23/06/2023 19:40:49,
6f3c4619,38488d72,KG,0.5,1,50,23/06/2023,Cash,23/06/2023 19:41:12,
370c04f4,841b7716,KG,1,1,150,23/06/2023,Cash,23/06/2023 22:01:19,
69819543,38488d32,Liter,1,3,162,24/06/2023,Cash,24/06/2023 21:03:38,
7419f10c,38488d48,KG,1,2,144,24/06/2023,Cash,24/06/2023 21:04:00,
cbdac58d,38488d36,KG,0.25,1,60,24/06/2023,Cash,24/06/2023 21:04:26,
a56912d2,1905cc15,KG,2,1,120,24/06/2023,Cash,24/06/2023 21:04:57,
1c830b7b,1870042c,KG,2,1,120,24/06/2023,Cash,24/06/2023 21:05:22,
65fef4e5,38488d46,Liter,1,1,50,24/06/2023,Cash,24/06/2023 21:06:46,
93b16997,38488d51,KG,1,1,320,24/06/2023,Cash,24/06/2023 21:12:57,
ef5ad469,1870042c,KG,5,1,300,24/06/2023,Cash,24/06/2023 21:13:58,
703b2b0e,a31d5abb,KG,0.25,1,40,24/06/2023,Cash,24/06/2023 21:15:20,
abad83d4,38488d47,KG,1,1,25,24/06/2023,Cash,24/06/2023 21:15:53,
cd944bb8,6eac27e1,Piece,1,2,120,24/06/2023,Cash,24/06/2023 21:16:44,
ab5eda6d,38488d32,Liter,1,3,162,25/06/2023,Cash,25/06/2023 20:09:30,
553b45e1,38488d38,KG,250,1,20,25/06/2023,Cash,25/06/2023 20:10:21,
2843f507,38488d48,KG,1,2,144,25/06/2023,Cash,25/06/2023 20:11:02,
93d69417,38488d37,KG,0.5,1,20,25/06/2023,Cash,25/06/2023 20:11:48,
a15f5c80,38488d34,KG,0.25,1,15,25/06/2023,Cash,25/06/2023 20:12:29,
46870c44,ce05a0dc,Piece,1,5,50,25/06/2023,Cash,25/06/2023 20:12:59,
8aa0b399,38488d80,KG,1.5,1,60,25/06/2023,Cash,25/06/2023 20:13:49,
c95c6830,0a777579,Piece,1,4,40,25/06/2023,Cash,25/06/2023 20:14:49,
9389454b,1d9fc2aa,Piece,1,4,40,25/06/2023,Cash,25/06/2023 20:17:05,
e62de971,38488d32,Liter,1,4,216,25/06/2023,Cash,25/06/2023 20:22:44,
0607b70c,38488d47,KG,30,1,540,25/06/2023,Cash,25/06/2023 20:25:56,
a9b09dcf,38488d46,KG,0.5,1,40,25/06/2023,Cash,25/06/2023 20:47:26,
53011cee,6c27178e,KG,0.2,1,164,25/06/2023,Cash,25/06/2023 20:51:05,
9776fb56,38488d32,Liter,1,3,162,26/06/2023,Cash,26/06/2023 20:41:25,
e58e49b2,38488d72,KG,0.5,1,60,26/06/2023,Cash,26/06/2023 20:42:03,
7bb52c64,38488d82,KG,0.5,1,60,26/06/2023,Cash,26/06/2023 20:43:34,
20f9c345,38488d63,KG,2,1,60,26/06/2023,Cash,26/06/2023 20:44:47,
ae7cabae,2ae6a732,Piece,1,4,80,26/06/2023,Cash,26/06/2023 21:50:59,
d40fa66a,86b486f8,Piece,6,1,30,26/06/2023,Cash,26/06/2023 22:03:58,
75e635cc,38488d32,Liter,1,3,162,27/06/2023,Cash,27/06/2023 21:32:45,
cfc2b442,38488d43,KG,0.5,6,60,27/06/2023,Cash,27/06/2023 21:33:11,
6e2b544d,38488d36,KG,0.25,1,70,27/06/2023,Cash,27/06/2023 21:33:43,
0c07ed7e,38488d38,KG,0.6,1,45,27/06/2023,Cash,27/06/2023 21:34:19,
1f6a8b70,1870042c,KG,5,1,350,27/06/2023,Cash,27/06/2023 22:12:30,
d48e5de0,38488d32,Liter,1,2,108,27/06/2023,Cash,27/06/2023 22:12:51,
778d3e14,38488d69,KG,0.25,1,110,27/06/2023,Cash,27/06/2023 22:13:13,
496d63db,38488d72,KG,0.5,1,70,27/06/2023,Cash,27/06/2023 22:13:46,
e31ad2f1,38488d82,KG,1,1,100,27/06/2023,Cash,27/06/2023 22:14:42,
3a0ecf6c,7cfdeddd,KG,1,1,90,27/06/2023,Cash,27/06/2023 22:15:23,
707afeb6,38488d36,KG,1,1,200,27/06/2023,Cash,27/06/2023 22:15:52,
feed98f9,61deb399,KG,2,1,100,27/06/2023,Cash,27/06/2023 22:16:15,
3ff8e6ab,a31d5abb,KG,0.5,1,60,27/06/2023,Cash,28/06/2023 09:26:48,
cc6e83a0,13a4f998,Piece,1,1,150,27/06/2023,Cash,28/06/2023 09:35:57,
4d884da2,38488d56,Piece,1,2,130,27/06/2023,Cash,28/06/2023 11:09:46,
23165cb9,38488d32,Liter,1,3,162,28/06/2023,Cash,28/06/2023 20:20:09,
0961f5c3,38488d38,KG,0.6,1,45,28/06/2023,Cash,28/06/2023 20:23:34,
26996c76,38488d78,KG,0.5,1,35,28/06/2023,Cash,28/06/2023 20:23:55,
b9e8d439,38488d48,KG,0.2,1,18,28/06/2023,Cash,28/06/2023 20:24:46,
9723aaf5,38488d37,KG,0.5,1,30,28/06/2023,Cash,28/06/2023 20:25:54,
8746fb50,38488d35,KG,0.25,1,20,28/06/2023,Cash,28/06/2023 20:29:29,
818594cf,38488d71,KG,2,1,50,28/06/2023,Cash,28/06/2023 20:29:45,
0adb7c0a,38488d72,KG,0.25,1,35,28/06/2023,Cash,28/06/2023 20:30:30,
b69ccf98,38488d84,KG,0.25,1,15,28/06/2023,Cash,28/06/2023 20:31:07,
bd59a579,38488d70,Piece,12,10,350,28/06/2023,Cash,28/06/2023 21:36:56,
83ffa002,38488d60,KG,0.5,1,80,28/06/2023,Cash,28/06/2023 21:37:56,
b8094663,38488d64,KG,0.5,1,50,28/06/2023,Cash,28/06/2023 21:38:50,
8e83a52e,38488d32,KG,0.5,2,54,28/06/2023,Cash,28/06/2023 21:39:40,
f55a3af8,38488d32,Liter,1,3,162,29/06/2023,Cash,29/06/2023 20:31:15,
4efa4e02,38488d48,KG,1,2,144,29/06/2023,Cash,29/06/2023 20:31:37,
6a626961,38488d34,KG,0.25,1,15,29/06/2023,Cash,29/06/2023 20:32:08,
4370b54e,a92f80eb,KG,50,1,800,29/06/2023,Cash,29/06/2023 20:32:30,
60784035,38488d32,Liter,1,3,162,30/06/2023,Cash,30/06/2023 21:03:10,
b3175abe,38488d38,KG,0.6,1,45,30/06/2023,Cash,30/06/2023 21:03:47,
4f544031,38488d50,KG,1.5,1,50,30/06/2023,Cash,30/06/2023 21:05:26,
799220f8,38488d72,KG,0.5,1,70,30/06/2023,Cash,30/06/2023 21:09:18,
0c0205ac,1870042c,KG,2,1,200,30/06/2023,Cash,30/06/2023 21:10:58,
eeda2f35,c39b54f2,KG,0.2,1,60,30/06/2023,Cash,30/06/2023 21:11:57,
ca5bb449,38488d66,KG,0.8,1,70,30/06/2023,Cash,01/07/2023 11:15:38,
46ec56a7,38488d32,Liter,1,3,162,01/07/2023,Cash,01/07/2023 20:40:05,
0eaffb54,38488d48,KG,1.5,1,106,01/07/2023,Cash,01/07/2023 20:40:23,
7ced80bc,1266f89f,Piece,1,1,40,01/07/2023,Cash,01/07/2023 20:40:58,
a553dfe2,38488d37,KG,1.5,1,55,01/07/2023,Cash,01/07/2023 20:53:20,
d7df2e8e,38488d35,KG,0.25,1,20,01/07/2023,Cash,01/07/2023 20:53:51,
9036b2b8,38488d34,KG,0.25,1,15,01/07/2023,Cash,01/07/2023 20:54:10,
5ccb546b,c8599a42,Piece,1,1,55,01/07/2023,Cash,01/07/2023 20:57:07,
e976a291,e9a8e3b3,Piece,1,1,75,01/07/2023,Cash,01/07/2023 20:57:41,
510cc83d,859c1eff,Piece,1,2,40,01/07/2023,Cash,01/07/2023 20:59:20,
6ad3d977,910b2e49,KG,1,1,100,01/07/2023,Cash,01/07/2023 21:29:34,
d541e478,52cdaa61,KG,50,1,1350,01/07/2023,Cash,01/07/2023 21:55:45,
8d04aaf3,5ad61e4e,KG,2,1,100,01/07/2023,Cash,01/07/2023 21:56:27,
a426a6f6,fae3e2e2,Piece,1,1,20,01/07/2023,Cash,01/07/2023 21:57:07,
3f163169,0c53ef5a,KG,0.25,1,20,01/07/2023,Cash,01/07/2023 21:58:10,
a9a43d54,38488d68,KG,0.5,2,140,01/07/2023,Cash,01/07/2023 22:00:28,
9f08fa77,38488d32,Liter,1,3,162,02/07/2023,Cash,02/07/2023 21:51:08,
671f4209,38488d33,KG,1,1,100,02/07/2023,Cash,02/07/2023 21:51:32,
d0912318,38488d34,KG,1,1,60,02/07/2023,Cash,02/07/2023 21:55:13,
bb658e50,38488d35,KG,0.5,1,40,02/07/2023,Cash,02/07/2023 21:55:54,
af63eda3,38488d40,KG,0.25,1,25,02/07/2023,Cash,02/07/2023 21:56:25,
6b5eb287,38488d38,KG,0.6,1,45,02/07/2023,Cash,02/07/2023 21:57:05,
1c1d1fb2,38488d43,KG,0.5,5,50,02/07/2023,Cash,02/07/2023 21:57:37,
5bc30725,38488d48,KG,0.5,1,34,02/07/2023,Cash,02/07/2023 21:58:29,
6ecbcffb,fcd75bd5,Piece,1,2,20,02/07/2023,Cash,02/07/2023 21:59:32,
e10f2385,38488d32,Liter,1,3,152,02/07/2023,Cash,02/07/2023 22:00:13,
bf838e86,38488d32,Liter,1,3,162,03/07/2023,Cash,03/07/2023 21:34:16,
8833d88e,38488d38,KG,0.6,1,45,03/07/2023,Cash,03/07/2023 21:34:47,
88de386a,38488d48,KG,1,2,144,03/07/2023,Cash,03/07/2023 21:35:37,
b10859c5,38488d51,KG,0.75,1,240,03/07/2023,Cash,03/07/2023 21:35:57,
98ce1d51,6eac27e1,Piece,1,2,120,03/07/2023,Cash,03/07/2023 21:37:46,
d6f17927,7836518d,Piece,1,2,120,03/07/2023,Cash,03/07/2023 21:44:34,
4da79897,074f02cb,Piece,1,2,36,03/07/2023,Cash,03/07/2023 21:47:25,
e56fd252,0a777579,Piece,1,4,40,03/07/2023,Cash,03/07/2023 21:50:23,
0c5f2ab9,38488d32,Liter,1,3,162,04/07/2023,Cash,04/07/2023 21:43:32,
b1654bfc,38488d34,KG,1,1,50,04/07/2023,Cash,04/07/2023 21:43:43,
01e509a8,38488d38,KG,0.6,1,45,04/07/2023,Cash,04/07/2023 21:44:03,
0ab766c7,38488d48,KG,0.5,1,34,04/07/2023,Cash,04/07/2023 21:44:47,
8ccc4985,38488d59,KG,0.5,1,80,04/07/2023,Cash,04/07/2023 21:45:18,
7d4d8a5e,38488d69,KG,0.25,1,110,04/07/2023,Cash,04/07/2023 21:45:47,
4b10cbbc,b689393c,Piece,1,1,20,04/07/2023,Cash,04/07/2023 21:46:09,
483201dd,38488d72,KG,0.5,1,60,04/07/2023,Cash,04/07/2023 21:46:33,
f72b476a,38488d57,KG,4,1,200,04/07/2023,Cash,04/07/2023 21:47:28,
4fd166ee,1870042c,KG,2,1,200,04/07/2023,Cash,04/07/2023 21:48:10,
93acab9b,38488d32,Liter,1,2,108,04/07/2023,Cash,04/07/2023 21:48:26,
b5daacf1,38488d82,KG,1.25,1,120,04/07/2023,Cash,04/07/2023 21:49:08,
3d141526,61deb399,KG,2,1,80,04/07/2023,Cash,04/07/2023 21:49:40,
5114ab97,38488d84,KG,2,1,80,04/07/2023,Cash,04/07/2023 21:51:16,
cd8e9d10,1905cc15,KG,2,1,120,04/07/2023,Cash,04/07/2023 21:51:53,
78bca519,7cfdeddd,KG,1,1,50,04/07/2023,Cash,04/07/2023 21:52:20,
b4fe7134,0390b81d,Piece,1,4,100,04/07/2023,Cash,04/07/2023 21:54:33,
7907eb7e,a31d5abb,KG,1,1,130,04/07/2023,Cash,04/07/2023 21:58:00,
361e58d7,38488d32,Liter,1,3,162,05/07/2023,Cash,05/07/2023 20:37:50,
e7ca6c63,38488d38,KG,0.6,1,50,05/07/2023,Cash,05/07/2023 20:38:19,
5b4f6711,38488d47,KG,20,1,480,05/07/2023,Cash,05/07/2023 20:39:06,
cf3b1db0,6e08e9a1,Piece,1,1,700,05/07/2023,Cash,05/07/2023 20:41:29,
dfb568a0,38488d32,Liter,1,3,162,06/07/2023,Cash,06/07/2023 20:58:27,
3a570f2b,38488d38,KG,0.6,1,50,06/07/2023,Cash,06/07/2023 21:00:20,
f48f8a9c,1870042c,KG,0.5,1,70,06/07/2023,Cash,06/07/2023 21:01:36,
da4182f8,38488d78,KG,0.5,1,35,06/07/2023,Cash,06/07/2023 21:02:45,
26be9ba8,38488d32,Liter,1,3,162,07/07/2023,Cash,07/07/2023 19:49:18,
3a0f3baa,38488d72,KG,0.25,1,50,07/07/2023,Cash,07/07/2023 19:49:45,
4d0f24dc,38488d66,KG,2.5,1,150,07/07/2023,Cash,07/07/2023 19:51:17,
55d319ad,3f40d071,Piece,12,10,400,07/07/2023,Cash,07/07/2023 19:51:41,
1f12c204,1870042c,KG,4,1,320,07/07/2023,Cash,07/07/2023 19:52:58,
050f4f3f,38488d37,KG,2,1,60,07/07/2023,Cash,07/07/2023 19:53:50,
bbc361ce,38488d43,KG,0.5,6,60,07/07/2023,Cash,07/07/2023 19:54:13,
aacb31a6,38488d68,KG,1,1,120,07/07/2023,Cash,07/07/2023 19:55:16,
2f5b15e8,3f5a9999,Liter,5,1,75,07/07/2023,Cash,07/07/2023 21:25:51,
3b3bb58d,7bfb5100,Piece,1,1,100,07/07/2023,Cash,07/07/2023 21:27:23,
27aec599,38488d32,Liter,1,3,162,08/07/2023,Cash,08/07/2023 19:42:01,
a690d7b8,38488d48,KG,1,2,144,08/07/2023,Cash,08/07/2023 19:42:30,
30511c48,38488d50,KG,2,1,60,08/07/2023,Cash,08/07/2023 19:43:18,
9dd2a379,38488d36,KG,0.25,1,70,08/07/2023,Cash,08/07/2023 19:44:09,
f9b9b7f9,52cdaa61,KG,1,1,60,08/07/2023,Cash,08/07/2023 19:44:28,
608e4d1b,c4721744,Piece,1,1,45,08/07/2023,Cash,08/07/2023 19:47:06,
697446fb,38488d84,KG,1,1,80,08/07/2023,Cash,08/07/2023 19:50:02,
920b5863,cce54458,KG,0.5,4,300,08/07/2023,Cash,08/07/2023 19:50:45,
42a22cc9,38488d79,Piece,1,15,150,08/07/2023,Cash,08/07/2023 22:48:31,
37200efe,38488d32,Liter,1,3,162,09/07/2023,Cash,09/07/2023 19:24:15,
dd8f2fd7,4340a96c,KG,0.5,1,35,09/07/2023,Cash,09/07/2023 19:27:57,
841d2e99,38488d68,KG,1,1,120,09/07/2023,Cash,09/07/2023 19:31:43,
2e5730b7,38488d51,KG,1,1,320,09/07/2023,Cash,09/07/2023 19:33:01,
9c912b22,1870042c,KG,1,1,120,09/07/2023,Cash,09/07/2023 19:33:45,
1801f999,791d3bd3,KG,0.25,1,180,09/07/2023,Cash,09/07/2023 19:34:24,
71c0e3aa,81cb458e,Liter,1,2,230,09/07/2023,Cash,09/07/2023 19:38:52,
339275d7,38488d32,Liter,1,2,108,09/07/2023,Cash,09/07/2023 19:40:38,
09468f5b,38488d55,Piece,1,1,10,09/07/2023,Cash,09/07/2023 19:40:54,
5d198ceb,38488d42,Piece,1,2,125,09/07/2023,Cash,09/07/2023 19:41:39,
72ff2cf6,38488d32,Liter,1,3,162,10/07/2023,Cash,10/07/2023 20:45:36,
f90c9eaf,38488d63,KG,2.5,1,100,10/07/2023,Cash,10/07/2023 20:45:58,
dc604a92,a92f80eb,KG,50,1,800,10/07/2023,Cash,10/07/2023 20:49:30,
b34102a3,38488d43,KG,1,1,50,10/07/2023,Cash,10/07/2023 21:02:14,
1cdb764c,074f02cb,Piece,1,2,34,10/07/2023,Cash,10/07/2023 21:18:53,
03f508c2,38488d32,Liter,1,3,162,11/07/2023,Cash,11/07/2023 21:32:06,
3ea576cc,38488d38,KG,0.6,1,45,11/07/2023,Cash,11/07/2023 21:32:24,
ed3838ab,38488d36,KG,0.25,1,70,11/07/2023,Cash,11/07/2023 21:33:15,
e3134fd9,38488d47,KG,2,1,60,11/07/2023,Cash,11/07/2023 21:33:44,
68c86154,38488d69,KG,0.25,1,110,11/07/2023,Cash,11/07/2023 21:34:03,
6e0970cf,38488d48,Liter,1,2,108,11/07/2023,Cash,11/07/2023 21:34:36,
1735cc79,13a4f998,Piece,1,1,150,11/07/2023,Cash,11/07/2023 22:39:53,
fd52a56e,fcd75bd5,Piece,1,2,20,11/07/2023,Cash,11/07/2023 22:42:31,
b9b30972,38488d82,KG,1,1,120,11/07/2023,Cash,11/07/2023 22:43:23,
06bed28c,38488d37,KG,3,1,100,11/07/2023,Cash,11/07/2023 22:44:41,
3ed7807c,38488d47,KG,20,1,440,11/07/2023,Cash,11/07/2023 22:45:11,
dfe31d6a,7cfdeddd,KG,0.5,1,40,11/07/2023,Cash,11/07/2023 22:58:37,
32b62803,a31d5abb,KG,1,1,150,11/07/2023,Cash,11/07/2023 22:59:15,
b043c32c,1905cc15,KG,2,1,100,11/07/2023,Cash,11/07/2023 22:59:56,
1c875946,524a0b85,Piece,12,1,100,11/07/2023,Cash,11/07/2023 23:06:06,
444d86dd,38488d32,Liter,1,3,162,12/07/2023,Cash,12/07/2023 21:00:06,
96d9ca33,38488d72,KG,0.1,1,30,12/07/2023,Cash,12/07/2023 21:18:40,
a97fbd35,38488d68,KG,0.5,2,140,12/07/2023,Cash,12/07/2023 21:19:12,
0c0fa470,38488d48,KG,1,2,144,12/07/2023,Cash,12/07/2023 21:20:34,
b79c9a1a,1870042c,KG,3,1,200,12/07/2023,Cash,12/07/2023 21:20:54,
e13ec36a,38488d84,KG,0.25,1,20,12/07/2023,Cash,12/07/2023 21:22:01,
01566d01,38488d35,KG,0.25,1,30,12/07/2023,Cash,12/07/2023 21:22:58,
46c45b4e,38488d71,KG,3,1,120,12/07/2023,Cash,12/07/2023 21:24:16,
591eeb3d,38488d59,KG,0.5,1,80,12/07/2023,Cash,12/07/2023 21:25:49,
22acc0d7,38488d60,KG,0.5,1,80,12/07/2023,Cash,12/07/2023 21:28:50,
0f51408a,38488d70,Piece,12,10,300,12/07/2023,Cash,12/07/2023 21:29:26,
cf5aad81,1d9fc2aa,Piece,1,2,20,12/07/2023,Cash,12/07/2023 21:42:22,
2bbf4591,3ff538e9,Piece,1,3,50,12/07/2023,Cash,12/07/2023 21:55:55,
189cbfc0,38488d32,Liter,1,3,162,13/07/2023,Cash,13/07/2023 19:47:03,
f98d5a25,38488d66,KG,2.5,1,150,13/07/2023,Cash,13/07/2023 19:47:32,
0eca6d5d,38488d63,KG,2.5,1,100,13/07/2023,Cash,13/07/2023 19:49:16,
7f41b07b,38488d57,KG,0.25,1,20,13/07/2023,Cash,13/07/2023 19:50:08,
724b75dd,38488d35,KG,0.25,1,20,13/07/2023,Cash,13/07/2023 19:50:55,
f5da181d,38488d68,KG,1,1,140,13/07/2023,Cash,13/07/2023 19:51:29,
cb4c590f,ee72568a,Piece,1,1,50,13/07/2023,Cash,13/07/2023 19:52:04,
0be86a6f,2c4d95ef,KG,0.25,1,45,13/07/2023,Cash,13/07/2023 19:52:48,
d9887466,2f5f74e8,Piece,1,1,30,13/07/2023,Cash,13/07/2023 19:53:28,
8093bd38,38488d62,KG,1,8,360,13/07/2023,Cash,13/07/2023 19:53:54,
c1322481,becc6a8c,Piece,1,1,300,13/07/2023,Cash,13/07/2023 19:54:44,
e120e12b,6eac27e1,Piece,1,1,120,13/07/2023,Cash,13/07/2023 19:55:02,
a0e6f77b,31170873,Piece,1,1,100,13/07/2023,Cash,13/07/2023 19:58:28,
ae60de11,ae904201,Piece,1,4,50,13/07/2023,Cash,13/07/2023 20:06:12,
b84857e3,38488d48,KG,0.2,1,18,13/07/2023,Cash,13/07/2023 21:29:31,
7b625b13,38488d32,Liter,1,3,162,14/07/2023,Cash,14/07/2023 21:44:58,
67ebc2bf,38488d48,KG,1.5,2,106,14/07/2023,Cash,14/07/2023 21:45:29,
821c2a64,38488d38,KG,0.6,1,45,14/07/2023,Cash,14/07/2023 21:46:21,
3abdc1e3,38488d36,KG,0.25,1,80,14/07/2023,Cash,14/07/2023 21:46:54,
9c080308,1870042c,KG,1.5,1,100,14/07/2023,Cash,14/07/2023 21:47:35,
a86fc5c7,38488d78,KG,0.5,1,35,14/07/2023,Cash,14/07/2023 21:52:14,
663ea453,38488d32,Liter,1,3,162,15/07/2023,Cash,15/07/2023 20:21:57,
8252c063,38488d38,KG,0.6,1,45,15/07/2023,Cash,15/07/2023 20:22:13,
a1a1ae36,5ad61e4e,KG,2,1,100,15/07/2023,Cash,15/07/2023 20:25:32,
d93924e0,38488d48,KG,1,1,72,15/07/2023,Cash,15/07/2023 20:33:38,
c474cba5,38488d64,Piece,1,1,45,15/07/2023,Cash,15/07/2023 20:33:58,
3b82cdb1,38488d57,KG,3,1,150,15/07/2023,Cash,16/07/2023 10:00:39,
03ef12e3,38488d32,Liter,1,3,162,16/07/2023,Cash,16/07/2023 20:21:07,
c9712e70,1870042c,KG,3,1,200,16/07/2023,Cash,16/07/2023 20:21:22,
6be940bd,38488d51,KG,0.75,1,240,16/07/2023,Cash,16/07/2023 20:23:07,
faa9fcb1,38488d68,KG,1,1,120,16/07/2023,Cash,16/07/2023 20:24:51,
3ee0238d,38488d55,Piece,1,1,10,16/07/2023,Cash,16/07/2023 20:25:11,
435f681a,fcd75bd5,Piece,1,1,10,16/07/2023,Cash,16/07/2023 20:25:31,
5c48b858,064cc6e0,Piece,1,1,100,16/07/2023,Cash,16/07/2023 20:30:22,
30116a27,c8847587,Piece,1,1,100,16/07/2023,Cash,16/07/2023 20:35:12,
65188b4a,38488d32,Liter,1,2,108,16/07/2023,Cash,16/07/2023 21:27:02,
ab6edd24,38488d32,Liter,1,3,162,17/07/2023,Cash,17/07/2023 20:32:32,
a80df1c2,38488d48,KG,1,2,144,17/07/2023,Cash,17/07/2023 20:33:30,
58540478,38488d42,Piece,1,1,85,16/07/2023,Cash,17/07/2023 20:34:28,
28cc7b08,38488d84,KG,1.25,1,100,17/07/2023,Cash,17/07/2023 20:35:23,
923ec434,e73a4f6b,Piece,1,8,40,17/07/2023,Cash,17/07/2023 20:36:41,
a21fd64a,38488d32,Liter,1,3,162,18/07/2023,Cash,18/07/2023 18:49:37,
f242f0e8,38488d72,KG,0.25,1,60,18/07/2023,Cash,18/07/2023 18:50:01,
32b03a9b,38488d36,KG,0.25,1,80,18/07/2023,Cash,18/07/2023 18:50:23,
c02a8d79,38488d48,KG,1.5,2,106,18/07/2023,Cash,18/07/2023 18:50:58,
5f10a622,1d9fc2aa,Piece,1,3,30,18/07/2023,Cash,18/07/2023 18:51:50,
53ce85a6,0a777579,Piece,1,3,30,18/07/2023,Cash,18/07/2023 18:53:37,
45521c21,38488d47,KG,2,1,60,18/07/2023,Cash,18/07/2023 18:55:52,
0f1d68a9,38488d38,KG,0.6,1,45,18/07/2023,Cash,18/07/2023 18:56:19,
96743ce3,8b22178e,KG,0.2,1,70,18/07/2023,Cash,18/07/2023 18:58:57,
6c319aad,38488d32,KG,1,2,108,18/07/2023,Cash,18/07/2023 19:47:15,
daec8cea,38488d68,KG,1,1,150,18/07/2023,Cash,18/07/2023 19:47:47,
9bba9e3d,1870042c,KG,2,1,160,18/07/2023,Cash,18/07/2023 20:29:39,
e36715c4,5ff02df8,KG,2,1,50,18/07/2023,Cash,18/07/2023 20:30:34,
d0317b58,3095f6ad,KG,5,1,210,18/07/2023,Cash,18/07/2023 20:32:03,
dd829909,38488d69,KG,0.25,1,110,18/07/2023,Cash,18/07/2023 20:46:24,
c27cd167,38488d79,Piece,1,7,112,18/07/2023,Cash,18/07/2023 20:47:33,
355fe66d,38488d47,KG,25,1,550,18/07/2023,Cash,18/07/2023 20:48:49,
e48f003e,38488d72,KG,0.5,1,70,18/07/2023,Cash,18/07/2023 22:05:55,
4785712e,38488d82,KG,1,1,120,18/07/2023,Cash,18/07/2023 22:06:53,
f6cbcc54,316fcd40,KG,0.5,4,140,18/07/2023,Cash,18/07/2023 22:08:00,
5e1bdae8,3ed563fc,Piece,1,5,150,18/07/2023,Cash,18/07/2023 22:11:45,
d78970e7,1905cc15,KG,2,1,100,18/07/2023,Cash,19/07/2023 13:35:34,
ce4aaf8a,7cfdeddd,KG,1.5,1,100,18/07/2023,Cash,19/07/2023 13:36:44,
3874cbfe,38488d32,Liter,1,3,162,19/07/2023,Cash,19/07/2023 20:00:26,
36b06722,070c1507,Piece,1,2,60,19/07/2023,Cash,19/07/2023 20:02:57,
9499e42f,38488d32,Liter,1,1,54,19/07/2023,Cash,19/07/2023 22:02:53,
6159e9d8,38488d32,Liter,1,3,162,20/07/2023,Cash,20/07/2023 20:36:00,
8e4e6ac4,38488d38,KG,0.6,1,45,20/07/2023,Cash,20/07/2023 20:36:39,
3d01e001,38488d43,KG,1,1,50,20/07/2023,Cash,20/07/2023 20:46:38,
ac18bfab,52cdaa61,KG,50,1,1340,20/07/2023,Cash,20/07/2023 20:47:07,
0f7b7179,38488d59,Piece,1,2,20,20/07/2023,Cash,20/07/2023 20:48:46,
5fad9e35,86ce16a9,KG,5,1,300,20/07/2023,Cash,20/07/2023 20:49:14,
a1727f49,e5090a8d,KG,5,1,450,20/07/2023,Cash,20/07/2023 20:49:59,
3ca6bfda,38488d32,Liter,1,3,162,21/07/2023,Cash,21/07/2023 21:15:46,
51f12543,38488d34,KG,0.2,1,40,21/07/2023,Cash,21/07/2023 21:16:05,
1d50218b,38488d38,KG,0.6,3,135,21/07/2023,Cash,21/07/2023 21:17:13,
5b4991f3,38488d35,KG,0.25,1,20,21/07/2023,Cash,21/07/2023 21:18:21,
ec6817a2,38488d37,KG,0.8,1,30,21/07/2023,Cash,21/07/2023 21:19:02,
af9aee67,38488d71,KG,2.5,1,70,21/07/2023,Cash,21/07/2023 21:19:33,
8e15cf75,38488d70,Piece,12,8,320,21/07/2023,Cash,21/07/2023 21:20:15,
f214ce1c,38488d53,KG,1,1,28,21/07/2023,Cash,21/07/2023 21:22:00,
71a23fe3,38488d51,KG,0.5,1,160,21/07/2023,Cash,21/07/2023 21:22:59,
05884a2c,53b27eaf,KG,0.25,1,200,21/07/2023,Cash,21/07/2023 21:24:39,
b137c425,1870042c,KG,3,1,200,21/07/2023,Cash,21/07/2023 21:25:12,
e090a361,38488d59,KG,0.5,1,80,21/07/2023,Cash,21/07/2023 21:26:47,
eadc5c4e,38488d60,KG,0.5,1,80,21/07/2023,Cash,21/07/2023 21:27:45,
034455f4,fcd75bd5,Piece,1,1,10,21/07/2023,Cash,21/07/2023 21:29:46,
dbb11c68,38488d32,Liter,1,3,162,22/07/2023,Cash,22/07/2023 20:53:38,
151c3647,38488d36,KG,0.25,1,70,22/07/2023,Cash,22/07/2023 20:53:53,
d5efbed8,2bdbfdb9,Piece,1,25,250,22/07/2023,Cash,22/07/2023 20:54:54,
63ffc15a,38488d79,Piece,1,5,80,22/07/2023,Cash,22/07/2023 20:57:18,
11183a89,524a0b85,Piece,12,1,100,22/07/2023,Cash,22/07/2023 21:48:27,
aa7773be,38488d78,KG,1,1,65,22/07/2023,Cash,22/07/2023 21:49:57,
a3da3796,cae57605,Piece,1,6,30,22/07/2023,Cash,22/07/2023 21:51:15,
6772a807,9f37f7c4,KG,1.25,1,150,22/07/2023,Cash,22/07/2023 21:56:43,
c7f448e0,1d9fc2aa,Piece,1,1,10,22/07/2023,Cash,22/07/2023 21:58:17,
835fb6b9,38488d32,Liter,1,3,162,23/07/2023,Cash,23/07/2023 21:57:36,
e648ad08,38488d68,KG,0.5,1,60,23/07/2023,Cash,23/07/2023 21:57:59,
d43a3f56,fcd75bd5,Piece,1,2,20,23/07/2023,Cash,23/07/2023 21:59:02,
bd626926,074f02cb,Piece,1,2,36,23/07/2023,Cash,23/07/2023 22:16:16,
2477d0db,38488d32,Liter,1,3,162,24/07/2023,Cash,24/07/2023 19:55:32,
429d6024,38488d48,KG,0.5,7,238,24/07/2023,Cash,24/07/2023 19:55:59,
f21a0297,1870042c,KG,0.7,1,50,24/07/2023,Cash,24/07/2023 19:57:41,
e1c584ea,38488d74,KG,6,1,120,24/07/2023,Cash,24/07/2023 19:58:21,
107bd79f,a92f80eb,KG,50,1,720,24/07/2023,Cash,24/07/2023 20:02:52,
2e58f22c,38488d38,KG,0.6,1,45,24/07/2023,Cash,24/07/2023 20:04:39,
6fa55377,38488d32,Liter,1,3,162,25/07/2023,Cash,25/07/2023 09:45:50,
2419f4ed,38488d72,KG,0.5,1,100,25/07/2023,Cash,25/07/2023 09:46:58,
1021c8df,38488d82,KG,0.5,1,50,25/07/2023,Cash,25/07/2023 09:47:36,
5d00126f,38488d51,KG,0.5,1,160,25/07/2023,Cash,25/07/2023 09:48:14,
6049ed21,38488d32,Liter,1,3,162,28/07/2023,Cash,28/07/2023 19:43:26,
23ffaa4c,38488d38,KG,0.6,2,90,28/07/2023,Cash,28/07/2023 19:44:18,
86269c54,3f5a9999,Liter,5,1,75,28/07/2023,Cash,28/07/2023 19:45:02,
dbff4f19,1870042c,KG,1,1,160,28/07/2023,Cash,28/07/2023 19:46:48,
ed31690d,38488d57,KG,0.25,1,10,28/07/2023,Cash,28/07/2023 19:49:59,
af7a4324,38488d63,KG,1.5,1,70,28/07/2023,Cash,28/07/2023 19:52:13,
ecdc0e80,38488d35,KG,0.25,1,20,28/07/2023,Cash,28/07/2023 19:52:43,
3b98487b,38488d62,KG,1,7,315,28/07/2023,Cash,28/07/2023 19:53:24,
d6f5dda3,2f5f74e8,Piece,1,1,35,28/07/2023,Cash,28/07/2023 19:56:52,
cb562903,2c4d95ef,KG,0.25,1,45,28/07/2023,Cash,28/07/2023 19:57:34,
c8d94de0,8b22178e,KG,1,1,150,28/07/2023,Cash,28/07/2023 20:02:23,
4c279c8e,ee72568a,Piece,1,1,50,28/07/2023,Cash,28/07/2023 20:03:23,
16d7e3f0,1870042c,KG,2,1,100,25/07/2023,Cash,28/07/2023 21:18:35,
deb0ddea,38488d32,Liter,1.5,2,81,25/07/2023,Cash,28/07/2023 21:20:56,
a34d61bb,38488d69,KG,0.25,1,110,25/07/2023,Cash,28/07/2023 21:21:53,
5f8076c6,38488d46,Liter,0.5,1,40,25/07/2023,Cash,28/07/2023 21:23:14,
f8afd457,38488d84,KG,2,1,120,25/07/2023,Cash,28/07/2023 21:24:06,
706acc64,1905cc15,KG,2,1,160,25/07/2023,Cash,28/07/2023 21:24:44,
b8558154,7cfdeddd,KG,0.5,1,50,25/07/2023,Cash,28/07/2023 21:25:17,
a9e9278c,38488d34,KG,0.25,1,40,25/07/2023,Cash,28/07/2023 21:26:10,
ee8476bf,38488d82,KG,0.1,1,20,25/07/2023,Cash,28/07/2023 21:26:39,
4731f980,fcde63e0,Piece,1,2,10,25/07/2023,Cash,28/07/2023 21:27:09,
eaf2c085,533238d5,KG,1.5,1,70,25/07/2023,Cash,28/07/2023 21:28:20,
eb647716,a31d5abb,KG,0.5,1,100,25/07/2023,Cash,28/07/2023 21:29:02,
d5fcefd6,38488d32,Liter,1,2,108,26/07/2023,Cash,28/07/2023 21:30:02,
31f64647,38488d38,KG,0.6,2,90,26/07/2023,Cash,28/07/2023 21:31:03,
a0527217,38488d37,KG,2,1,80,26/07/2023,Cash,28/07/2023 21:31:32,
992be162,1870042c,KG,2,1,200,26/07/2023,Cash,28/07/2023 21:31:55,
50667117,38488d47,KG,25,1,550,26/07/2023,Cash,28/07/2023 21:32:30,
fd362596,93b88f5b,Piece,1,1,90,26/07/2023,Cash,28/07/2023 21:33:17,
b872de58,38488d72,KG,0.1,1,30,26/07/2023,Cash,28/07/2023 21:34:13,
40368344,38488d84,KG,1.5,1,80,26/07/2023,Cash,28/07/2023 21:35:05,
06ab7c56,38488d36,KG,0.1,1,30,26/07/2023,Cash,28/07/2023 21:36:41,
58b8506f,38488d32,Liter,1,2,108,27/07/2023,Cash,28/07/2023 21:40:18,
0d4f60ea,38488d38,KG,0.6,1,45,27/07/2023,Cash,28/07/2023 21:40:41,
66ec6dc6,c39b54f2,KG,0.5,1,60,27/07/2023,Cash,28/07/2023 21:41:53,
7a3b4bd7,0a777579,Piece,1,4,40,27/07/2023,Cash,28/07/2023 21:42:32,
202986ce,38488d48,KG,1,2,144,27/07/2023,Cash,28/07/2023 21:43:23,
d87e7ba8,070c1507,Piece,1,2,20,27/07/2023,Cash,28/07/2023 21:44:18,
ab5cd306,38488d48,KG,0.5,1,34,27/07/2023,Cash,28/07/2023 21:44:52,
d3cd4e81,8292d135,Piece,1,1,20,27/07/2023,Cash,28/07/2023 21:45:28,
85bf4ff1,38488d68,KG,1,1,150,28/07/2023,Cash,28/07/2023 21:46:35,
808fbb1a,fb9ea07d,KG,0.25,1,25,28/07/2023,Cash,28/07/2023 21:47:02,
bd38095e,38488d59,KG,0.5,1,80,28/07/2023,Cash,28/07/2023 21:47:32,
c555bc7e,38488d60,KG,0.5,1,80,28/07/2023,Cash,28/07/2023 21:47:56,
e9a93018,38488d32,Liter,1,3,162,29/07/2023,Cash,29/07/2023 21:01:26,
fc216012,38488d50,KG,1,1,70,29/07/2023,Cash,29/07/2023 21:01:43,
173d88cf,38488d36,KG,0.25,1,80,29/07/2023,Cash,29/07/2023 21:02:10,
018eff87,38488d72,KG,0.25,1,50,29/07/2023,Cash,29/07/2023 21:02:28,
a96866e4,38488d82,KG,0.25,1,30,29/07/2023,Cash,29/07/2023 21:02:54,
86208de3,52cdaa61,KG,50,1,1350,29/07/2023,Cash,29/07/2023 21:03:31,
53824603,89c87d59,KG,0.1,1,70,29/07/2023,Cash,29/07/2023 21:04:43,
a97f59be,38488d75,Piece,1,3,195,29/07/2023,Cash,29/07/2023 21:06:32,
9f091bb2,070c1507,Piece,1,3,90,29/07/2023,Cash,29/07/2023 21:08:34,
12545957,1870042c,KG,1,1,150,29/07/2023,Cash,29/07/2023 21:09:30,
d525bd99,cc94edad,Piece,1,2,120,29/07/2023,Cash,29/07/2023 21:09:54,
9f2e29bb,7836518d,Piece,1,3,210,29/07/2023,Cash,29/07/2023 21:10:46,
59c47aed,074f02cb,Piece,1,2,36,29/07/2023,Cash,29/07/2023 21:24:20,
025dc885,38488d32,Liter,1,3,162,30/07/2023,Cash,30/07/2023 20:44:13,
2ec86c66,38488d57,KG,4,1,130,30/07/2023,Cash,30/07/2023 20:44:50,
3bbde554,fcd75bd5,Piece,1,2,20,30/07/2023,Cash,30/07/2023 20:45:28,
8848d3c0,38488d32,KG,500,2,56,30/07/2023,Cash,30/07/2023 20:48:07,
ef4281f3,38488d42,Piece,1,1,80,30/07/2023,Cash,30/07/2023 20:49:23,
1cab0e9b,38488d32,Liter,1,3,162,31/07/2023,Cash,31/07/2023 22:00:28,
bc80ff36,6d43a33d,KG,2,1,120,31/07/2023,Cash,31/07/2023 22:00:44,
bfbdff4b,1870042c,KG,1,1,80,31/07/2023,Cash,31/07/2023 22:01:32,
98db232d,38488d38,KG,0.6,3,135,31/07/2023,Cash,31/07/2023 22:02:04,
cd7c8be9,38488d82,KG,0.5,1,50,31/07/2023,Cash,31/07/2023 22:02:42,
d41a0385,38488d68,KG,0.5,1,60,31/07/2023,Cash,31/07/2023 22:03:10,
5b8cb8ff,38488d32,Liter,1,2,108,31/07/2023,Cash,31/07/2023 22:03:33,
812d0e9a,fb323e8d,Piece,1,1,25,31/07/2023,Cash,31/07/2023 22:14:00,
6aace8f6,38488d32,Liter,1,3,162,01/08/2023,Cash,01/08/2023 18:29:17,
26522ab1,1870042c,KG,3.5,1,200,01/08/2023,Cash,01/08/2023 18:29:40,
23371633,38488d51,KG,0.5,1,160,01/08/2023,Cash,01/08/2023 18:30:23,
6d3cee77,38488d72,KG,0.5,1,50,01/08/2023,Cash,01/08/2023 18:31:00,
8092b51e,38488d48,KG,1.5,2,106,01/08/2023,Cash,01/08/2023 18:31:27,
04ef397a,3ed563fc,Piece,1,10,300,01/08/2023,Cash,01/08/2023 18:34:39,
18f29f01,38488d32,Liter,1,2,108,01/08/2023,Cash,01/08/2023 18:37:26,
07bd8569,38488d69,KG,0.25,1,110,01/08/2023,Cash,01/08/2023 18:38:16,
ceb233b6,38488d36,KG,0.5,1,100,01/08/2023,Cash,01/08/2023 21:21:25,
2f56723a,38488d72,KG,1,1,70,01/08/2023,Cash,01/08/2023 21:22:08,
aee3a287,38488d63,KG,2.5,1,50,01/08/2023,Cash,01/08/2023 21:22:30,
bc7bd630,38488d57,KG,4,1,120,01/08/2023,Cash,01/08/2023 21:23:07,
2c91089d,38488d39,KG,5,1,100,01/08/2023,Cash,01/08/2023 21:23:37,
2c4d5a43,38488d68,KG,1.5,1,150,01/08/2023,Cash,01/08/2023 21:24:21,
fa22bb7d,38488d82,KG,1,1,80,01/08/2023,Cash,01/08/2023 21:25:13,
543cf3aa,7cfdeddd,KG,1.7,1,120,01/08/2023,Cash,01/08/2023 21:27:05,
28e6c38a,93b88f5b,Piece,1,92,180,01/08/2023,Cash,01/08/2023 21:28:25,
54b44e2f,a31d5abb,KG,1,1,160,01/08/2023,Cash,01/08/2023 21:38:23,
c3e64a73,fb323e8d,Piece,1,1,25,01/08/2023,Cash,01/08/2023 22:53:46,
dc3e071f,38488d32,Liter,1,3,162,02/08/2023,Cash,02/08/2023 18:25:19,
16b9dbfb,38488d38,KG,0.6,1,45,02/08/2023,Cash,02/08/2023 18:25:37,
ac21d24d,38488d47,KG,20,1,500,02/08/2023,Cash,02/08/2023 18:26:22,
c4931747,38488d32,Liter,1,2,108,03/08/2023,Cash,03/08/2023 20:59:51,
67544a97,38488d43,KG,1,1,50,03/08/2023,Cash,03/08/2023 21:00:28,
66eb8f04,1870042c,KG,1,1,200,03/08/2023,Cash,03/08/2023 21:00:52,
dc9d787c,53b27eaf,KG,0.25,1,210,03/08/2023,Cash,03/08/2023 21:01:13,
a2bdf713,38488d51,KG,1.25,1,400,03/08/2023,Cash,03/08/2023 21:01:57,
3e176dbe,15880a38,Piece,1,1,70,03/08/2023,Cash,03/08/2023 21:05:21,
908149ce,38488d32,Liter,1,3,162,04/08/2023,Cash,04/08/2023 20:24:32,
2f7aae92,38488d34,KG,0.5,1,60,04/08/2023,Cash,04/08/2023 20:24:59,
01efbc40,38488d84,KG,1.5,1,90,04/08/2023,Cash,04/08/2023 20:26:15,
0d96333d,38488d48,KG,0.2,1,18,04/08/2023,Cash,04/08/2023 21:30:23,
8e011de2,38488d32,Liter,1,3,162,05/08/2023,Cash,05/08/2023 22:42:43,
dd25f710,38488d48,KG,1,2,144,05/08/2023,Cash,05/08/2023 22:43:00,
618d4773,1870042c,KG,2,1,300,05/08/2023,Cash,05/08/2023 22:43:55,
a09537ad,0a777579,Piece,1,3,30,05/08/2023,Cash,05/08/2023 22:45:28,
45daa2d6,1d9fc2aa,Piece,1,2,20,05/08/2023,Cash,05/08/2023 22:46:17,
956bc0bc,38488d32,KG,1,3,162,06/08/2023,Cash,06/08/2023 21:25:33,
d860c476,38488d68,KG,1,1,150,06/08/2023,Cash,06/08/2023 21:25:57,
8e08ae09,38488d37,KG,1,1,60,06/08/2023,Cash,06/08/2023 21:26:48,
d9740f0b,38488d34,KG,0.25,1,25,06/08/2023,Cash,06/08/2023 21:27:05,
b229958f,38488d35,KG,0.25,1,20,06/08/2023,Cash,06/08/2023 21:27:35,
348818bd,0c53ef5a,KG,0.1,1,10,06/08/2023,Cash,06/08/2023 21:27:56,
24f4ec26,b011f24c,KG,0.5,1,80,06/08/2023,Cash,06/08/2023 21:28:49,
ea3a911e,859c1eff,Piece,1,3,30,06/08/2023,Cash,06/08/2023 21:31:04,
cb3b5970,38488d42,Piece,1,3,105,06/08/2023,Cash,06/08/2023 21:36:21,
6dbbed6b,38488d32,Liter,1,3,162,07/08/2023,Cash,07/08/2023 20:25:47,
233ff68a,38488d34,KG,1.25,1,100,07/08/2023,Cash,07/08/2023 20:32:23,
f743a778,38488d50,KG,1,1,70,07/08/2023,Cash,07/08/2023 20:32:51,
9dd1b754,1870042c,KG,2,1,300,07/08/2023,Cash,07/08/2023 20:33:23,
9c64f9b3,38488d74,KG,5,1,80,07/08/2023,Cash,07/08/2023 20:33:51,
2dc448da,38488d61,KG,0.2,1,60,07/08/2023,Cash,07/08/2023 20:34:18,
443809ee,38488d59,KG,1,1,160,07/08/2023,Cash,07/08/2023 20:35:23,
0770f186,38488d60,KG,1,1,160,07/08/2023,Cash,07/08/2023 20:36:05,
7e1717f5,38488d64,Piece,1,1,50,07/08/2023,Cash,07/08/2023 20:36:21,
16710469,6eac27e1,Piece,1,2,120,07/08/2023,Cash,07/08/2023 20:36:51,
5cc42986,38488d32,Liter,1,3,162,08/08/2023,Cash,08/08/2023 20:43:32,
5b387f9e,38488d34,KG,0.25,1,20,08/08/2023,Cash,08/08/2023 20:51:22,
c735dc45,1870042c,KG,2,1,300,08/08/2023,Cash,08/08/2023 20:51:42,
64bacd69,38488d72,KG,1,1,70,08/08/2023,Cash,08/08/2023 20:53:25,
9f49890d,38488d82,KG,1,1,70,08/08/2023,Cash,08/08/2023 20:53:47,
8e3dda84,7cfdeddd,KG,1.5,1,100,08/08/2023,Cash,08/08/2023 20:54:24,
d60fbf56,0c53ef5a,KG,0.1,1,10,08/08/2023,Cash,08/08/2023 20:55:16,
025887b0,38488d84,KG,1.5,1,60,08/08/2023,Cash,08/08/2023 20:57:25,
d29cd53a,533238d5,KG,2,1,80,08/08/2023,Cash,08/08/2023 20:58:00,
d45f73e7,5040fe86,KG,1,1,60,08/08/2023,Cash,08/08/2023 22:13:30,
2ea50ec0,15880a38,Piece,1,2,140,08/08/2023,Cash,08/08/2023 22:14:55,
c8269698,38488d57,KG,2.5,1,75,08/08/2023,Cash,08/08/2023 22:16:53,
0d9a95df,a31d5abb,KG,1,1,170,08/08/2023,Cash,08/08/2023 22:17:30,
da314afc,070c1507,Piece,1,1,90,08/08/2023,Cash,08/08/2023 22:20:01,
76c1b32c,38488d33,KG,2,1,140,08/08/2023,Cash,08/08/2023 22:21:19,
f9e67ae6,38488d32,KG,0.5,3,81,08/08/2023,Cash,08/08/2023 22:36:28,
41e04f15,38488d69,KG,0.25,1,110,08/08/2023,Cash,08/08/2023 22:37:08,
85519d76,38488d32,Liter,1,3,162,09/08/2023,Cash,09/08/2023 19:44:07,
b0a11e9e,38488d47,KG,2,1,60,09/08/2023,Cash,09/08/2023 19:44:41,
52df1716,38488d51,KG,0.5,1,160,09/08/2023,Cash,09/08/2023 19:45:34,
e115bacb,38488d61,KG,0.2,2,120,09/08/2023,Cash,09/08/2023 19:47:23,
f34bd5ba,38488d38,KG,0.6,1,45,09/08/2023,Cash,09/08/2023 19:48:29,
eaa70c1c,38488d84,KG,0.5,1,30,09/08/2023,Cash,09/08/2023 19:49:10,
f6e14faf,38488d35,KG,0.25,1,20,09/08/2023,Cash,09/08/2023 19:51:02,
75e77d7c,38488d37,KG,0.5,1,30,09/08/2023,Cash,09/08/2023 19:51:20,
3abf44e5,38488d70,Piece,12,10,350,09/08/2023,Cash,09/08/2023 20:36:19,
09d0d1ce,38488d47,KG,25,1,600,09/08/2023,Cash,09/08/2023 20:37:19,
91adcd3c,38488d71,KG,1.5,1,60,09/08/2023,Cash,09/08/2023 20:38:12,
020f9c09,15880a38,Piece,1,2,60,09/08/2023,Cash,09/08/2023 20:40:19,
6aeaab41,38488d32,Liter,1,3,162,10/08/2023,Cash,10/08/2023 20:26:23,
c7858978,38488d36,KG,0.5,1,100,10/08/2023,Cash,10/08/2023 20:26:38,
71c35a07,38488d68,KG,0.5,1,60,10/08/2023,Cash,10/08/2023 20:27:22,
f5e217a7,cae57605,Piece,1,4,20,10/08/2023,Cash,10/08/2023 20:28:17,
e45e894d,13a4f998,Piece,1,1,150,10/08/2023,Cash,10/08/2023 20:29:32,
fa243c78,52cdaa61,KG,1,1,60,10/08/2023,Cash,10/08/2023 20:32:10,
d7d2f920,38488d70,Piece,12,3,90,10/08/2023,Cash,10/08/2023 22:49:36,
20c185a8,38488d32,Liter,1,3,162,11/08/2023,Cash,11/08/2023 19:44:04,
38fa4038,38488d48,KG,1,2,144,11/08/2023,Cash,11/08/2023 19:44:17,
4f740be6,38488d57,KG,0.25,1,10,11/08/2023,Cash,11/08/2023 20:10:48,
9d788dca,38488d38,KG,0.6,1,45,11/08/2023,Cash,11/08/2023 20:12:35,
2b6797cf,1870042c,KG,5,1,450,11/08/2023,Cash,11/08/2023 20:14:56,
b9005d52,38488d35,KG,0.25,1,20,11/08/2023,Cash,11/08/2023 20:15:10,
7dad33ab,38488d63,KG,1.5,1,60,11/08/2023,Cash,11/08/2023 20:15:33,
6b84d83d,38488d62,KG,1,8,360,11/08/2023,Cash,11/08/2023 20:16:08,
d8bd1309,2c4d95ef,KG,0.25,1,45,11/08/2023,Cash,11/08/2023 20:16:49,
cf2a9c08,2f5f74e8,Piece,1,1,30,11/08/2023,Cash,11/08/2023 20:17:33,
5c73d4ba,ee72568a,Piece,1,1,50,11/08/2023,Cash,11/08/2023 20:18:18,
34d65b9e,38488d32,Liter,1,2,108,12/08/2023,Cash,12/08/2023 21:13:28,
0ff532c3,38488d43,KG,1,1,50,12/08/2023,Cash,12/08/2023 21:13:59,
99c9a691,38488d38,KG,0.6,1,45,12/08/2023,Cash,12/08/2023 21:14:34,
47e6c7e7,a92f80eb,KG,50,1,700,12/08/2023,Cash,12/08/2023 21:15:23,
366ccaa2,e73a4f6b,Piece,1,3,40,12/08/2023,Cash,12/08/2023 21:16:39,
a7c9d566,5ad61e4e,KG,2,1,100,12/08/2023,Cash,12/08/2023 21:18:08,
5fc623c5,38488d32,Liter,1,3,162,13/08/2023,Cash,13/08/2023 20:31:17,
ebefb736,38488d34,KG,1,1,100,13/08/2023,Cash,13/08/2023 20:31:39,
d586f9e1,38488d68,KG,1,1,120,13/08/2023,Cash,13/08/2023 20:31:57,
29cb418e,38488d51,KG,1,1,320,13/08/2023,Cash,13/08/2023 20:32:43,
29af3011,fdfe568c,KG,1,1,160,13/08/2023,Cash,13/08/2023 20:34:11,
86ddee55,38488d46,Liter,2,4,340,13/08/2023,Cash,13/08/2023 20:36:01,
da044a37,a30cd5cc,Piece,30,2,360,13/08/2023,Cash,13/08/2023 20:36:58,
e07fc78f,c4721744,Piece,5,2,250,13/08/2023,Cash,13/08/2023 20:42:47,
9a7d1f35,b530d255,Piece,1,1,50,13/08/2023,Cash,13/08/2023 20:44:27,
52d97587,0c8d8227,KG,0.1,1,90,13/08/2023,Cash,13/08/2023 20:45:07,
3b1e2552,38488d32,Liter,1,2,108,13/08/2023,Cash,13/08/2023 20:46:32,
62e1b58f,316fcd40,Piece,1,2,55,13/08/2023,Cash,13/08/2023 21:32:00,
ad19423a,a92f80eb,KG,2.5,1,50,13/08/2023,Cash,13/08/2023 23:02:04,
16b87363,38488d72,KG,0.5,1,50,13/08/2023,Cash,13/08/2023 23:02:41,
7ce57212,38488d32,Liter,1,3,162,14/08/2023,Cash,14/08/2023 19:57:10,
81032c0d,38488d63,KG,3,1,50,14/08/2023,Cash,14/08/2023 19:58:19,
97463f5f,38488d74,KG,4,1,100,14/08/2023,Cash,14/08/2023 19:59:35,
52426ba0,89e823ea,KG,0.5,1,95,14/08/2023,Cash,14/08/2023 20:01:16,
38886b62,6b5d3659,KG,5,1,1300,14/08/2023,Cash,14/08/2023 20:27:39,
f3a2ac89,f578c988,Piece,1,1,80,14/08/2023,Cash,14/08/2023 20:28:50,
4fc21797,38488d78,KG,1,1,65,14/08/2023,Cash,14/08/2023 20:40:17,
36c78a5b,38488d32,Liter,1,3,162,15/08/2023,Cash,15/08/2023 19:40:05,
38e349c4,38488d48,KG,1,1,72,15/08/2023,Cash,15/08/2023 19:40:54,
d8287c65,38488d38,KG,0.6,2,100,15/08/2023,Cash,15/08/2023 19:41:55,
33a46498,1870042c,KG,2,1,200,15/08/2023,Cash,15/08/2023 19:42:32,
993ebac3,38488d34,KG,1,1,100,15/08/2023,Cash,15/08/2023 19:43:03,
9010998f,38488d72,KG,1,1,100,15/08/2023,Cash,15/08/2023 19:44:06,
70ae5dc8,38488d82,KG,0.5,1,50,15/08/2023,Cash,15/08/2023 19:44:48,
3f7065e0,0c53ef5a,KG,0.5,1,50,15/08/2023,Cash,15/08/2023 19:45:30,
a334500f,fcde63e0,Piece,1,3,25,15/08/2023,Cash,15/08/2023 19:55:27,
937c9634,38488d48,KG,5,1,325,15/08/2023,Cash,15/08/2023 19:57:18,
54a250b8,1b935403,KG,0.25,1,20,15/08/2023,Cash,15/08/2023 19:58:42,
3ec417e3,38488d32,Liter,1,3,162,16/08/2023,Cash,16/08/2023 19:55:30,
52bb8732,38488d38,KG,600,1,45,16/08/2023,Cash,16/08/2023 19:56:29,
456b4f32,38488d57,KG,4,1,120,16/08/2023,Cash,16/08/2023 19:57:07,
2da3b447,38488d47,KG,21,1,630,16/08/2023,Cash,16/08/2023 19:58:15,
ef8962f5,608e4a15,Piece,1,2,40,15/08/2023,Cash,16/08/2023 20:03:59,
9a669923,38488d32,Liter,1,3,162,17/08/2023,Cash,17/08/2023 18:23:22,
8f71d86d,38488d48,KG,1.5,2,106,17/08/2023,Cash,17/08/2023 18:23:40,
2fe78af6,38488d36,KG,0.5,1,80,17/08/2023,Cash,17/08/2023 18:24:34,
637450b3,38488d38,KG,0.6,1,45,17/08/2023,Cash,17/08/2023 18:25:03,
82faa11c,1d9fc2aa,Piece,1,5,50,17/08/2023,Cash,17/08/2023 18:25:34,
10281291,0a777579,Piece,1,4,60,17/08/2023,Cash,17/08/2023 18:27:16,
5536dde8,53b27eaf,KG,0.25,1,180,17/08/2023,Cash,17/08/2023 18:29:18,
b14f5451,38488d37,KG,0.6,1,40,17/08/2023,Cash,17/08/2023 18:30:31,
f341206e,38488d71,KG,2.5,1,50,17/08/2023,Cash,17/08/2023 18:31:01,
6755ba61,38488d35,KG,0.25,1,20,17/08/2023,Cash,17/08/2023 18:31:36,
75142a1e,38488d70,Piece,12,10,300,17/08/2023,Cash,17/08/2023 18:32:18,
da921cd9,38488d51,KG,0.5,1,160,17/08/2023,Cash,17/08/2023 18:36:06,
12094fc7,38488d84,KG,250,1,20,17/08/2023,Cash,17/08/2023 21:39:00,
164bbcd6,38488d38,KG,600,2,90,17/08/2023,Cash,17/08/2023 21:40:22,
1e873c47,38488d32,Liter,1,3,162,18/08/2023,Cash,18/08/2023 18:48:28,
c4128e74,1870042c,KG,3,1,200,18/08/2023,Cash,18/08/2023 18:49:15,
a345bca5,3095f6ad,KG,2,1,84,18/08/2023,Cash,18/08/2023 18:50:00,
ea9d04eb,fb323e8d,Piece,1,2,30,18/08/2023,Cash,18/08/2023 18:50:46,
10535387,cae57605,Piece,1,4,20,18/08/2023,Cash,18/08/2023 18:51:43,
935123df,38488d72,KG,0.3,1,20,18/08/2023,Cash,18/08/2023 18:52:20,
0bdd8de4,38488d63,KG,2,1,50,18/08/2023,Cash,18/08/2023 19:52:52,
450fddc4,7cfdeddd,KG,0.5,1,40,18/08/2023,Cash,18/08/2023 19:55:26,
8752b9b8,3095f6ad,KG,5,1,210,18/08/2023,Cash,18/08/2023 19:56:09,
4c8f081e,52cdaa61,KG,50,1,1340,18/08/2023,Cash,18/08/2023 19:57:07,
9a8db0a6,070c1507,Piece,1,4,50,18/08/2023,Cash,18/08/2023 21:51:43,
e7440b05,a36a002c,Piece,1,2,180,18/08/2023,Cash,18/08/2023 22:09:49,
9b44fec2,38488d32,Liter,1,3,162,19/08/2023,Cash,19/08/2023 20:00:20,
d90bd163,38488d48,KG,1,2,144,19/08/2023,Cash,19/08/2023 20:00:53,
58324d36,38488d50,KG,1500,1,60,19/08/2023,Cash,19/08/2023 20:01:14,
c46cb0dd,38488d38,KG,600,1,45,19/08/2023,Cash,19/08/2023 20:04:08,
925f3463,608e4a15,Piece,1,1,140,19/08/2023,Cash,19/08/2023 20:04:29,
dd99d433,8ef238fe,KG,1,1,400,19/08/2023,Cash,19/08/2023 20:05:13,
1b17bf16,db6e2124,Piece,1,1,160,19/08/2023,Cash,19/08/2023 20:05:51,
76cd8145,38488d32,Liter,1,3,162,20/08/2023,Cash,20/08/2023 20:10:48,
1c18fffe,1870042c,Liter,3.5,1,200,20/08/2023,Cash,20/08/2023 20:11:06,
c8abe0d1,38488d51,KG,0.1,1,35,20/08/2023,Cash,20/08/2023 20:13:44,
39ac44bb,38488d42,Piece,1,2,100,20/08/2023,Cash,20/08/2023 20:17:07,
ada692e1,2bdbfdb6,KG,1.25,1,125,20/08/2023,Cash,20/08/2023 20:18:44,
c393ea80,2bdbfdb8,Piece,1,1,20,20/08/2023,Cash,20/08/2023 20:19:20,
40bdd15f,82d4923b,Piece,1,1,200,20/08/2023,Cash,20/08/2023 20:19:57,
abad7004,38488d32,Liter,1,2,108,20/08/2023,Cash,20/08/2023 22:21:56,
a8b958e5,38488d32,Liter,1,3,162,21/08/2023,Cash,21/08/2023 20:19:52,
16fa81e9,38488d57,KG,5,1,100,21/08/2023,Cash,21/08/2023 20:20:13,
268a144f,7cfdeddd,KG,500,1,40,21/08/2023,Cash,21/08/2023 20:20:48,
3e38dfdf,38488d38,KG,600,3,135,21/08/2023,Cash,21/08/2023 20:21:46,
f1c37ed9,ee4c7cc6,Piece,1,1,70,21/08/2023,Cash,21/08/2023 20:23:38,
2d40e731,38488d47,KG,18,1,576,21/08/2023,Cash,21/08/2023 20:24:13,
91c9d006,38488d51,KG,1,1,320,21/08/2023,Cash,21/08/2023 20:25:44,
9cd9e99b,38488d68,KG,1,1,120,21/08/2023,Cash,21/08/2023 20:26:17,
71fbd2b0,38488d82,KG,250,1,25,21/08/2023,Cash,21/08/2023 20:26:52,
a7310e9b,2bdbfdb9,Piece,1,32,320,21/08/2023,Cash,21/08/2023 20:27:28,
97303667,38488d55,Piece,1,1,10,21/08/2023,Cash,21/08/2023 20:29:33,
ad1d79b0,38488d32,KG,500,1,27,21/08/2023,Cash,21/08/2023 20:54:37,
c42d7e81,38488d51,KG,0.5,1,160,21/08/2023,Cash,21/08/2023 21:13:43,
18841438,38488d32,Liter,1,3,162,22/08/2023,Cash,22/08/2023 19:54:02,
029b0b41,38488d48,KG,1,4,280,22/08/2023,Cash,22/08/2023 19:54:24,
97e518b3,38488d82,KG,250,1,20,22/08/2023,Cash,22/08/2023 19:58:02,
bb2ab108,38488d77,Piece,1,1,150,22/08/2023,Cash,22/08/2023 19:58:50,
db76a0d4,38488d69,KG,250,1,110,22/08/2023,Cash,22/08/2023 20:00:29,
feebe984,38488d33,KG,2,1,60,22/08/2023,Cash,22/08/2023 20:01:40,
f658a698,38488d84,KG,2,1,40,22/08/2023,Cash,22/08/2023 20:02:35,
80072fc3,38488d63,KG,2,1,40,22/08/2023,Cash,22/08/2023 20:03:04,
3c3c5df8,533238d5,KG,2,1,60,22/08/2023,Cash,22/08/2023 20:04:59,
88456891,38488d82,KG,1,1,50,22/08/2023,Cash,22/08/2023 20:09:41,
839ccde4,7cfdeddd,KG,1500,1,80,22/08/2023,Cash,22/08/2023 20:10:17,
1c5bee21,38488d36,KG,1,1,100,22/08/2023,Cash,22/08/2023 20:11:20,
98b6e5ee,a31d5abb,KG,500,1,80,22/08/2023,Cash,22/08/2023 20:11:37,
261783a3,5040fe86,KG,1,1,60,22/08/2023,Cash,22/08/2023 20:14:47,
89ef4553,38488d66,KG,1,1,60,22/08/2023,Cash,22/08/2023 20:17:50,
d86d5a9f,1870042c,KG,3,1,150,22/08/2023,Cash,22/08/2023 22:07:34,
d0cb4b4e,38488d72,KG,700,1,50,22/08/2023,Cash,22/08/2023 22:07:51,
639f7a2d,38488d32,Liter,1,2,112,23/08/2023,Cash,23/08/2023 21:28:15,
92e2720f,316fcd40,KG,3,1,210,23/08/2023,Cash,23/08/2023 21:31:09,
f5cb25e0,38488d59,KG,1,1,160,23/08/2023,Cash,23/08/2023 21:32:21,
45bea25d,38488d60,KG,1,1,160,23/08/2023,Cash,23/08/2023 21:33:38,
5ee3ee58,38488d64,KG,1,1,40,23/08/2023,Cash,23/08/2023 21:34:27,
ff3f3c78,38488d38,KG,0.6,1,45,23/08/2023,Cash,23/08/2023 22:45:49,
b414c5e0,38488d32,Liter,1,3,162,24/08/2023,Cash,24/08/2023 21:39:52,
57bffbd0,38488d68,KG,1,1,150,24/08/2023,Cash,24/08/2023 21:40:16,
702dee4f,38488d34,KG,0.25,1,20,24/08/2023,Cash,24/08/2023 21:41:25,
223160cc,38488d35,KG,0.25,1,15,24/08/2023,Cash,24/08/2023 21:44:48,
3a5273a3,38488d57,KG,0.25,1,10,24/08/2023,Cash,24/08/2023 21:46:14,
e3e62429,38488d63,KG,2,1,40,24/08/2023,Cash,24/08/2023 21:47:00,
050b008c,38488d62,KG,1,8,360,24/08/2023,Cash,24/08/2023 21:47:28,
c58df112,ee72568a,Piece,1,1,50,24/08/2023,Cash,24/08/2023 21:49:10,
294a60bb,2c4d95ef,KG,0.5,1,90,24/08/2023,Cash,24/08/2023 21:52:02,
6b40f3d7,2f5f74e8,Piece,1,1,30,24/08/2023,Cash,24/08/2023 21:52:43,
841b2240,1870042c,KG,5,1,200,24/08/2023,Cash,24/08/2023 21:57:58,
6115b1b9,38488d47,KG,20,1,600,24/08/2023,Cash,24/08/2023 21:59:32,
3f1a787d,fb323e8d,Piece,1,1,25,24/08/2023,Cash,24/08/2023 22:59:40,
74a39cc8,38488d32,Liter,1,2,108,25/08/2023,Cash,25/08/2023 20:39:30,
a9dc6f92,38488d48,KG,1,3,216,25/08/2023,Cash,25/08/2023 20:40:46,
737f3621,38488d34,KG,1.5,1,100,25/08/2023,Cash,25/08/2023 20:41:45,
051a8dc5,38488d38,KG,0.6,1,45,25/08/2023,Cash,25/08/2023 20:42:25,
373b06b7,89e823ea,KG,0.5,1,80,25/08/2023,Cash,25/08/2023 20:43:06,
4774be86,ee4c7cc6,Piece,1,1,70,25/08/2023,Cash,25/08/2023 20:45:51,
b375653e,c39b54f2,KG,2,1,180,25/08/2023,Cash,25/08/2023 20:48:36,
b0513d78,1d9fc2aa,Piece,1,4,40,25/08/2023,Cash,25/08/2023 20:55:46,
daf339af,0a777579,Piece,1,4,40,25/08/2023,Cash,25/08/2023 20:56:16,
020fcd35,c39b54f2,KG,0.5,1,50,25/08/2023,Cash,25/08/2023 20:56:53,
77077429,7836518d,Piece,1,2,60,25/08/2023,Cash,25/08/2023 22:51:46,
f717a818,38488d32,Liter,1,2,108,26/08/2023,Cash,26/08/2023 20:38:45,
368c187f,38488d50,KG,2,1,80,26/08/2023,Cash,26/08/2023 20:39:06,
8f5ab287,38488d72,KG,0.5,1,50,26/08/2023,Cash,26/08/2023 20:39:40,
aa8e7646,4cb0d65e,Piece,1,1,200,26/08/2023,Cash,26/08/2023 20:40:14,
6b3a6158,e9913fc2,Piece,1,1,100,26/08/2023,Cash,26/08/2023 20:41:04,
a66e51c1,a92f80eb,KG,50,1,650,26/08/2023,Cash,26/08/2023 21:50:38,
42c66944,38488d32,Liter,1,5,270,27/08/2023,Cash,27/08/2023 19:54:49,
c4f865b7,38488d50,KG,2.5,1,100,27/08/2023,Cash,27/08/2023 19:57:01,
7f2e8cb1,38488d37,KG,2.5,1,100,27/08/2023,Cash,27/08/2023 19:57:40,
3cd82b58,38488d51,KG,1,1,320,27/08/2023,Cash,27/08/2023 19:58:18,
f65fd4db,38488d32,Liter,1,3,162,28/08/2023,Cash,28/08/2023 20:53:14,
c02bb581,38488d38,KG,0.6,3,135,28/08/2023,Cash,28/08/2023 20:54:08,
d3250095,38488d32,Liter,1,3,162,29/08/2023,Cash,29/08/2023 18:51:55,
55654437,38488d48,KG,1,3,216,29/08/2023,Cash,29/08/2023 18:52:12,
227eb012,13a4f998,Piece,1,1,150,29/08/2023,Cash,29/08/2023 19:16:07,
728c0a18,38488d69,KG,250,1,110,29/08/2023,Cash,29/08/2023 19:16:48,
03f6f052,38488d84,KG,1500,1,50,29/08/2023,Cash,29/08/2023 19:17:16,
232e9c66,1870042c,KG,2,1,80,29/08/2023,Cash,29/08/2023 19:17:43,
1a50f62c,3ed563fc,Piece,1,5,150,29/08/2023,Cash,29/08/2023 21:56:59,
7fa92867,fb323e8d,Piece,1,2,160,29/08/2023,Cash,29/08/2023 21:58:13,
dd95e206,7cfdeddd,KG,2,1,120,29/08/2023,Cash,29/08/2023 21:58:58,
c70827ee,38488d33,KG,2,1,120,29/08/2023,Cash,29/08/2023 22:00:06,
2dc8aad8,38488d72,KG,0.5,1,30,29/08/2023,Cash,29/08/2023 22:00:31,
734c159d,38488d57,KG,4,1,120,29/08/2023,Cash,29/08/2023 22:01:05,
4341882f,524a0b85,Piece,12,1,100,29/08/2023,Cash,29/08/2023 22:04:07,
5cfecf99,a31d5abb,KG,0.5,1,80,29/08/2023,Cash,29/08/2023 22:05:59,
2405de9d,070c1507,Piece,1,3,90,29/08/2023,Cash,29/08/2023 22:29:19,
a0e686f6,38488d32,Liter,1,3,162,30/08/2023,Cash,30/08/2023 20:04:13,
1b78062a,38488d68,KG,0.5,1,60,30/08/2023,Cash,30/08/2023 20:04:30,
f1ea8bda,38488d38,KG,0.6,1,45,30/08/2023,Cash,30/08/2023 20:05:14,
a935ec6c,1870042c,KG,5,1,190,30/08/2023,Cash,30/08/2023 20:05:52,
2bc7825a,38488d47,KG,25,1,750,30/08/2023,Cash,30/08/2023 20:06:13,
9b73797d,38488d51,KG,1.5,1,480,30/08/2023,Cash,30/08/2023 20:06:43,
99411d78,1d9fc2aa,KG,0.1,1,100,30/08/2023,Cash,30/08/2023 20:07:26,
0569e85a,53b27eaf,KG,0.25,1,150,30/08/2023,Cash,30/08/2023 20:08:10,
6cbd8fc0,38488d55,Piece,1,2,20,30/08/2023,Cash,30/08/2023 20:08:38,
61683773,38488d32,Liter,1,2,108,31/08/2023,Cash,31/08/2023 20:16:14,
1a623cce,38488d48,KG,2.5,2,178,31/08/2023,Cash,31/08/2023 20:16:53,
9376154c,38488d68,KG,500,1,70,31/08/2023,Cash,31/08/2023 20:17:52,
efa3ef11,38488d75,Piece,1,1,45,31/08/2023,Cash,31/08/2023 20:18:17,
d3849c49,38488d78,KG,1,1,70,31/08/2023,Cash,31/08/2023 20:18:42,
814cfaff,38488d46,Piece,1,1,20,31/08/2023,Cash,31/08/2023 20:26:05,
b8f16401,38488d79,Piece,1,15,180,31/08/2023,Cash,31/08/2023 20:26:36,
40a71f1c,38488d81,Piece,1,12,255,31/08/2023,Cash,31/08/2023 20:28:32,
dc3374ae,38488d32,Liter,1,2,108,01/09/2023,Cash,01/09/2023 19:57:10,
265bfd5c,38488d63,KG,2,1,70,01/09/2023,Cash,01/09/2023 19:57:32,
16e2479b,38488d71,KG,2,1,60,01/09/2023,Cash,01/09/2023 19:57:54,
e349c7d1,38488d37,KG,700,1,30,01/09/2023,Cash,01/09/2023 19:58:55,
7ffa49ea,38488d43,KG,1,1,50,01/09/2023,Cash,01/09/2023 19:59:34,
e7212af9,38488d35,KG,250,1,20,01/09/2023,Cash,01/09/2023 20:00:08,
4b1328c2,38488d81,KG,150,1,62,01/09/2023,Cash,01/09/2023 20:00:28,
14e0c5a5,38488d79,KG,1,3,48,01/09/2023,Cash,01/09/2023 20:03:50,
016e175b,38488d70,Piece,12,8,320,01/09/2023,Cash,01/09/2023 20:04:25,
e054a1d4,38488d84,KG,700,1,30,01/09/2023,Cash,01/09/2023 20:05:14,
a636ac4c,38488d32,KG,0.5,1,27,01/09/2023,Cash,01/09/2023 20:57:34,
cd6095c2,38488d32,Liter,1,3,162,02/09/2023,Cash,02/09/2023 20:45:50,
9bee5f7a,364c4110,KG,0.5,1,30,02/09/2023,Cash,02/09/2023 20:46:11,
e8143dbe,cae57605,Piece,1,5,25,02/09/2023,Cash,02/09/2023 20:48:10,
6bc8b0a9,5ad61e4e,KG,2,1,100,02/09/2023,Cash,02/09/2023 20:48:36,
d317b847,35cf7f7d,Piece,1,1,250,02/09/2023,Cash,02/09/2023 20:49:32,
c4b0379b,c8847587,Piece,1,1,120,02/09/2023,Cash,02/09/2023 20:52:03,
df53679f,13a4f998,Piece,1,1,150,02/09/2023,Cash,02/09/2023 20:52:53,
93dc7a69,38488d34,KG,1.5,1,100,02/09/2023,Cash,02/09/2023 20:54:42,
bbc83792,e015cd8b,KG,1,2,260,02/09/2023,Cash,02/09/2023 20:55:21,
ba1f661f,38488d32,Liter,1,3,162,03/09/2023,Cash,03/09/2023 19:54:25,
bada835f,1870042c,KG,2,1,80,03/09/2023,Cash,03/09/2023 19:54:41,
3de16e3e,38488d36,KG,500,1,80,03/09/2023,Cash,03/09/2023 19:55:25,
018c3aa6,38488d82,KG,500,1,60,03/09/2023,Cash,03/09/2023 19:55:48,
22642fd3,3095f6ad,KG,1,1,44,03/09/2023,Cash,03/09/2023 19:56:27,
efeae31d,4340a96c,KG,500,1,30,03/09/2023,Cash,03/09/2023 19:57:29,
74659ae2,2bdbfdb6,KG,1,1,100,03/09/2023,Cash,03/09/2023 20:16:02,
37a7e202,2bdbfdb8,Piece,1,1,45,03/09/2023,Cash,03/09/2023 20:16:36,
ffc65e61,38488d32,KG,2.5,2,137,03/09/2023,Cash,03/09/2023 21:24:38,
58c00053,38488d32,Liter,1,3,162,04/09/2023,Cash,04/09/2023 21:02:29,
58fd0225,38488d50,KG,1500,1,60,04/09/2023,Cash,04/09/2023 21:03:22,
7fd73ccb,38488d72,KG,500,1,60,04/09/2023,Cash,04/09/2023 21:03:58,
2256eb27,1870042c,KG,5,1,160,04/09/2023,Cash,04/09/2023 21:04:36,
5f3e6907,c8847587,Piece,1,1,100,04/09/2023,Cash,04/09/2023 21:05:45,
da3c4f83,608e4a15,Piece,1,1,50,04/09/2023,Cash,04/09/2023 21:30:41,
453c2ff7,38488d38,KG,0.6,1,45,04/09/2023,Cash,04/09/2023 21:31:38,
9994b9f1,,Liter,1,3,162,05/09/2023,Cash,05/09/2023 18:53:17,
7083e8fc,38488d38,Liter,0.6,4,180,05/09/2023,Cash,05/09/2023 18:53:34,
a803a1f7,38488d48,KG,0.5,3,102,05/09/2023,Cash,05/09/2023 18:54:29,
88ec4d83,52cdaa61,KG,50,1,1360,05/09/2023,Cash,05/09/2023 18:55:34,
d8496e0b,38488d69,KG,250,1,110,05/09/2023,Cash,05/09/2023 20:08:08,
51610a81,1870042c,KG,5,1,150,05/09/2023,Cash,05/09/2023 22:14:08,
119a2e77,38488d33,KG,2,1,120,05/09/2023,Cash,05/09/2023 22:14:40,
2b00bcb0,38488d36,KG,1,1,150,05/09/2023,Cash,05/09/2023 22:14:57,
e55bebb3,38488d57,KG,4,1,100,05/09/2023,Cash,05/09/2023 22:15:32,
34c6ae4c,38488d71,KG,3.5,1,50,05/09/2023,Cash,05/09/2023 22:16:03,
c13bea09,38488d72,KG,1,1,40,05/09/2023,Cash,05/09/2023 22:16:34,
e599d3d5,38488d82,KG,1,1,40,05/09/2023,Cash,05/09/2023 22:16:55,
1cc4a255,7cfdeddd,KG,1,1,80,05/09/2023,Cash,05/09/2023 22:17:15,
5446f5b0,ce05a0dc,Piece,1,3,30,05/09/2023,Cash,05/09/2023 22:17:41,
cc69998c,38488d32,KG,0.5,4,112,05/09/2023,Cash,05/09/2023 22:18:43,
d0e6a4f2,38488d32,Liter,1,3,162,06/09/2023,Cash,06/09/2023 11:44:56,
f21ab83b,38488d38,KG,0.6,1,45,06/09/2023,Cash,06/09/2023 11:45:50,
8d9bd967,38488d59,KG,1,1,160,06/09/2023,Cash,06/09/2023 19:32:14,
403b26fa,38488d60,KG,1,1,160,06/09/2023,Cash,06/09/2023 19:33:07,
b9c38413,38488d32,Liter,1,3,162,07/09/2023,Cash,07/09/2023 08:17:51,
eaf2c643,,Piece,1,2,50,07/09/2023,Cash,07/09/2023 08:18:18,
a28fa34a,38488d48,KG,0.2,1,18,07/09/2023,Cash,07/09/2023 17:50:21,
3cf93342,ee4c7cc6,Piece,1,1,70,07/09/2023,Cash,07/09/2023 17:51:55,
27ee7704,38488d51,KG,1,1,320,07/09/2023,Cash,07/09/2023 17:52:39,
174320df,38488d48,Liter,5,1,310,07/09/2023,Cash,07/09/2023 19:45:55,
1c1a7dae,38488d32,Liter,1,2,108,08/09/2023,Cash,08/09/2023 09:55:39,
15ad5099,38488d68,KG,500,2,140,08/09/2023,Cash,08/09/2023 09:56:05,
dcbdf44f,38488d84,KG,1500,1,60,08/09/2023,Cash,08/09/2023 09:57:21,
a87c614b,38488d47,KG,25,1,800,08/09/2023,Cash,08/09/2023 11:50:46,
8db8d4d5,1870042c,Liter,5,1,120,08/09/2023,Cash,08/09/2023 11:51:30,
51dcff42,070c1507,Piece,1,12,100,08/09/2023,Cash,08/09/2023 20:38:06,
87359002,38488d32,Liter,1,2,108,09/09/2023,Cash,09/09/2023 09:52:48,
5b38b291,38488d48,KG,500,2,68,09/09/2023,Cash,09/09/2023 09:53:15,
de289b0a,38488d63,KG,2,1,60,09/09/2023,Cash,09/09/2023 09:53:46,
4c2af8a0,38488d61,KG,0.2,1,60,09/09/2023,Cash,09/09/2023 21:20:24,
1cbcf2a8,38488d32,Liter,1,3,162,10/09/2023,Cash,10/09/2023 10:27:59,
b06c0c02,a92f80eb,KG,3,1,75,10/09/2023,Cash,10/09/2023 10:28:25,
be03d5a6,38488d37,KG,1,1,40,10/09/2023,Cash,10/09/2023 10:28:52,
54aa98ba,38488d35,KG,250,1,20,10/09/2023,Cash,10/09/2023 10:29:09,
8cd4bd16,38488d34,KG,250,1,20,10/09/2023,Cash,10/09/2023 10:29:52,
4af1f1a9,38488d50,KG,1800,1,70,10/09/2023,Cash,10/09/2023 10:30:19,
d5531209,0c53ef5a,KG,250,1,40,10/09/2023,Cash,10/09/2023 10:32:52,
8ae7a64a,a92f80eb,KG,58,1,730,10/09/2023,Cash,10/09/2023 11:40:08,
b41610a4,1266f89f,Piece,1,1,350,10/09/2023,Cash,10/09/2023 21:02:37,
704ef499,38488d32,Liter,2.5,3,136,10/09/2023,Cash,10/09/2023 21:03:28,
aea70af0,38488d32,Liter,1,2,108,11/09/2023,Cash,11/09/2023 09:27:31,
90bba3f7,38488d72,Liter,250,1,40,11/09/2023,Cash,11/09/2023 09:28:02,
660c1797,a31d5abb,KG,250,1,50,11/09/2023,Cash,11/09/2023 09:28:40,
80eed00d,38488d38,KG,600,1,45,11/09/2023,Cash,11/09/2023 09:29:16,
5c93d69c,38488d62,KG,1,8,360,11/09/2023,Cash,11/09/2023 16:49:28,
bc840742,38488d35,KG,250,1,20,11/09/2023,Cash,11/09/2023 16:51:36,
56d4a532,2c4d95ef,KG,250,1,40,11/09/2023,Cash,11/09/2023 16:55:11,
d79f835a,2f5f74e8,Piece,1,1,30,11/09/2023,Cash,11/09/2023 16:56:32,
32488576,ee72568a,Piece,1,1,60,11/09/2023,Cash,11/09/2023 16:57:35,
81aec03f,38488d57,KG,250,1,10,11/09/2023,Cash,11/09/2023 17:01:47,
4bf9ce9d,38488d63,KG,2,1,60,11/09/2023,Cash,11/09/2023 17:02:15,
dbf7064d,38488d68,KG,500,2,140,11/09/2023,Cash,11/09/2023 17:05:21,
c56f6bee,38488d61,Piece,1,2,20,11/09/2023,Cash,11/09/2023 17:10:58,
5507fc80,aadb68ed,Piece,1,2,20,11/09/2023,Cash,11/09/2023 17:16:02,
4dd11ef1,5d1b38c3,KG,500,1,85,11/09/2023,Cash,11/09/2023 18:36:02,
c1074cde,2c4d95ef,Piece,1,1,35,11/09/2023,Cash,11/09/2023 18:36:51,
16e975d0,090f0992,Liter,0.75,4,220,11/09/2023,Cash,11/09/2023 19:19:00,
39397333,38488d32,Liter,1,2,108,12/09/2023,Cash,12/09/2023 10:29:28,
a32a6e0f,1870042c,KG,3,1,75,12/09/2023,Cash,12/09/2023 10:29:50,
63d53614,38488d34,KG,250,1,20,12/09/2023,Cash,12/09/2023 10:30:46,
d12759a0,7cfdeddd,KG,500,1,50,12/09/2023,Cash,12/09/2023 10:31:43,
686021ce,0c53ef5a,KG,200,1,20,12/09/2023,Cash,12/09/2023 10:32:25,
21ba5979,38488d50,KG,2,1,80,12/09/2023,Cash,12/09/2023 10:33:48,
f99429a1,3f40d071,Piece,12,8,320,12/09/2023,Cash,12/09/2023 10:34:35,
8fefd547,ee4c7cc6,Piece,1,1,140,12/09/2023,Cash,12/09/2023 17:42:42,
041dd250,aadb68ed,KG,1,1,140,12/09/2023,Cash,12/09/2023 17:43:39,
65a951ae,38488d61,KG,1,1,300,12/09/2023,Cash,12/09/2023 17:45:33,
a09093b5,38488d32,Liter,1,2,108,12/09/2023,Cash,12/09/2023 17:47:30,
4d658419,3095f6ad,KG,2,1,88,12/09/2023,Cash,12/09/2023 17:47:51,
c79227d8,38488d69,KG,250,1,110,12/09/2023,Cash,12/09/2023 18:29:29,
2192d385,38488d77,Piece,1,1,90,12/09/2023,Cash,12/09/2023 20:20:39,
bb83b949,7110fbe1,Piece,1,2,300,12/09/2023,Cash,12/09/2023 20:21:32,
89b2f9ad,fb323e8d,Piece,1,4,320,12/09/2023,Cash,12/09/2023 20:26:09,
d2f2d2de,38488d63,KG,2,1,40,12/09/2023,Cash,12/09/2023 20:29:32,
232db4f0,38488d72,KG,500,1,30,12/09/2023,Cash,12/09/2023 20:30:34,
342ddb9a,38488d82,KG,500,1,30,12/09/2023,Cash,12/09/2023 20:31:18,
7a6ec73f,533238d5,KG,2,1,60,12/09/2023,Cash,12/09/2023 20:33:39,
590624a0,38488d84,KG,2,1,60,12/09/2023,Cash,12/09/2023 20:36:48,
2231df27,a31d5abb,KG,500,1,80,12/09/2023,Cash,12/09/2023 20:42:37,
6ac734cb,38488d32,KG,0.5,1,27,12/09/2023,Cash,12/09/2023 21:45:34,
f705a608,38488d66,KG,2800,1,120,12/09/2023,Cash,12/09/2023 21:58:21,
b5295571,38488d32,Liter,1,2,108,13/09/2023,Cash,13/09/2023 08:48:30,
f6de2bc7,38488d48,KG,1500,2,106,13/09/2023,Cash,13/09/2023 08:48:49,
30faf5b6,38488d59,KG,1,1,160,13/09/2023,Cash,13/09/2023 13:37:04,
a6a2114a,38488d60,KG,1,1,160,13/09/2023,Cash,13/09/2023 13:38:01,
10137cf5,38488d64,KG,500,1,45,13/09/2023,Cash,13/09/2023 13:38:40,
7c7521ee,38488d70,Piece,6,16,320,13/09/2023,Cash,13/09/2023 18:48:06,
b12e7711,38488d35,KG,250,1,20,13/09/2023,Cash,13/09/2023 18:49:30,
7c377d00,38488d71,KG,2,1,60,13/09/2023,Cash,13/09/2023 18:49:59,
26583171,38488d68,KG,500,1,60,13/09/2023,Cash,13/09/2023 18:51:35,
43c1bd3c,38488d84,KG,250,1,10,13/09/2023,Cash,13/09/2023 18:52:43,
2377d265,38488d37,KG,750,1,30,13/09/2023,Cash,13/09/2023 18:54:59,
1b0cf029,a208793d,Piece,1,1,10,13/09/2023,Cash,13/09/2023 19:38:22,
4bd4befc,0601c3cb,Piece,1,1,10,13/09/2023,Cash,13/09/2023 19:43:34,
e8fcadbb,8fe4d6eb,Piece,1,1,40,13/09/2023,Cash,13/09/2023 19:44:42,
ca30f3a9,38488d32,KG,0.5,1,27,13/09/2023,Cash,13/09/2023 20:24:12,
9e7e46b4,38488d32,Liter,1,3,162,14/09/2023,Cash,14/09/2023 08:47:59,
7f055df4,1870042c,KG,3,1,75,14/09/2023,Cash,14/09/2023 08:48:21,
dc19e6ab,38488d34,KG,0.3,1,30,14/09/2023,Cash,14/09/2023 08:49:19,
054a9501,7cfdeddd,KG,0.5,1,70,14/09/2023,Cash,14/09/2023 08:49:51,
71c803ba,0c53ef5a,KG,100,1,10,14/09/2023,Cash,14/09/2023 09:22:41,
85034563,cae57605,Piece,1,4,20,14/09/2023,Cash,14/09/2023 09:23:34,
15adcaa2,6eac27e1,Piece,1,2,120,14/09/2023,Cash,14/09/2023 16:11:21,
52e3b2a6,5040fe86,KG,2800,1,90,14/09/2023,Cash,14/09/2023 16:12:20,
911e2b62,c8847587,Piece,1,1,20,14/09/2023,Cash,14/09/2023 16:15:40,
75a3aa5d,1870042c,KG,5,1,100,14/09/2023,Cash,14/09/2023 18:26:45,
68ec60c8,38488d36,KG,0.25,1,30,14/09/2023,Cash,14/09/2023 18:27:10,
67acf17f,38488d51,KG,0.5,1,160,14/09/2023,Cash,14/09/2023 18:27:42,
4bd93b60,38488d38,KG,0.6,1,45,14/09/2023,Cash,14/09/2023 18:28:09,
7d56fb27,38488d55,Piece,1,1,10,14/09/2023,Cash,14/09/2023 18:29:26,
3f0c35bf,38488d32,Liter,1,2,108,15/09/2023,Cash,15/09/2023 10:21:47,
2bf7743a,38488d47,KG,2500,1,100,15/09/2023,Cash,15/09/2023 10:22:13,
9f332e78,38488d48,KG,1,2,144,15/09/2023,Cash,15/09/2023 10:22:45,
c31de088,0a777579,Piece,1,4,40,15/09/2023,Cash,15/09/2023 10:23:11,
0d842ba7,1d9fc2aa,Piece,1,4,40,15/09/2023,Cash,15/09/2023 10:24:22,
82f5c08d,38488d47,KG,25,1,750,15/09/2023,Cash,15/09/2023 14:07:01,
18560332,38488d32,KG,500,2,54,15/09/2023,Cash,15/09/2023 18:38:07,
21a9fe87,38488d36,KG,250,1,50,15/09/2023,Cash,15/09/2023 18:38:32,
37c81050,38488d72,KG,580,1,50,15/09/2023,Cash,15/09/2023 18:39:04,
5aa9af26,38488d33,KG,2500,1,150,15/09/2023,Cash,15/09/2023 18:39:39,
7b7bd0c4,38488d32,KG,500,5,135,16/09/2023,Cash,16/09/2023 09:21:59,
57f3fcb0,38488d34,KG,1,1,70,16/09/2023,Cash,16/09/2023 09:22:47,
d5d392d3,7cfdeddd,KG,500,1,60,16/09/2023,Cash,16/09/2023 09:23:07,
69c3e279,38488d38,KG,600,1,45,16/09/2023,Cash,16/09/2023 09:23:40,
31f25dd1,38488d48,KG,5,1,310,16/09/2023,Cash,16/09/2023 11:19:14,
8f6b1532,38488d43,KG,1,1,50,16/09/2023,Cash,16/09/2023 11:19:35,
96fb9ca1,c39b54f2,KG,0.5,1,60,16/09/2023,Cash,16/09/2023 18:37:22,
c4a49062,38488d32,Liter,1,3,162,17/09/2023,Cash,17/09/2023 18:49:28,
d9817ef7,2bdbfdb8,Piece,1,1,45,17/09/2023,Cash,17/09/2023 18:49:47,
0788d979,2bdbfdb6,KG,1100,1,110,17/09/2023,Cash,17/09/2023 18:50:47,
16ad7abc,38488d78,KG,500,1,35,17/09/2023,Cash,17/09/2023 18:51:14,
31071ea1,38488d32,Liter,1,3,162,17/09/2023,Cash,17/09/2023 20:22:03,
18bfd65c,38488d77,Piece,1,1,220,17/09/2023,Cash,17/09/2023 22:17:10,
afb470c7,44dd850e,KG,0.2,1,100,17/09/2023,Cash,17/09/2023 23:16:16,
5c60a6d8,38488d32,Liter,1,3,162,18/09/2023,Cash,18/09/2023 18:52:25,
8b25424c,38488d36,KG,250,1,40,18/09/2023,Cash,18/09/2023 18:52:46,
f8cef1f8,1870042c,KG,2500,1,75,18/09/2023,Cash,18/09/2023 18:53:11,
3a46e9bc,38488d38,KG,0.6,1,45,18/09/2023,Cash,18/09/2023 19:39:10,
a17cd900,38488d72,KG,0.5,1,60,18/09/2023,Cash,18/09/2023 19:40:59,
45e08cd5,35cf7f7d,Piece,1,1,250,18/09/2023,Cash,18/09/2023 19:41:27,
43de9545,38488d32,Liter,1,3,162,19/09/2023,Cash,19/09/2023 09:52:22,
2793d187,38488d38,Piece,1,4,100,19/09/2023,Cash,19/09/2023 09:52:48,
23a19b9a,38488d84,KG,1500,1,75,19/09/2023,Cash,19/09/2023 09:53:39,
55260548,1870042c,KG,2,1,60,19/09/2023,Cash,19/09/2023 10:05:01,
bc3e8a0c,38488d75,Piece,1,1,40,19/09/2023,Cash,19/09/2023 13:20:17,
0a1909b9,38488d32,Liter,1,2,108,19/09/2023,Cash,19/09/2023 17:32:08,
47ce6470,38488d51,KG,1.5,1,390,19/09/2023,Cash,19/09/2023 17:32:23,
d794a968,38488d68,KG,5,1,350,19/09/2023,Cash,19/09/2023 17:33:18,
ebd74442,38488d66,KG,3,3,150,19/09/2023,Cash,19/09/2023 20:10:13,
965443db,7211596c,Piece,12,1,100,19/09/2023,Cash,19/09/2023 20:11:56,
3e3b6bdb,524a0b85,Piece,12,2,150,19/09/2023,Cash,19/09/2023 20:14:02,
bcd992a6,38488d77,Piece,1,1,150,19/09/2023,Cash,19/09/2023 20:35:12,
b5210d34,fb323e8d,Piece,1,4,320,19/09/2023,Cash,19/09/2023 20:40:45,
ed5f96d7,38488d71,KG,4,1,60,19/09/2023,Cash,19/09/2023 20:44:10,
b6fb018b,38488d33,KG,2.5,1,100,19/09/2023,Cash,19/09/2023 20:44:42,
39583b38,5040fe86,KG,3,1,60,19/09/2023,Cash,19/09/2023 20:45:59,
b458d0cc,38488d84,KG,2,1,60,19/09/2023,Cash,19/09/2023 20:48:09,
481275fc,7cfdeddd,KG,1,1,120,19/09/2023,Cash,19/09/2023 20:48:31,
8de78335,38488d36,KG,1,1,120,19/09/2023,Cash,19/09/2023 21:21:50,
2db500bd,38488d82,KG,1,1,70,19/09/2023,Cash,19/09/2023 21:22:16,
36c218fc,1870042c,KG,5,1,120,19/09/2023,Cash,19/09/2023 21:34:30,
d577125b,a31d5abb,KG,0.5,1,80,19/09/2023,Cash,19/09/2023 21:57:41,
56a48700,38488d32,Liter,1,2,108,20/09/2023,Cash,20/09/2023 10:46:13,
27d73fe4,38488d35,KG,0.5,1,20,20/09/2023,Cash,20/09/2023 18:46:12,
008c47de,38488d34,KG,0.25,1,30,20/09/2023,Cash,20/09/2023 18:49:19,
7f938ff5,38488d37,KG,1.25,1,50,20/09/2023,Cash,20/09/2023 18:49:53,
c593a875,c8847587,Piece,1,1,100,20/09/2023,Cash,20/09/2023 18:50:24,
1e85dc81,0c53ef5a,KG,0.1,1,10,20/09/2023,Cash,20/09/2023 19:32:43,
c8662ef6,89e823ea,KG,0.5,2,170,20/09/2023,Cash,20/09/2023 19:33:39,
2e270eea,8ef238fe,KG,1,2,720,20/09/2023,Cash,20/09/2023 19:42:40,
8e5f2885,38488d32,Liter,1,2,108,21/09/2023,Cash,21/09/2023 10:36:21,
29607fde,38488d50,KG,1.5,1,60,21/09/2023,Cash,21/09/2023 10:36:36,
7dc072c7,38488d34,KG,0.25,1,25,21/09/2023,Cash,21/09/2023 10:37:59,
8e6898cb,38488d35,KG,0.3,1,20,21/09/2023,Cash,21/09/2023 10:38:42,
72eafbc9,38488d57,KG,0.25,1,10,21/09/2023,Cash,21/09/2023 10:39:03,
31b5f54a,38488d63,KG,2,1,70,21/09/2023,Cash,21/09/2023 10:39:35,
97bb5a7f,fb9ea07d,KG,0.4,1,40,21/09/2023,Cash,21/09/2023 10:40:03,
37c46c9d,38488d48,KG,5,1,300,21/09/2023,Cash,21/09/2023 11:00:07,
eefd6d5a,38488d68,KG,0.5,1,140,21/09/2023,Cash,21/09/2023 11:01:14,
45492ebf,5040fe86,KG,2,1,50,21/09/2023,Cash,21/09/2023 17:12:22,
ce9d67e2,38488d62,KG,1,8,360,21/09/2023,Cash,21/09/2023 17:14:17,
22f7aa79,2c4d95ef,KG,1,1,120,21/09/2023,Cash,21/09/2023 17:16:54,
a3d66798,2f5f74e8,Piece,1,1,30,21/09/2023,Cash,21/09/2023 17:17:29,
4755265a,ee72568a,Piece,1,1,45,21/09/2023,Cash,21/09/2023 17:24:07,
3285cac2,38488d32,Liter,1,2,108,22/09/2023,Cash,22/09/2023 09:20:02,
40e7b1cd,38488d38,KG,600,1,45,22/09/2023,Cash,22/09/2023 09:20:22,
f7d4b12b,38488d57,KG,4,1,120,22/09/2023,Cash,22/09/2023 09:20:49,
e4c32b6d,38488d43,KG,1,1,50,22/09/2023,Cash,22/09/2023 17:47:39,
d9651a60,1870042c,KG,5,1,100,22/09/2023,Cash,22/09/2023 17:48:22,
4d5295b2,7836518d,Piece,1,2,90,22/09/2023,Cash,22/09/2023 17:48:41,
2b7fc4be,52cdaa61,KG,50,1,1380,22/09/2023,Cash,22/09/2023 17:50:43,
ab1280ee,ee4c7cc6,Piece,1,1,140,22/09/2023,Cash,22/09/2023 20:47:37,
b817e251,38488d32,KG,0.5,2,54,22/09/2023,Cash,22/09/2023 22:07:21,
94d235a8,38488d32,Liter,1,2,108,23/09/2023,Cash,23/09/2023 14:31:27,
235b4ed6,38488d63,KG,2,1,60,23/09/2023,Cash,23/09/2023 14:31:44,
49a22c59,38488d72,KG,250,1,50,23/09/2023,Cash,23/09/2023 14:32:19,
bf82e3b2,1870042c,KG,5,1,100,23/09/2023,Cash,23/09/2023 18:08:07,
0a3f4b46,38488d47,KG,25,1,750,23/09/2023,Cash,23/09/2023 18:08:53,
503f07ac,5ad61e4e,KG,2,1,100,23/09/2023,Cash,23/09/2023 21:10:18,
5dae0852,38488d32,KG,500,1,27,23/09/2023,Cash,23/09/2023 21:19:00,
5c2a23ad,ce05a0dc,Piece,1,2,20,23/09/2023,Cash,23/09/2023 21:19:45,
edeea875,38488d32,Liter,1,3,162,24/09/2023,Cash,24/09/2023 09:19:05,
468e80ea,b011f24c,KG,1500,1,150,24/09/2023,Cash,24/09/2023 09:19:45,
3290f490,e9fd60e0,Piece,12,1,60,24/09/2023,Cash,24/09/2023 09:21:19,
614d737a,2bdbfdb6,KG,1250,1,125,24/09/2023,Cash,24/09/2023 14:03:07,
c4c1cea3,2bdbfdb8,Piece,1,1,45,24/09/2023,Cash,24/09/2023 14:03:49,
4e4d127d,1d9fc2aa,Piece,1,2,20,24/09/2023,Cash,24/09/2023 14:12:24,
d7a7eed0,38488d32,KG,2500,2,135,24/09/2023,Cash,24/09/2023 19:57:23,
057a9bf7,38488d32,Liter,1,3,162,25/09/2023,Cash,25/09/2023 10:04:29,
bcef986a,38488d34,KG,1,1,80,25/09/2023,Cash,25/09/2023 10:04:50,
32f19f85,38488d38,KG,0.4,2,50,25/09/2023,Cash,25/09/2023 10:05:47,
3859c66d,38488d72,KG,0.25,1,50,25/09/2023,Cash,25/09/2023 10:06:16,
0e81044f,38488d78,KG,1,1,65,25/09/2023,Cash,25/09/2023 12:01:15,
426291c2,7836518d,Piece,1,2,190,25/09/2023,Cash,25/09/2023 19:22:59,
9ae71807,38488d71,KG,2.5,1,65,25/09/2023,Cash,25/09/2023 20:03:41,
7b824a88,38488d35,KG,0.25,1,20,25/09/2023,Cash,25/09/2023 20:04:35,
e009d49d,38488d37,KG,0.5,1,20,25/09/2023,Cash,25/09/2023 20:06:41,
aff1b3c8,7cfdeddd,KG,0.5,1,70,25/09/2023,Cash,25/09/2023 20:08:01,
64074cb9,38488d74,KG,4,1,100,25/09/2023,Cash,25/09/2023 20:09:32,
1942fade,5040fe86,KG,4,1,100,25/09/2023,Cash,25/09/2023 20:09:57,
ed3699bc,608e4a15,Piece,1,2,90,25/09/2023,Cash,25/09/2023 20:18:35,
80344615,38488d84,KG,0.25,1,20,25/09/2023,Cash,25/09/2023 20:20:52,
bb813a75,38488d70,Piece,12,8,280,25/09/2023,Cash,25/09/2023 20:43:21,
56eac570,38488d32,Liter,1,3,162,26/09/2023,Cash,26/09/2023 12:05:08,
79e4eac9,38488d34,KG,0.25,1,25,26/09/2023,Cash,26/09/2023 12:06:03,
081b1d49,0c53ef5a,KG,0.25,1,30,26/09/2023,Cash,26/09/2023 13:57:12,
91010016,38488d33,KG,1.5,1,100,26/09/2023,Cash,26/09/2023 13:57:47,
68401ce2,cae57605,Piece,1,4,20,26/09/2023,Cash,26/09/2023 13:58:45,
04c3fbe3,38488d48,KG,5,1,300,26/09/2023,Cash,26/09/2023 13:59:55,
5873fff8,1870042c,KG,5,1,100,26/09/2023,Cash,26/09/2023 20:35:57,
7c9cf292,38488d63,KG,2,1,60,26/09/2023,Cash,26/09/2023 20:36:16,
0936874c,38488d71,KG,3,1,50,26/09/2023,Cash,26/09/2023 20:37:21,
f192eb63,2174fb78,KG,1.5,1,60,26/09/2023,Cash,26/09/2023 20:38:26,
d9852efa,38488d72,KG,0.75,2,100,26/09/2023,Cash,26/09/2023 20:40:48,
289c60d0,38488d32,KG,0.5,1,27,26/09/2023,Cash,26/09/2023 20:42:02,
05f5da93,38488d84,KG,1.5,1,60,26/09/2023,Cash,26/09/2023 20:43:38,
421ffad9,7cfdeddd,KG,1,1,120,26/09/2023,Cash,26/09/2023 20:46:46,
524a05fa,38488d36,KG,1,1,140,26/09/2023,Cash,26/09/2023 21:22:11,
c2a40a7a,52cdaa61,KG,0.5,1,30,26/09/2023,Cash,26/09/2023 21:23:32,
84beeccd,38488d77,Piece,1,1,150,26/09/2023,Cash,26/09/2023 21:25:17,
acf184f9,38488d82,KG,1,1,70,26/09/2023,Cash,26/09/2023 21:29:24,
00915deb,5040fe86,KG,5,1,100,26/09/2023,Cash,26/09/2023 21:31:02,
df7fcd38,a31d5abb,KG,1,1,160,26/09/2023,Cash,26/09/2023 21:31:31,
bd4c6ded,38488d32,KG,500,4,108,27/09/2023,Cash,27/09/2023 17:59:52,
324fb282,5040fe86,KG,3,1,75,27/09/2023,Cash,27/09/2023 18:01:13,
0142e1b2,070c1507,Piece,1,4,50,27/09/2023,Cash,27/09/2023 18:36:28,
820596b5,38488d32,KG,0.5,3,81,27/09/2023,Cash,27/09/2023 20:57:04,
6c78f167,a208793d,Piece,1,1,50,27/09/2023,Cash,27/09/2023 21:43:11,
79577a5b,ed69c25d,Piece,1,2,60,27/09/2023,Cash,27/09/2023 21:47:08,
81f2f159,38488d32,Liter,1,3,162,28/09/2023,Cash,28/09/2023 09:01:20,
a62c5730,38488d34,KG,1,1,80,28/09/2023,Cash,28/09/2023 09:01:41,
201a86aa,38488d38,KG,0.4,2,50,28/09/2023,Cash,28/09/2023 09:02:25,
fa735b14,1870042c,KG,10,1,200,28/09/2023,Cash,28/09/2023 14:24:35,
35be550e,38488d48,KG,5,1,300,28/09/2023,Cash,28/09/2023 14:25:48,
a6f3cf67,38488d51,KG,1.5,1,390,28/09/2023,Cash,28/09/2023 14:26:40,
3b21e5c1,38488d33,KG,2.5,1,150,28/09/2023,Cash,28/09/2023 14:27:24,
4bcfebdd,38488d46,Liter,2,1,95,28/09/2023,Cash,28/09/2023 16:55:21,
805ed30f,38488d79,Piece,1,15,150,28/09/2023,Cash,28/09/2023 18:28:19,
ed1db183,38488d59,KG,0.5,1,80,28/09/2023,Cash,28/09/2023 18:29:23,
d000b7a6,53b27eaf,KG,0.25,1,150,28/09/2023,Cash,28/09/2023 18:30:40,
5eaa31c4,316fcd40,KG,2,1,120,28/09/2023,Cash,28/09/2023 18:33:10,
9c368ac6,38488d55,Piece,1,2,20,28/09/2023,Cash,28/09/2023 21:19:30,
f154a0ac,ce05a0dc,Piece,1,2,20,28/09/2023,Cash,28/09/2023 21:25:22,
b83b53ed,38488d32,Liter,1,2,108,29/09/2023,Cash,29/09/2023 13:10:15,
97b6d887,38488d35,KG,0.5,1,20,29/09/2023,Cash,29/09/2023 18:09:15,
e6a9732c,38488d57,KG,0.25,1,10,29/09/2023,Cash,29/09/2023 18:10:23,
2917ca31,38488d62,KG,1,7,315,29/09/2023,Cash,29/09/2023 19:57:35,
27ad2cb8,2f5f74e8,Piece,1,1,30,29/09/2023,Cash,29/09/2023 19:59:00,
bdce2d9b,8b22178e,KG,1,1,120,29/09/2023,Cash,29/09/2023 20:01:48,
5690d98a,2c4d95ef,KG,250,1,40,29/09/2023,Cash,29/09/2023 21:24:59,
1d60a0f0,ee72568a,Piece,1,1,50,29/09/2023,Cash,29/09/2023 21:25:45,
375ccd35,38488d32,KG,500,1,27,29/09/2023,Cash,29/09/2023 21:33:20,
57529790,38488d32,Liter,1,2,108,30/09/2023,Cash,30/09/2023 16:30:52,
e2fdd166,e9fd60e0,Piece,12,1,60,30/09/2023,Cash,30/09/2023 16:31:18,
db09b1e3,5040fe86,KG,2,1,100,30/09/2023,Cash,30/09/2023 16:32:33,
f81d14f6,9efdfdb6,KG,35,1,1600,30/09/2023,Cash,30/09/2023 18:28:44,
0815caa5,a92f80eb,KG,5,1,100,30/09/2023,Cash,30/09/2023 18:31:13,
673f0747,35cf7f7d,Piece,1,1,250,30/09/2023,Cash,30/09/2023 19:12:05,
013ec9c9,52cdaa61,KG,50,1,1380,30/09/2023,Cash,30/09/2023 19:14:39,
2ef60cd7,4139943f,Liter,1,1,3590,30/09/2023,Cash,30/09/2023 19:18:00,
7d53a7ee,38488d79,Piece,1,5,75,30/09/2023,Cash,30/09/2023 21:59:09,
e83310d4,38488d32,Liter,1,3,162,01/10/2023,Cash,01/10/2023 12:51:07,
9afb51e5,2bdbfdb6,KG,1250,1,125,01/10/2023,Cash,01/10/2023 12:51:36,
b7f732ab,2bdbfdb8,Piece,1,1,50,01/10/2023,Cash,01/10/2023 12:53:08,
804f87ef,1d9fc2aa,Piece,1,2,20,01/10/2023,Cash,01/10/2023 12:53:44,
3c2a7d04,a92f80eb,KG,50,1,600,01/10/2023,Cash,01/10/2023 17:38:37,
15839b44,38488d47,KG,25,1,750,01/10/2023,Cash,01/10/2023 17:39:12,
538adc6e,1870042c,KG,5,1,100,01/10/2023,Cash,01/10/2023 17:45:46,
430d7246,42f6d331,Piece,1,1,80,01/10/2023,Cash,01/10/2023 21:58:12,
f461b66b,38488d78,KG,0.5,1,35,01/10/2023,Cash,01/10/2023 21:59:22,
ac245ef2,6eac27e1,Piece,1,2,120,01/10/2023,Cash,01/10/2023 22:01:44,
2a4675b0,38488d32,Liter,1,3,162,01/10/2023,Cash,01/10/2023 22:03:55,
6106ccdd,3095f6ad,KG,2,1,88,01/10/2023,Cash,01/10/2023 22:10:37,
503064c2,38488d32,Liter,1,3,162,02/10/2023,Cash,02/10/2023 17:21:26,
33b60eb5,38488d48,KG,5,1,300,02/10/2023,Cash,02/10/2023 17:22:01,
4e9e3e42,38488d38,KG,600,3,135,02/10/2023,Cash,02/10/2023 17:22:40,
5fdc9116,1d9fc2aa,Piece,1,2,20,02/10/2023,Cash,02/10/2023 17:24:52,
44824b9f,0a777579,Piece,1,2,20,02/10/2023,Cash,02/10/2023 17:25:40,
3d25ce13,38488d75,Piece,1,4,40,02/10/2023,Cash,02/10/2023 17:26:57,
036215be,38488d72,KG,250,1,60,02/10/2023,Cash,02/10/2023 17:32:13,
d1796e24,070c1507,Piece,1,3,38,02/10/2023,Cash,02/10/2023 20:01:17,
369a337c,38488d68,KG,500,2,140,02/10/2023,Cash,02/10/2023 20:07:25,
f102d0ce,1d9fc2aa,Piece,1,2,20,02/10/2023,Cash,02/10/2023 21:55:40,
6cce10f1,0a777579,Piece,1,2,20,02/10/2023,Cash,02/10/2023 22:04:22,
19b859b2,38488d32,Liter,1,2,108,03/10/2023,Cash,03/10/2023 09:56:31,
9503645b,38488d51,KG,1,1,320,03/10/2023,Cash,03/10/2023 09:57:06,
32231890,38488d50,KG,1500,1,60,03/10/2023,Cash,03/10/2023 09:58:46,
e9a27ba5,38488d72,KG,250,1,60,03/10/2023,Cash,03/10/2023 09:59:37,
bd0c8b7c,38488d38,KG,600,1,45,03/10/2023,Cash,03/10/2023 10:00:25,
799ce160,ed041292,Piece,1,1,80,03/10/2023,Cash,03/10/2023 16:07:13,
1f957590,ee4c7cc6,Piece,1,1,140,03/10/2023,Cash,03/10/2023 16:09:34,
adfd493d,38488d75,KG,0.4,6,420,03/10/2023,Cash,03/10/2023 16:16:21,
867c0e67,9e6ad656,KG,0.2,2,120,03/10/2023,Cash,03/10/2023 16:24:10,
b0c7911d,38488d69,KG,0.25,1,110,03/10/2023,Cash,03/10/2023 22:20:20,
14771271,38488d32,KG,0.5,6,162,03/10/2023,Cash,03/10/2023 22:25:43,
41998a12,38488d36,KG,1,1,150,03/10/2023,Cash,03/10/2023 22:26:54,
793d0e43,38488d72,KG,0.5,1,100,03/10/2023,Cash,03/10/2023 22:30:41,
d176b49f,38488d71,KG,4,1,60,03/10/2023,Cash,03/10/2023 22:32:13,
a8f65ffb,5040fe86,KG,5,1,175,03/10/2023,Cash,03/10/2023 22:32:47,
4eb0f750,a31d5abb,KG,0.5,1,100,03/10/2023,Cash,03/10/2023 22:33:49,
d33166a1,38488d82,KG,1,1,80,03/10/2023,Cash,03/10/2023 22:34:47,
39bcbe55,7cfdeddd,KG,1.5,1,150,03/10/2023,Cash,03/10/2023 22:36:29,
3a35739b,1905cc15,KG,1.5,1,110,03/10/2023,Cash,03/10/2023 22:57:02,
188f2492,38488d32,Liter,1,3,162,04/10/2023,Cash,04/10/2023 18:46:38,
6cd5cec5,1870042c,KG,1,1,30,04/10/2023,Cash,04/10/2023 18:46:58,
a1a3d1fb,f4eeda21,Piece,1,2,40,04/10/2023,Cash,04/10/2023 18:49:57,
aed30838,bb32e90a,Piece,1,4,20,04/10/2023,Cash,04/10/2023 18:52:16,
87c6a760,38488d72,KG,0.5,1,100,04/10/2023,Cash,04/10/2023 18:53:52,
4499224d,1870042c,KG,10,2,240,04/10/2023,Cash,04/10/2023 18:54:31,
e2bfd7f8,38488d48,KG,1,2,144,04/10/2023,Cash,04/10/2023 21:06:20,
3ef62fdf,38488d32,Liter,1,3,162,05/10/2023,Cash,05/10/2023 10:58:42,
e29654d3,3f40d071,Piece,12,10,400,05/10/2023,Cash,05/10/2023 19:18:09,
907b33d9,5040fe86,KG,2,1,60,05/10/2023,Cash,05/10/2023 19:23:21,
8dd42751,a92f80eb,KG,5,1,100,05/10/2023,Cash,05/10/2023 19:24:04,
df71ea83,38488d43,KG,1,1,50,05/10/2023,Cash,05/10/2023 19:24:36,
2a013053,3095f6ad,KG,2,1,90,05/10/2023,Cash,05/10/2023 19:24:59,
ab57f161,38488d66,KG,3,1,210,05/10/2023,Cash,05/10/2023 19:33:28,
a996ef9a,bb32e90a,Piece,1,1,50,05/10/2023,Cash,05/10/2023 21:15:50,
317ab685,38488d84,KG,1.5,1,80,05/10/2023,Cash,05/10/2023 21:18:33,
d05596cc,e9fd60e0,Piece,12,1,60,05/10/2023,Cash,05/10/2023 21:19:35,
ee808a54,38488d59,KG,1,1,160,05/10/2023,Cash,05/10/2023 21:20:57,
b6a52980,38488d60,KG,1,1,160,05/10/2023,Cash,05/10/2023 21:22:03,
e877de05,38488d64,KG,0.5,1,50,05/10/2023,Cash,05/10/2023 21:22:23,
7c3c84b6,316fcd40,KG,3,1,180,05/10/2023,Cash,05/10/2023 21:27:49,
789db7c4,38488d32,KG,0.5,1,27,05/10/2023,Cash,05/10/2023 21:35:23,
b80519aa,38488d32,Liter,1,3,162,06/10/2023,Cash,06/10/2023 18:44:02,
edae951e,38488d38,KG,600,2,90,06/10/2023,Cash,06/10/2023 20:22:22,
286706ce,38488d51,KG,0.25,1,80,06/10/2023,Cash,06/10/2023 20:24:07,
6fdbdf7d,38488d48,KG,1,1,72,06/10/2023,Cash,06/10/2023 20:34:21,
42cf8a39,8fe4d6eb,Piece,1,1,50,06/10/2023,Cash,06/10/2023 20:35:45,
c8066025,38488d32,KG,0.5,1,27,06/10/2023,Cash,06/10/2023 21:29:10,
97374ccb,1870042c,KG,5,1,120,06/10/2023,Cash,06/10/2023 21:50:20,
3e7e3d8f,38488d32,Liter,1,3,162,07/10/2023,Cash,07/10/2023 17:01:01,
3bcf65f1,38488d38,KG,600,1,45,07/10/2023,Cash,07/10/2023 17:01:18,
f3828b10,38488d48,KG,1,2,144,07/10/2023,Cash,07/10/2023 17:01:38,
f05c3152,38488d78,KG,500,1,35,07/10/2023,Cash,07/10/2023 19:45:33,
468dcd44,070c1507,Piece,1,2,60,07/10/2023,Cash,07/10/2023 19:45:56,
87c17df6,791d3bd3,KG,0.25,1,200,07/10/2023,Cash,07/10/2023 20:33:04,
11f54f55,0390b81d,Piece,1,5,250,07/10/2023,Cash,07/10/2023 20:48:43,
7ccde883,38488d32,KG,0.5,1,27,07/10/2023,Cash,07/10/2023 21:01:24,
865f3f68,38488d32,Liter,1,3,162,08/10/2023,Cash,08/10/2023 22:09:22,
b1c52b01,3095f6ad,KG,2,1,90,08/10/2023,Cash,08/10/2023 22:09:41,
20ad312d,1870042c,KG,10,2,240,08/10/2023,Cash,08/10/2023 22:10:05,
b6df6df3,38488d42,Piece,1,2,99,08/10/2023,Cash,08/10/2023 22:10:41,
61dc6102,2bdbfdb6,KG,1.25,1,125,08/10/2023,Cash,08/10/2023 22:11:05,
91b6a949,2bdbfdb8,Piece,1,1,45,08/10/2023,Cash,08/10/2023 22:11:43,
eb48b23c,38488d79,Piece,1,5,50,07/10/2023,Cash,08/10/2023 22:14:04,
e4c1a047,38488d32,Piece,1,3,162,08/10/2023,Cash,08/10/2023 22:15:49,
2bd5bfd4,38488d32,Liter,1,3,162,09/10/2023,Cash,09/10/2023 17:02:11,
c15e74dd,38488d47,KG,2.5,1,100,09/10/2023,Cash,09/10/2023 17:02:40,
d5c0ce9f,38488d63,KG,2.5,1,100,09/10/2023,Cash,09/10/2023 17:06:00,
1edc349f,38488d48,KG,1,2,144,09/10/2023,Cash,09/10/2023 17:10:55,
ff08e51f,38488d47,KG,15,1,480,09/10/2023,Cash,09/10/2023 18:28:43,
b4b2e43c,1870042c,KG,5,1,80,09/10/2023,Cash,09/10/2023 18:30:01,
61d821ba,15ed5402,KG,1,1,100,09/10/2023,Cash,09/10/2023 19:48:31,
9361fa52,38488d32,KG,500,1,27,09/10/2023,Cash,09/10/2023 23:13:27,
98654805,38488d32,Liter,1,3,162,10/10/2023,Cash,10/10/2023 18:19:11,
c9d3edfd,38488d36,KG,0.25,1,40,10/10/2023,Cash,10/10/2023 18:20:29,
3f8c4a27,38488d34,KG,1,1,100,10/10/2023,Cash,10/10/2023 18:20:55,
0fd8e5a6,38488d38,KG,0.6,2,90,10/10/2023,Cash,10/10/2023 18:23:29,
ab6d40f0,38488d48,KG,1,2,144,10/10/2023,Cash,10/10/2023 18:23:59,
d87f04d1,38488d69,KG,0.25,1,110,10/10/2023,Cash,10/10/2023 19:46:06,
a4ed22be,3ed563fc,Piece,1,10,300,10/10/2023,Cash,10/10/2023 21:31:47,
4c689fa8,38488d78,KG,1,2,100,10/10/2023,Cash,10/10/2023 21:33:00,
27136024,bf503910,Piece,1,1,40,10/10/2023,Cash,10/10/2023 21:33:33,
cf4b652e,38488d57,KG,4,1,160,10/10/2023,Cash,10/10/2023 21:34:03,
e99aa79a,a7a99b92,Piece,1,1,70,10/10/2023,Cash,10/10/2023 21:34:36,
0801b90a,15880a38,Piece,1,1,70,10/10/2023,Cash,10/10/2023 21:38:50,
a1198118,c8847587,KG,10,1,1300,10/10/2023,Cash,10/10/2023 21:39:21,
70095bfe,38488d32,Liter,1,4,216,10/10/2023,Cash,10/10/2023 21:42:38,
15631930,38488d36,KG,1500,1,180,10/10/2023,Cash,10/10/2023 21:44:16,
2553f2a1,38488d72,KG,750,1,90,10/10/2023,Cash,10/10/2023 21:44:56,
6c505636,38488d82,KG,1,1,70,10/10/2023,Cash,10/10/2023 21:45:31,
e09c0d0d,7cfdeddd,KG,1,1,60,10/10/2023,Cash,10/10/2023 21:46:04,
46186ef2,a31d5abb,KG,1,1,150,10/10/2023,Cash,10/10/2023 21:48:23,
0548ebff,5040fe86,KG,5,1,140,10/10/2023,Cash,10/10/2023 21:48:42,
bc1ae573,5040fe86,KG,5,1,100,10/10/2023,Cash,10/10/2023 22:48:15,
55a029c5,38488d32,Liter,1,3,162,11/10/2023,Cash,11/10/2023 10:02:15,
c47b429e,38488d38,KG,0.6,1,45,11/10/2023,Cash,11/10/2023 10:02:39,
ef2e9432,38488d48,KG,1,2,144,11/10/2023,Cash,11/10/2023 10:16:02,
e1cd5f4b,ee4c7cc6,Piece,1,1,140,11/10/2023,Cash,11/10/2023 20:44:59,
e68b8d61,38488d32,KG,500,1,27,11/10/2023,Cash,11/10/2023 21:45:25,
3bbe975b,38488d32,Liter,1,3,162,12/10/2023,Cash,12/10/2023 19:13:53,
e309a2b7,38488d48,KG,1,2,144,12/10/2023,Cash,12/10/2023 19:15:18,
dc467f0c,38488d68,KG,1,1,150,12/10/2023,Cash,12/10/2023 19:17:53,
4ad5fc79,38488d48,KG,1,1,72,12/10/2023,Cash,12/10/2023 19:21:08,
ba6c5378,1d9fc2aa,Piece,1,4,40,12/10/2023,Cash,12/10/2023 19:21:29,
00fa3f38,0a777579,Piece,1,4,40,12/10/2023,Cash,12/10/2023 19:22:31,
35df5c5d,38488d59,KG,1,1,160,12/10/2023,Cash,12/10/2023 19:23:13,
eb291201,38488d60,KG,1,1,160,12/10/2023,Cash,12/10/2023 19:24:00,
d4239cdf,38488d68,KG,1,1,120,12/10/2023,Cash,12/10/2023 19:24:21,
6713cd52,1870042c,KG,5,1,100,12/10/2023,Cash,12/10/2023 21:53:59,
202bf192,38488d84,KG,2,1,80,12/10/2023,Cash,12/10/2023 21:54:23,
a5e03760,38488d32,Liter,1,3,162,13/10/2023,Cash,13/10/2023 17:33:51,
038a3ec3,38488d38,KG,600,1,45,13/10/2023,Cash,13/10/2023 17:34:08,
886bb299,38488d48,KG,1,2,144,13/10/2023,Cash,13/10/2023 17:34:35,
cf924159,3a2e4d70,Piece,1,1,100,13/10/2023,Cash,13/10/2023 17:38:12,
5bf328e3,38488d57,KG,0.25,1,15,13/10/2023,Cash,13/10/2023 17:41:06,
c2228980,38488d35,KG,500,1,20,13/10/2023,Cash,13/10/2023 17:41:53,
e1a261fe,38488d63,KG,1.5,1,40,13/10/2023,Cash,13/10/2023 17:42:13,
54389e6c,608e4a15,Piece,1,1,250,13/10/2023,Cash,13/10/2023 17:42:41,
32527066,38488d68,Liter,1,2,100,13/10/2023,Cash,13/10/2023 17:43:34,
80d6ecfc,15880a38,Piece,1,1,70,13/10/2023,Cash,13/10/2023 21:12:16,
713d1411,ae904201,Piece,12,3,30,13/10/2023,Cash,13/10/2023 21:15:17,
cd2a2296,3d0bc830,Piece,1,1,25,13/10/2023,Cash,13/10/2023 21:17:29,
70ab5c6f,c8847587,Piece,1,1,170,13/10/2023,Cash,13/10/2023 21:18:05,
188ccce5,38488d62,KG,1,7,315,13/10/2023,Cash,13/10/2023 21:20:10,
f1b837b1,38488d68,Piece,1,2,100,13/10/2023,Cash,13/10/2023 21:39:58,
898a67b9,2c4d95ef,KG,0.5,1,70,13/10/2023,Cash,13/10/2023 21:40:58,
fe4aa7a5,2f5f74e8,Piece,1,1,30,13/10/2023,Cash,13/10/2023 21:42:11,
0841215e,ee72568a,Piece,1,1,50,13/10/2023,Cash,13/10/2023 21:42:46,
0d3dc17e,fb9ea07d,KG,0.25,1,40,13/10/2023,Cash,13/10/2023 21:44:26,
c166b549,38488d32,KG,0.5,1,27,13/10/2023,Cash,13/10/2023 21:46:09,
6882325d,38488d32,Liter,1,3,162,14/10/2023,Cash,14/10/2023 18:26:03,
0a47a906,38488d48,KG,1,2,144,14/10/2023,Cash,14/10/2023 18:26:37,
015f2a97,38488d43,KG,1,1,50,14/10/2023,Cash,14/10/2023 18:28:45,
10e7bfd5,1870042c,KG,5,1,100,14/10/2023,Cash,14/10/2023 18:30:44,
abeda89a,38488d50,KG,1.5,1,60,14/10/2023,Cash,14/10/2023 20:44:50,
8593f5ff,5ad61e4e,KG,2,1,100,14/10/2023,Cash,14/10/2023 20:45:37,
628d6d70,38488d47,KG,25,1,800,14/10/2023,Cash,14/10/2023 22:14:33,
b56ff953,38488d32,Liter,1,3,162,15/10/2023,Cash,15/10/2023 10:37:46,
d7bbec5f,38488d48,KG,1,2,144,15/10/2023,Cash,15/10/2023 10:38:16,
f8beb5df,38488d68,KG,5,1,300,15/10/2023,Cash,15/10/2023 10:39:09,
9ef7cbe9,38488d51,KG,1,1,280,15/10/2023,Cash,15/10/2023 10:40:46,
f017dfb8,2bdbfdb6,KG,1.25,1,125,15/10/2023,Cash,15/10/2023 10:41:51,
8662d261,38488d55,Piece,1,2,20,15/10/2023,Cash,15/10/2023 10:42:40,
53966bbc,2bdbfdb8,Piece,1,2,20,15/10/2023,Cash,15/10/2023 10:43:46,
6933597e,53b27eaf,KG,0.25,1,200,15/10/2023,Cash,15/10/2023 10:44:37,
5916c7fe,38488d79,Piece,1,20,200,15/10/2023,Cash,15/10/2023 21:41:06,
f5407b35,3d0bc830,Piece,1,1,25,15/10/2023,Cash,15/10/2023 21:41:57,
f387b9ac,ae904201,Piece,1,6,30,15/10/2023,Cash,15/10/2023 21:42:25,
f5968d5d,38488d32,Liter,1,2,108,15/10/2023,Cash,15/10/2023 21:57:57,
ef2b9d9a,38488d32,Liter,1,2,108,16/10/2023,Cash,16/10/2023 09:33:17,
5c874f08,38488d72,KG,0.25,1,50,16/10/2023,Cash,16/10/2023 09:33:35,
7c8bf6dc,38488d63,KG,2,1,60,16/10/2023,Cash,16/10/2023 09:34:12,
51a69a42,1870042c,KG,5,1,120,16/10/2023,Cash,16/10/2023 21:38:28,
d06af199,38488d32,Liter,1,3,162,17/10/2023,Cash,17/10/2023 17:11:39,
b7021a11,38488d48,KG,1,2,144,17/10/2023,Cash,17/10/2023 17:12:15,
97326f43,38488d50,KG,1,1,40,17/10/2023,Cash,17/10/2023 17:12:42,
66db2e19,38488d69,KG,0.25,1,110,17/10/2023,Cash,17/10/2023 20:32:57,
ceb7c039,4340a96c,KG,500,1,35,17/10/2023,Cash,17/10/2023 20:48:45,
4f9c0d71,a5ce3b91,KG,1,1,110,17/10/2023,Cash,17/10/2023 20:49:49,
adfd0747,5040fe86,KG,5,1,100,17/10/2023,Cash,17/10/2023 21:21:33,
f0bf538d,01a89f1a,Piece,1,2,30,17/10/2023,Cash,17/10/2023 21:22:51,
14fb019b,38488d32,KG,1.5,2,81,17/10/2023,Cash,17/10/2023 21:40:10,
25c19783,7cfdeddd,KG,1,1,60,17/10/2023,Cash,17/10/2023 21:42:53,
25cbd15a,1870042c,KG,5,1,120,17/10/2023,Cash,17/10/2023 21:43:47,
fb4b945b,38488d33,KG,2.5,1,150,17/10/2023,Cash,17/10/2023 21:44:13,
78db4ab2,38488d82,KG,1,1,70,17/10/2023,Cash,17/10/2023 21:45:08,
dfa914bd,38488d84,KG,2,1,80,17/10/2023,Cash,17/10/2023 21:45:47,
7a7482d3,38488d36,KG,1.5,1,200,17/10/2023,Cash,17/10/2023 21:46:10,
24b63a9a,a31d5abb,KG,1,1,150,17/10/2023,Cash,17/10/2023 21:51:01,
6ecd42b5,38488d72,KG,1,1,140,17/10/2023,Cash,17/10/2023 21:52:15,
c342c8ad,8fe4d6eb,Piece,1,1,30,17/10/2023,Cash,17/10/2023 22:07:02,
8211a27f,38488d32,Liter,1,3,162,18/10/2023,Cash,18/10/2023 19:05:34,
06d30d10,38488d38,KG,600,1,45,18/10/2023,Cash,18/10/2023 19:06:08,
56bcdb59,38488d43,KG,1,1,50,18/10/2023,Cash,18/10/2023 19:06:42,
bba2fcc0,316fcd40,KG,500,4,140,18/10/2023,Cash,18/10/2023 21:10:33,
916d1a95,38488d79,Piece,1,10,100,18/10/2023,Cash,18/10/2023 21:15:42,
1a6208d3,38488d50,KG,1,1,40,18/10/2023,Cash,18/10/2023 21:20:08,
2771c986,15ed5402,KG,1,1,100,18/10/2023,Cash,18/10/2023 21:21:04,
e24c7ddf,074f02cb,Piece,1,1,25,18/10/2023,Cash,18/10/2023 21:28:39,
fe60f36b,070c1507,Piece,1,6,50,18/10/2023,Cash,18/10/2023 21:32:27,
017af82d,7836518d,Piece,1,2,145,18/10/2023,Cash,18/10/2023 21:49:34,
0a2bb7fa,38488d32,Liter,1,3,162,19/10/2023,Cash,19/10/2023 20:11:10,
d6b67e32,38488d34,KG,250,1,30,19/10/2023,Cash,19/10/2023 21:32:54,
da438922,90c11f52,Piece,1,4,400,19/10/2023,Cash,19/10/2023 21:36:11,
95dd83fc,38488d48,KG,1,2,144,19/10/2023,Cash,19/10/2023 21:39:38,
c3b535c1,a92f80eb,KG,5,1,100,19/10/2023,Cash,19/10/2023 21:40:10,
c9e9347c,1870042c,KG,5,1,100,19/10/2023,Cash,19/10/2023 21:41:10,
67e2d715,c4721744,Piece,1,2,100,19/10/2023,Cash,19/10/2023 23:27:08,
e577eb3a,38488d32,Liter,1,3,162,20/10/2023,Cash,20/10/2023 21:38:31,
48cc9645,38488d48,KG,1,2,144,20/10/2023,Cash,20/10/2023 21:39:01,
2d209d31,38488d38,KG,600,1,45,20/10/2023,Cash,20/10/2023 21:39:35,
c1139e6e,38488d34,KG,1,1,100,20/10/2023,Cash,20/10/2023 21:43:09,
4d50a52d,0c53ef5a,KG,100,1,20,20/10/2023,Cash,20/10/2023 21:47:11,
213ee314,38488d37,KG,1500,1,90,20/10/2023,Cash,20/10/2023 21:49:35,
529ee386,38488d35,KG,500,1,30,20/10/2023,Cash,20/10/2023 21:50:06,
6fcebbbc,38488d79,Piece,1,4,40,20/10/2023,Cash,20/10/2023 21:51:01,
399ff304,f0b3998d,Piece,1,3,200,20/10/2023,Cash,20/10/2023 21:54:38,
602536a9,e015cd8b,Piece,1,1,35,20/10/2023,Cash,20/10/2023 22:03:05,
01775ca4,38488d34,KG,250,1,30,20/10/2023,Cash,20/10/2023 22:29:11,
5d85059d,38488d68,KG,1,1,140,21/10/2023,Cash,21/10/2023 00:22:31,
8ef8fd8e,38488d32,Liter,1,3,162,21/10/2023,Cash,21/10/2023 16:56:56,
2c2312d4,8fe4d6eb,Piece,1,1,30,21/10/2023,Cash,21/10/2023 20:30:07,
e07b8cde,38488d48,KG,1,2,144,21/10/2023,Cash,21/10/2023 20:31:27,
fcc01833,38488d57,KG,1,4,200,21/10/2023,Cash,21/10/2023 21:43:20,
b3c59201,38488d84,KG,1,1,40,21/10/2023,Cash,21/10/2023 21:45:03,
852951c1,38488d32,KG,500,1,27,21/10/2023,Cash,21/10/2023 21:45:38,
0f831a52,38488d32,Liter,1,3,162,22/10/2023,Cash,22/10/2023 18:38:39,
8f3f6293,38488d51,KG,0.5,1,130,22/10/2023,Cash,22/10/2023 18:39:00,
b6819e5b,e9fd60e0,Piece,12,1,70,22/10/2023,Cash,22/10/2023 18:42:18,
37dcff52,b011f24c,KG,1.5,1,150,22/10/2023,Cash,22/10/2023 18:42:53,
4e5559e7,38488d33,KG,2.5,1,150,22/10/2023,Cash,22/10/2023 18:45:38,
e4430563,2f5f74e8,Piece,1,1,30,22/10/2023,Cash,22/10/2023 18:46:32,
e569110a,38488d62,KG,1,6,270,22/10/2023,Cash,22/10/2023 19:00:02,
5efb07bc,2c4d95ef,KG,0.5,1,60,22/10/2023,Cash,22/10/2023 19:01:09,
c3534dac,ee72568a,Piece,1,1,50,22/10/2023,Cash,22/10/2023 19:01:42,
3264430e,434526b6,KG,0.25,1,190,22/10/2023,Cash,22/10/2023 19:05:23,
8c75b0db,38488d55,Piece,1,5,25,22/10/2023,Cash,22/10/2023 19:07:17,
a84764fc,1870042c,KG,10,2,200,22/10/2023,Cash,22/10/2023 19:15:00,
6dcb4f10,38488d72,KG,750,1,90,22/10/2023,Cash,22/10/2023 19:15:38,
3d4ebbd4,38488d63,KG,1.5,1,60,22/10/2023,Cash,22/10/2023 19:16:44,
2ec95757,38488d57,KG,0.25,1,1,22/10/2023,Cash,22/10/2023 19:17:19,
fb2ad402,608e4a15,Piece,1,1,240,22/10/2023,Cash,22/10/2023 19:18:33,
ca97c008,49bab0db,Piece,1,2,100,22/10/2023,Cash,22/10/2023 20:35:05,
83ee3db5,38488d79,Piece,1,10,100,22/10/2023,Cash,22/10/2023 21:27:08,
f8ba3ee1,38488d32,Liter,1,3,162,23/10/2023,Cash,23/10/2023 16:00:36,
55d20b93,38488d48,KG,1,2,144,23/10/2023,Cash,23/10/2023 16:01:59,
e3b806ae,e015cd8b,KG,0.25,1,50,23/10/2023,Cash,23/10/2023 16:02:34,
a33cbda0,38488d51,KG,1,1,260,23/10/2023,Cash,23/10/2023 18:12:08,
d23271bf,38488d32,Liter,1,2,108,23/10/2023,Cash,23/10/2023 18:24:38,
ce869caa,38488d70,Piece,6,10,200,23/10/2023,Cash,23/10/2023 18:25:34,
624b564c,38488d35,KG,0.25,1,15,23/10/2023,Cash,23/10/2023 18:27:08,
95c55c30,38488d37,KG,500,1,20,23/10/2023,Cash,23/10/2023 18:27:48,
df8e9fca,38488d71,KG,750,1,20,23/10/2023,Cash,23/10/2023 18:28:18,
d2cd7433,38488d84,KG,250,1,20,23/10/2023,Cash,23/10/2023 18:29:02,
b1f1e4be,0c53ef5a,KG,0.1,1,10,23/10/2023,Cash,23/10/2023 18:29:40,
34193030,38488d32,Liter,1,3,162,24/10/2023,Cash,24/10/2023 09:35:22,
7a5a0819,38488d70,Piece,6,4,160,24/10/2023,Cash,24/10/2023 09:35:44,
601ec824,cae57605,Piece,1,4,20,24/10/2023,Cash,24/10/2023 09:36:35,
3b08acca,074f02cb,Piece,1,1,50,24/10/2023,Cash,24/10/2023 09:37:24,
8d60c6d3,38488d48,KG,500,4,136,24/10/2023,Cash,24/10/2023 10:27:00,
88ed9f1d,1870042c,KG,2,1,60,24/10/2023,Cash,24/10/2023 10:28:52,
3b232d0a,38488d34,KG,1,1,100,24/10/2023,Cash,24/10/2023 10:29:19,
ad86ecca,38488d47,KG,2500,1,100,24/10/2023,Cash,24/10/2023 10:30:28,
5a1525be,38488d55,Piece,1,2,20,24/10/2023,Cash,24/10/2023 10:40:42,
a516df18,a92f80eb,KG,50,1,650,24/10/2023,Cash,24/10/2023 16:59:44,
ba9e5b23,1870042c,KG,10,2,200,24/10/2023,Cash,24/10/2023 17:00:48,
22c8f924,38488d47,KG,15,1,630,24/10/2023,Cash,24/10/2023 17:01:24,
506f871a,38488d51,KG,1,1,260,24/10/2023,Cash,24/10/2023 17:03:24,
77a9796a,38488d81,KG,500,1,80,24/10/2023,Cash,24/10/2023 21:54:57,
f86d9758,38488d32,Liter,1,3,162,25/10/2023,Cash,25/10/2023 11:16:32,
dac9cf24,38488d50,KG,1.5,1,60,25/10/2023,Cash,25/10/2023 11:19:37,
96842580,38488d72,KG,250,1,25,25/10/2023,Cash,25/10/2023 11:20:17,
abf5d79c,38488d48,KG,500,1,34,25/10/2023,Cash,25/10/2023 12:31:38,
555e824c,38488d32,Liter,1,3,162,26/10/2023,Cash,26/10/2023 10:16:04,
6575ca1e,8b11b8d9,Piece,1,1,125,26/10/2023,Cash,26/10/2023 14:15:30,
8a5f70ac,38488d77,Piece,1,1,220,26/10/2023,Cash,26/10/2023 14:17:23,
e78c16f3,38488d84,KG,2.5,1,100,26/10/2023,Cash,26/10/2023 14:18:24,
3589bab6,070c1507,Piece,6,1,50,26/10/2023,Cash,26/10/2023 19:06:28,
36744c71,38488d42,Piece,1,2,56,26/10/2023,Cash,26/10/2023 19:32:09,
43599de7,7cfdeddd,KG,1,1,50,26/10/2023,Cash,26/10/2023 22:13:41,
616fdf18,1870042c,KG,2500,1,70,26/10/2023,Cash,26/10/2023 22:16:31,
6117a2b6,38488d72,KG,500,1,50,26/10/2023,Cash,26/10/2023 22:17:44,
3dc2fa85,38488d82,KG,0.1,1,10,26/10/2023,Cash,26/10/2023 22:21:24,
5c3d908e,38488d32,Liter,1,3,162,27/10/2023,Cash,27/10/2023 09:17:27,
e4203478,38488d36,KG,250,1,40,27/10/2023,Cash,27/10/2023 09:17:53,
26c9ee45,38488d38,KG,400,4,100,27/10/2023,Cash,27/10/2023 09:19:39,
72131046,38488d33,KG,2,1,80,27/10/2023,Cash,27/10/2023 09:20:14,
cc1dd46b,fcd75bd5,Piece,1,1,10,27/10/2023,Cash,27/10/2023 09:21:08,
7b070931,38488d48,KG,1500,2,107,27/10/2023,Cash,27/10/2023 16:19:57,
5e44398e,38488d34,KG,0.25,1,25,27/10/2023,Cash,27/10/2023 17:57:06,
76e10c2b,38488d35,KG,0.25,1,10,27/10/2023,Cash,27/10/2023 17:57:37,
8951dc19,38488d37,KG,1,1,40,27/10/2023,Cash,27/10/2023 18:00:08,
8e2840bb,316fcd40,KG,3,1,180,27/10/2023,Cash,27/10/2023 18:00:29,
a814e055,38488d59,KG,1,1,160,27/10/2023,Cash,27/10/2023 18:05:17,
3a80086e,38488d60,KG,0.5,1,80,27/10/2023,Cash,27/10/2023 18:06:22,
e5094167,c39b54f2,KG,2,1,200,27/10/2023,Cash,27/10/2023 18:09:07,
e5014bee,0c53ef5a,KG,0.25,1,30,27/10/2023,Cash,27/10/2023 18:09:41,
ae444ab3,e326a5bc,KG,1,1,80,27/10/2023,Cash,27/10/2023 18:12:09,
efab282b,52cdaa61,KG,0.5,1,30,27/10/2023,Cash,27/10/2023 18:31:14,
5c3e2d5d,38488d32,Liter,1,1,54,27/10/2023,Cash,27/10/2023 21:25:28,
e25cec5a,ce05a0dc,Piece,1,2,20,27/10/2023,Cash,27/10/2023 21:26:00,
e80b17aa,38488d32,Liter,1,3,162,28/10/2023,Cash,28/10/2023 10:40:56,
466b8c35,38488d68,KG,1,1,135,28/10/2023,Cash,28/10/2023 10:41:16,
7fd77116,38488d48,KG,1,2,144,28/10/2023,Cash,28/10/2023 10:42:40,
64382566,1870042c,KG,2,1,80,28/10/2023,Cash,28/10/2023 10:43:05,
65e1682f,38488d38,KG,0.6,1,45,28/10/2023,Cash,28/10/2023 10:43:33,
a7333f1a,0a777579,Piece,1,4,40,28/10/2023,Cash,28/10/2023 10:44:51,
5d215edb,38488d36,KG,750,1,90,28/10/2023,Cash,28/10/2023 15:10:34,
c812c6a3,38488d72,KG,1,1,50,28/10/2023,Cash,28/10/2023 15:11:44,
56e2c799,38488d82,KG,1,1,60,28/10/2023,Cash,28/10/2023 15:12:08,
dc0fe630,a92f80eb,KG,10,1,260,28/10/2023,Cash,28/10/2023 15:14:01,
9f57c6f9,1870042c,KG,10,1,260,28/10/2023,Cash,28/10/2023 15:15:14,
885074c3,1905cc15,KG,1.5,1,120,28/10/2023,Cash,28/10/2023 17:22:37,
9275f13f,38488d32,Liter,1,4,216,28/10/2023,Cash,28/10/2023 17:24:55,
89f11bef,38488d32,Liter,1,3,162,29/10/2023,Cash,29/10/2023 13:46:22,
4ddee505,38488d51,KG,1.25,1,325,29/10/2023,Cash,29/10/2023 13:46:41,
412569a3,38488d68,KG,5,1,300,29/10/2023,Cash,29/10/2023 13:48:51,
71ba53f2,791d3bd3,KG,0.25,1,200,29/10/2023,Cash,29/10/2023 13:51:43,
f70f8f98,38488d55,Piece,1,5,50,29/10/2023,Cash,29/10/2023 13:53:48,
a9cca99e,8fe4d6eb,Piece,1,1,40,29/10/2023,Cash,29/10/2023 13:54:58,
d298fd03,38488d32,Liter,1,3,162,29/10/2023,Cash,29/10/2023 22:17:18,
3872af9c,fa4e90b6,Piece,1,1,40,29/10/2023,Cash,29/10/2023 23:12:00,
13f96905,38488d32,Liter,1,3,162,30/10/2023,Cash,30/10/2023 14:05:02,
6857a160,38488d43,KG,1,1,50,30/10/2023,Cash,30/10/2023 18:11:44,
dd3a227a,38488d48,KG,1,2,144,30/10/2023,Cash,30/10/2023 18:12:15,
d7fd011e,38488d38,KG,0.6,1,50,30/10/2023,Cash,30/10/2023 18:12:41,
169a6e53,38488d63,KG,2,1,70,30/10/2023,Cash,30/10/2023 18:13:40,
900ac643,ce05468e,Piece,1,1,40,30/10/2023,Cash,30/10/2023 18:14:24,
a3912c0c,df878bc5,KG,1.5,1,90,30/10/2023,Cash,30/10/2023 18:16:02,
7b1ea499,38488d51,KG,0.1,1,32,30/10/2023,Cash,30/10/2023 18:18:00,
c9cd778e,cada76f2,Piece,1,1,50,30/10/2023,Cash,30/10/2023 20:54:05,
e05bb98c,8e389c2c,Piece,1,1,430,30/10/2023,Cash,30/10/2023 20:56:03,
5bddf5e4,bb32e90a,Piece,24,1,30,30/10/2023,Cash,30/10/2023 20:58:11,
cb9bfb16,38488d59,KG,0.5,1,80,30/10/2023,Cash,30/10/2023 22:08:53,
0d2bfab5,38488d60,KG,0.5,1,80,30/10/2023,Cash,30/10/2023 22:09:39,
43d945b5,86ce16a9,KG,2,1,120,30/10/2023,Cash,30/10/2023 22:11:51,
0ad8e055,38488d78,KG,0.5,1,35,30/10/2023,Cash,30/10/2023 23:03:24,
2a496a29,38488d32,Liter,1,3,162,31/10/2023,Cash,31/10/2023 10:45:37,
6c2d9977,38488d34,KG,0.25,1,20,31/10/2023,Cash,31/10/2023 10:46:12,
560208b1,0c53ef5a,KG,100,1,15,31/10/2023,Cash,31/10/2023 10:53:09,
f06131c1,38488d54,KG,5,1,200,31/10/2023,Cash,31/10/2023 19:07:31,
99835400,52cdaa61,KG,50,1,1480,31/10/2023,Cash,31/10/2023 19:08:10,
d6916743,38488d69,KG,0.25,1,110,31/10/2023,Cash,31/10/2023 19:22:04,
723b8c0e,93b88f5b,Piece,1,1,100,31/10/2023,Cash,31/10/2023 19:34:19,
e12fd16e,bf503910,Piece,1,1,40,31/10/2023,Cash,31/10/2023 21:10:13,
ac57cbda,3ed563fc,Piece,1,8,240,31/10/2023,Cash,31/10/2023 21:10:56,
c541566d,38488d78,KG,1,1,50,31/10/2023,Cash,31/10/2023 21:12:14,
e9db1245,b689393c,Piece,1,1,50,31/10/2023,Cash,31/10/2023 21:12:32,
bacbc5e8,38488d32,Liter,1,2,108,31/10/2023,Cash,31/10/2023 21:13:17,
3b6421ee,7211596c,Piece,12,1,100,31/10/2023,Cash,31/10/2023 21:14:54,
d6150623,1870042c,KG,0.5,1,20,31/10/2023,Cash,31/10/2023 21:17:05,
2b84b958,38488d33,KG,5,1,150,31/10/2023,Cash,31/10/2023 21:17:23,
21636595,38488d34,KG,1,1,60,31/10/2023,Cash,31/10/2023 21:22:16,
3ede460d,38488d36,KG,1,1,120,31/10/2023,Cash,31/10/2023 21:23:09,
afb8000e,38488d42,Piece,1,1,28,31/10/2023,Cash,31/10/2023 21:23:42,
ba6744c5,1870042c,KG,2,1,60,31/10/2023,Cash,31/10/2023 21:24:02,
f8bfc07e,38488d37,KG,2,1,60,31/10/2023,Cash,31/10/2023 21:26:20,
dcc57cd7,38488d32,Liter,1,3,162,01/11/2023,Cash,01/11/2023 13:05:26,
49e36b8e,38488d48,KG,1,2,144,01/11/2023,Cash,01/11/2023 13:05:51,
1dfd6376,38488d47,KG,5,1,300,01/11/2023,Cash,01/11/2023 18:28:27,
bf0bac3c,1870042c,KG,5,1,130,01/11/2023,Cash,01/11/2023 18:29:50,
9e377b85,a31d5abb,KG,0.5,1,80,01/11/2023,Cash,01/11/2023 18:32:07,
f876e157,38488d43,KG,1,1,50,01/11/2023,Cash,01/11/2023 18:33:21,
b4d1acfc,2bdbfdb6,KG,1.5,1,150,01/11/2023,Cash,01/11/2023 18:36:19,
22eafe28,2bdbfdb8,Piece,1,2,20,01/11/2023,Cash,01/11/2023 18:37:24,
0f1f54e0,3095f6ad,KG,5,1,220,01/11/2023,Cash,01/11/2023 18:38:16,
ff276ac7,38488d32,Liter,1,3,162,02/11/2023,Cash,02/11/2023 10:29:01,
f8760ec9,7cfdeddd,KG,0.25,1,15,02/11/2023,Cash,02/11/2023 10:29:22,
e905ba1b,38488d48,KG,1,2,144,02/11/2023,Cash,02/11/2023 10:32:16,
e1d13ffc,818ce46b,KG,1,1,60,02/11/2023,Cash,02/11/2023 10:34:00,
6285f944,3f40d071,Piece,12,9,360,02/11/2023,Cash,02/11/2023 10:37:01,
5f9872d1,38488d38,KG,600,1,45,02/11/2023,Cash,02/11/2023 10:42:50,
1543351d,38488d50,KG,1,1,30,02/11/2023,Cash,02/11/2023 18:08:32,
2dddf2cf,93b88f5b,Piece,1,1,50,02/11/2023,Cash,02/11/2023 18:56:33,
22516423,070c1507,Piece,1,6,50,02/11/2023,Cash,02/11/2023 18:57:59,
c263c2b4,38488d32,KG,0.5,1,27,02/11/2023,Cash,02/11/2023 22:10:23,
755dda2d,38488d32,Liter,1,3,162,01/12/2023,Cash,01/12/2023 09:25:31,
e50471a0,38488d38,KG,1,2,50,01/12/2023,Cash,01/12/2023 09:26:37,
ddc92213,38488d43,KG,1,1,50,01/12/2023,Cash,01/12/2023 09:27:40,
deea9ac9,15ed5402,KG,1,1,95,01/12/2023,Cash,01/12/2023 09:28:43,
5178126c,a92f80eb,KG,50,1,600,01/12/2023,Cash,01/12/2023 12:40:15,
c79dddc9,38488d33,KG,5,1,50,01/12/2023,Cash,01/12/2023 12:45:18,
eefe114b,1870042c,KG,5,1,190,01/12/2023,Cash,01/12/2023 17:05:01,
f590bc1f,df878bc5,KG,1500,1,60,01/12/2023,Cash,01/12/2023 18:50:19,
01096a17,81cb458e,Liter,1,10,870,01/12/2023,Cash,01/12/2023 18:51:23,
cef748cb,3095f6ad,KG,5,1,220,01/12/2023,Cash,01/12/2023 19:14:44,
82bf0ee9,2f5f74e8,KG,600,1,140,01/12/2023,Cash,01/12/2023 19:16:22,
8a14d7d7,38488d32,Liter,1,2,108,01/12/2023,Cash,01/12/2023 19:18:28,
938b5f46,38488d42,Piece,1,2,58,01/12/2023,Cash,01/12/2023 19:37:49,
1b2f1d33,38488d32,Liter,1,3,162,02/12/2023,Cash,02/12/2023 09:31:54,
9264105b,38488d48,KG,500,5,170,02/12/2023,Cash,02/12/2023 09:32:15,
1215ec0f,38488d50,KG,2,1,50,02/12/2023,Cash,02/12/2023 09:33:30,
5120cbc7,38488d84,KG,2500,1,75,02/12/2023,Cash,02/12/2023 09:34:19,
b76294dd,5040fe86,KG,1500,1,45,02/12/2023,Cash,02/12/2023 16:24:02,
6e40ea6f,1657b00a,Piece,1,6,240,02/12/2023,Cash,02/12/2023 17:43:53,
0090a4a9,f4eeda21,Piece,1,2,100,02/12/2023,Cash,02/12/2023 18:13:27,
8b2bae09,38488d68,KG,500,2,140,02/12/2023,Cash,02/12/2023 18:14:49,
91c71e78,38488d57,KG,250,1,20,02/12/2023,Cash,02/12/2023 18:15:27,
f686b684,38488d63,KG,2,1,60,02/12/2023,Cash,02/12/2023 18:16:07,
d09082c6,38488d62,KG,1,6,270,02/12/2023,Cash,02/12/2023 18:17:18,
0e7113e9,2c4d95ef,KG,500,1,60,02/12/2023,Cash,02/12/2023 18:24:02,
e8284ec8,fb9ea07d,KG,200,1,30,02/12/2023,Cash,02/12/2023 19:00:48,
a37dfedc,38488d32,Liter,1,3,162,03/12/2023,Cash,03/12/2023 10:14:50,
20d074f3,38488d35,KG,0.25,1,10,03/12/2023,Cash,03/12/2023 10:15:26,
6c786173,4340a96c,KG,0.5,1,35,03/12/2023,Cash,03/12/2023 10:15:55,
d0533761,38488d37,KG,500,1,15,03/12/2023,Cash,03/12/2023 19:12:10,
8082b481,38488d34,KG,250,1,10,03/12/2023,Cash,03/12/2023 19:12:36,
257705c3,38488d80,Piece,1,1,60,03/12/2023,Cash,03/12/2023 19:12:58,
0595ab21,2bdbfdb9,Piece,1,20,200,03/12/2023,Cash,03/12/2023 20:38:49,
bee46571,38488d47,KG,7500,2,400,03/12/2023,Cash,03/12/2023 20:53:39,
ed0f9a73,38488d32,KG,1500,2,81,04/12/2023,Cash,04/12/2023 17:36:26,
45841b83,becc6a8c,Piece,1,1,200,04/12/2023,Cash,04/12/2023 17:37:29,
3a0b6673,38488d35,KG,1500,1,60,04/12/2023,Cash,04/12/2023 17:39:03,
e2431209,434526b6,KG,250,1,220,04/12/2023,Cash,04/12/2023 17:40:16,
f2cbd4f4,f4eeda21,Piece,1,2,100,04/12/2023,Cash,04/12/2023 17:41:35,
ac9c8e4e,c8847587,Piece,1,2,40,04/12/2023,Cash,04/12/2023 18:06:37,
41c7eb82,5040fe86,KG,2500,1,50,04/12/2023,Cash,04/12/2023 18:11:07,
2dc8a830,38488d72,KG,250,1,10,04/12/2023,Cash,04/12/2023 18:11:46,
003113ef,38488d32,KG,1,3,162,05/12/2023,Cash,05/12/2023 13:32:33,
6051196c,38488d72,KG,250,1,10,05/12/2023,Cash,05/12/2023 13:33:14,
14a4066b,38488d48,KG,1500,3,102,05/12/2023,Cash,05/12/2023 13:35:06,
4c11bf48,074f02cb,Piece,1,1,20,05/12/2023,Cash,05/12/2023 13:37:45,
b2f94309,c8847587,Piece,1,2,150,05/12/2023,Cash,05/12/2023 16:07:59,
c9d210e7,15880a38,Piece,1,2,140,05/12/2023,Cash,05/12/2023 16:09:24,
440762f2,38488d69,KG,250,1,110,05/12/2023,Cash,05/12/2023 17:52:19,
275f1589,38488d51,KG,1250,1,350,05/12/2023,Cash,05/12/2023 17:55:00,
3549f010,791d3bd3,KG,250,1,175,05/12/2023,Cash,05/12/2023 17:56:09,
852f3986,1870042c,KG,2,1,100,05/12/2023,Cash,05/12/2023 17:59:00,
03fac884,0e8ad1b5,Piece,1,1,150,05/12/2023,Cash,05/12/2023 18:30:24,
a3d1331c,2bdbfdb9,Piece,1,30,300,05/12/2023,Cash,05/12/2023 19:42:29,
7691009f,38488d68,KG,10,1,300,05/12/2023,Cash,05/12/2023 20:02:35,
6e3e539d,5040fe86,KG,2,1,40,05/12/2023,Cash,05/12/2023 20:03:20,
07f7117d,1870042c,KG,3,1,120,05/12/2023,Cash,05/12/2023 22:09:00,
e9c08f44,01a89f1a,Piece,1,3,20,05/12/2023,Cash,05/12/2023 22:10:01,
afc32910,38488d84,KG,1500,1,40,05/12/2023,Cash,05/12/2023 22:10:58,
805540c2,38488d82,KG,1,1,30,05/12/2023,Cash,05/12/2023 22:11:31,
c5e1dd06,38488d72,KG,1,1,30,05/12/2023,Cash,05/12/2023 22:12:24,
55950bd2,5040fe86,KG,4,1,40,05/12/2023,Cash,05/12/2023 22:12:56,
59b83cab,38488d32,Liter,1,3,162,06/12/2023,Cash,06/12/2023 07:58:37,
ab37806c,38488d38,KG,400,2,50,06/12/2023,Cash,06/12/2023 07:59:33,
3b89928d,070c1507,Piece,1,6,50,06/12/2023,Cash,06/12/2023 14:30:21,
df1d9429,1870042c,KG,5,1,140,06/12/2023,Cash,06/12/2023 18:25:07,
0ec36790,38488d47,KG,10,1,430,06/12/2023,Cash,06/12/2023 18:25:43,
70fde475,38488d50,KG,500,1,10,06/12/2023,Cash,06/12/2023 18:26:21,
2695ea59,aadb68ed,KG,200,1,75,06/12/2023,Cash,06/12/2023 18:26:47,
0cd6c90f,38488d32,Liter,1,3,162,07/12/2023,Cash,07/12/2023 09:59:27,
4693278d,38488d34,KG,250,1,10,07/12/2023,Cash,07/12/2023 09:59:54,
204f98eb,0c53ef5a,KG,100,1,10,07/12/2023,Cash,07/12/2023 10:00:38,
b025318e,38488d48,KG,1500,3,102,07/12/2023,Cash,07/12/2023 13:52:58,
7666d996,5040fe86,KG,4,1,80,07/12/2023,Cash,07/12/2023 16:32:34,
3227a91d,df878bc5,KG,1,1,60,07/12/2023,Cash,07/12/2023 16:33:24,
439ed175,38488d33,KG,2,1,40,07/12/2023,Cash,07/12/2023 17:30:22,
e76e3524,38488d32,Liter,1,2,108,07/12/2023,Cash,07/12/2023 17:30:57,
641dd383,fcd75bd5,Piece,1,1,10,07/12/2023,Cash,07/12/2023 17:31:34,
554d6693,4340a96c,KG,500,2,60,07/12/2023,Cash,07/12/2023 20:40:28,
a5b50d0d,1c8c560e,KG,100,1,20,07/12/2023,Cash,07/12/2023 20:42:07,
02cb83f8,38488d60,KG,500,1,100,07/12/2023,Cash,07/12/2023 20:59:39,
8b2fa11c,38488d59,KG,500,1,80,07/12/2023,Cash,07/12/2023 21:00:31,
2cff1175,38488d32,Liter,1,3,162,08/12/2023,Cash,08/12/2023 09:26:47,
3841a526,38488d35,KG,1,1,30,08/12/2023,Cash,08/12/2023 09:27:15,
5b17e52b,3f40d071,Piece,12,5,200,08/12/2023,Cash,08/12/2023 09:27:36,
5e9e0e87,38488d32,Liter,1,3,162,09/12/2023,Cash,09/12/2023 09:03:14,
2ef3bd06,38488d34,KG,1,1,40,09/12/2023,Cash,09/12/2023 09:03:53,
0b6e8089,38488d37,KG,1,1,30,09/12/2023,Cash,09/12/2023 17:58:51,
23434d61,38488d35,KG,250,1,10,09/12/2023,Cash,09/12/2023 17:59:41,
0350d9cd,38488d34,KG,250,1,10,09/12/2023,Cash,09/12/2023 18:02:39,
21d2dfdb,38488d54,KG,500,3,90,09/12/2023,Cash,09/12/2023 18:35:58,
9af3b8bc,0c53ef5a,KG,200,1,20,09/12/2023,Cash,09/12/2023 20:10:03,
97dff155,52cdaa61,KG,500,1,35,09/12/2023,Cash,09/12/2023 20:14:33,
82ee1bb3,8fe4d6eb,Piece,1,1,80,09/12/2023,Cash,09/12/2023 20:18:58,
912812b2,38488d32,Liter,1,3,162,10/12/2023,Cash,10/12/2023 09:33:37,
ed869290,38488d43,Piece,1,15,150,10/12/2023,Cash,10/12/2023 09:34:48,
79712b2e,38488d38,KG,400,2,50,10/12/2023,Cash,10/12/2023 09:36:49,
ebc959c9,38488d33,KG,2,1,40,10/12/2023,Cash,10/12/2023 09:38:39,
9f1b25c1,38488d72,KG,500,1,20,10/12/2023,Cash,10/12/2023 09:39:41,
ed4a59cf,38488d48,KG,500,1,34,10/12/2023,Cash,10/12/2023 09:43:22,
876c7505,38488d32,Liter,1,2,108,10/12/2023,Cash,10/12/2023 19:22:15,
6f06e296,38488d59,KG,1,1,160,10/12/2023,Cash,10/12/2023 20:18:33,
6b67bdf4,38488d60,KG,1,1,160,10/12/2023,Cash,10/12/2023 20:19:17,
d0414d2c,316fcd40,KG,3,1,180,10/12/2023,Cash,10/12/2023 20:19:45,
0104c043,38488d32,Liter,1,3,162,11/12/2023,Cash,11/12/2023 07:46:54,
00f0b049,38488d48,KG,1,1,72,11/12/2023,Cash,11/12/2023 07:47:13,
8b2ca85a,38488d50,KG,1500,1,50,11/12/2023,Cash,11/12/2023 07:47:38,
b4eedb89,38488d38,KG,600,1,50,11/12/2023,Cash,11/12/2023 10:57:08,
0eda9d38,5040fe86,KG,1500,1,30,11/12/2023,Cash,11/12/2023 17:12:35,
ad348395,818ce46b,KG,1,1,50,11/12/2023,Cash,11/12/2023 17:13:19,
934aef1f,1870042c,KG,5,1,120,11/12/2023,Cash,11/12/2023 18:57:40,
7bc0b9a9,38488d32,Liter,1,3,162,12/12/2023,Cash,12/12/2023 16:20:32,
3c77ea2f,38488d48,KG,1500,2,106,12/12/2023,Cash,12/12/2023 16:20:57,
b04804d9,38488d38,KG,400,2,50,12/12/2023,Cash,12/12/2023 16:21:50,
4e2cf95b,38488d36,KG,250,1,40,12/12/2023,Cash,12/12/2023 16:22:10,
3223ae29,38488d72,KG,500,1,30,12/12/2023,Cash,12/12/2023 16:22:48,
d7e3bcce,9130d9d3,Piece,1,1,120,12/12/2023,Cash,12/12/2023 16:23:54,
ac2015d0,3f5a9999,KG,5,1,300,12/12/2023,Cash,12/12/2023 16:24:30,
51f0cbbe,81cb458e,Liter,1,10,870,12/12/2023,Cash,12/12/2023 16:24:58,
16f3ea8a,0390b81d,Piece,1,6,150,12/12/2023,Cash,12/12/2023 17:50:20,
021a162e,38488d69,KG,250,1,110,12/12/2023,Cash,12/12/2023 17:52:40,
179394d6,38488d68,KG,2,1,60,12/12/2023,Cash,12/12/2023 17:53:18,
4bcc5e0a,38488d47,KG,15,1,520,12/12/2023,Cash,12/12/2023 17:54:12,
a4aa3e11,7110fbe1,Piece,1,2,250,12/12/2023,Cash,12/12/2023 18:02:52,
d143f041,89e823ea,KG,200,3,60,12/12/2023,Cash,12/12/2023 18:05:11,
7d5c7538,38488d35,KG,1500,1,50,12/12/2023,Cash,12/12/2023 19:24:26,
e4007216,38488d34,KG,1500,1,50,12/12/2023,Cash,12/12/2023 22:01:40,
9d7b8477,38488d35,KG,2500,1,70,12/12/2023,Cash,12/12/2023 22:02:17,
950cb30b,38488d37,KG,3,1,60,12/12/2023,Cash,12/12/2023 22:04:48,
ad97d21a,df878bc5,KG,1500,1,60,12/12/2023,Cash,12/12/2023 22:05:15,
71a93028,38488d36,KG,1500,1,180,12/12/2023,Cash,12/12/2023 22:06:28,
44bcdff8,a31d5abb,KG,500,1,160,12/12/2023,Cash,12/12/2023 22:07:13,
4d186544,38488d72,KG,1,1,30,12/12/2023,Cash,12/12/2023 22:08:04,
8360250a,38488d82,KG,1,1,40,12/12/2023,Cash,12/12/2023 22:08:38,
ed525663,e1ef92b5,Piece,12,2,140,12/12/2023,Cash,12/12/2023 22:10:12,
2393e20c,5040fe86,KG,4,1,80,12/12/2023,Cash,12/12/2023 22:15:04,
a62a102b,38488d32,Liter,1,3,162,13/12/2023,Cash,13/12/2023 09:32:44,
51fbad0c,38488d70,Piece,12,7,280,13/12/2023,Cash,13/12/2023 18:16:58,
e0d7b6b4,38488d35,KG,2,1,40,13/12/2023,Cash,13/12/2023 18:17:54,
fd5fa699,38488d68,KG,3,1,90,13/12/2023,Cash,13/12/2023 18:18:27,
1ea83e72,38488d71,KG,1500,1,45,13/12/2023,Cash,13/12/2023 18:19:03,
d0cb764f,38488d84,KG,500,1,20,13/12/2023,Cash,13/12/2023 18:19:45,
c15c4054,38488d32,Liter,1,3,162,14/12/2023,Cash,14/12/2023 10:20:03,
0fa463b8,0c53ef5a,KG,100,1,10,14/12/2023,Cash,14/12/2023 10:20:20,
1ba3e601,5d1b38c3,KG,5,1,850,14/12/2023,Cash,14/12/2023 10:20:51,
91ae5056,d2feae0c,KG,50,1,100,14/12/2023,Cash,14/12/2023 10:25:53,
3d1a7315,38488d70,Piece,6,6,120,14/12/2023,Cash,14/12/2023 10:28:36,
58a89f49,38488d35,KG,2,1,60,14/12/2023,Cash,14/12/2023 14:25:54,
c117f12b,13a4f998,Piece,1,2,300,14/12/2023,Cash,14/12/2023 14:26:34,
253940c4,6eac27e1,Piece,1,2,120,14/12/2023,Cash,14/12/2023 14:29:42,
5ce746c6,c8847587,Piece,1,1,100,14/12/2023,Cash,14/12/2023 17:50:20,
a6b186b4,1870042c,KG,5,1,90,14/12/2023,Cash,14/12/2023 17:51:48,
e26252d6,5040fe86,KG,2500,1,50,14/12/2023,Cash,14/12/2023 17:52:10,
30dc8edb,38488d51,KG,1500,1,420,14/12/2023,Cash,14/12/2023 17:52:30,
9e01c0fe,38488d68,KG,3,1,90,14/12/2023,Cash,14/12/2023 17:55:25,
711342fb,38488d32,Liter,1,3,162,15/12/2023,Cash,15/12/2023 09:09:36,
396ad54f,38488d48,KG,1,2,144,15/12/2023,Cash,15/12/2023 09:09:56,
ea030a5a,38488d35,KG,2,1,60,15/12/2023,Cash,15/12/2023 09:11:04,
e0968f41,38488d66,KG,3.25,2,100,15/12/2023,Cash,15/12/2023 13:05:12,
f6aca1b2,608e4a15,Piece,1,1,2400,15/12/2023,Cash,15/12/2023 17:44:17,
a1e01349,38488d33,KG,2500,1,75,15/12/2023,Cash,15/12/2023 17:45:20,
8b8f3cf6,38488d43,KG,1,1,50,15/12/2023,Cash,15/12/2023 17:46:17,
2f163324,38488d68,KG,2,1,60,15/12/2023,Cash,15/12/2023 17:46:34,
7277bcd3,608e4a15,Piece,1,1,30,15/12/2023,Cash,15/12/2023 17:49:15,
b2282db7,e73a4f6b,Piece,1,1,45,15/12/2023,Cash,15/12/2023 21:02:39,
a9a0eb29,38488d32,Liter,1,3,162,16/12/2023,Cash,16/12/2023 10:23:51,
ea0b43c2,38488d50,KG,1,1,40,16/12/2023,Cash,16/12/2023 13:48:16,
6198e9eb,38488d63,KG,1.5,1,75,16/12/2023,Cash,16/12/2023 16:36:09,
ec2fdbb0,fb9ea07d,KG,0.2,1,30,16/12/2023,Cash,16/12/2023 16:37:03,
b5b5f7e8,38488d57,KG,0.2,1,30,16/12/2023,Cash,16/12/2023 16:38:06,
c2e9b78a,2c4d95ef,KG,0.5,1,70,16/12/2023,Cash,16/12/2023 16:39:54,
be77e45d,38488d62,KG,1,6,270,16/12/2023,Cash,16/12/2023 16:44:28,
7fcfa07f,2f5f74e8,Piece,1,1,35,16/12/2023,Cash,16/12/2023 16:45:25,
81e26d2a,ee72568a,Piece,1,1,50,16/12/2023,Cash,16/12/2023 16:46:21,
2149b3d1,38488d32,Liter,1,3,162,17/12/2023,Cash,17/12/2023 09:52:45,
a475da4f,38488d43,Piece,1,15,150,17/12/2023,Cash,17/12/2023 09:53:01,
a8d9baf2,38488d35,KG,3,1,90,17/12/2023,Cash,17/12/2023 09:53:27,
fa4c6545,1870042c,KG,3,1,75,17/12/2023,Cash,17/12/2023 17:13:10,
9a3e7c75,2bdbfdb6,KG,1.25,1,125,17/12/2023,Cash,17/12/2023 17:13:53,
072e478f,2bdbfdb8,Piece,1,2,20,17/12/2023,Cash,17/12/2023 17:15:22,
405e2a4a,38488d42,Piece,1,1,80,17/12/2023,Cash,17/12/2023 17:47:06,
02c962cf,4cb0d65e,Piece,1,2,150,17/12/2023,Cash,17/12/2023 17:48:52,
87e6ddf2,38488d32,Liter,1,2,108,17/12/2023,Cash,17/12/2023 19:43:34,
3bc85a96,38488d51,KG,750,1,210,17/12/2023,Cash,17/12/2023 22:13:41,
a3e6ccf3,38488d32,Liter,1,3,162,18/12/2023,Cash,18/12/2023 10:22:37,
ce63c0f1,38488d50,KG,1500,1,50,18/12/2023,Cash,18/12/2023 10:22:57,
6efac3a1,38488d66,KG,2500,1,100,18/12/2023,Cash,18/12/2023 10:23:24,
285d4919,a31d5abb,KG,0.15,1,60,18/12/2023,Cash,18/12/2023 12:14:37,
4f575be4,b3474f73,Piece,1,1,40,18/12/2023,Cash,18/12/2023 12:31:08,
4a741ac0,93b88f5b,Piece,1,17,35,18/12/2023,Cash,18/12/2023 12:34:51,
951d5071,38488d47,KG,5,1,170,18/12/2023,Cash,18/12/2023 18:00:07,
13277435,38488d84,KG,3,1,100,18/12/2023,Cash,18/12/2023 18:01:03,
a64ee6b7,52cdaa61,KG,50,1,1550,18/12/2023,Cash,18/12/2023 18:02:30,
d125f278,38488d68,KG,3,1,100,18/12/2023,Cash,18/12/2023 19:29:20,
f3d7de7f,38488d34,KG,0.25,1,10,18/12/2023,Cash,18/12/2023 19:30:41,
2143e5d7,1870042c,KG,3,1,100,18/12/2023,Cash,18/12/2023 19:31:45,
eac08d37,0c53ef5a,KG,0.25,1,30,18/12/2023,Cash,18/12/2023 19:32:08,
8acbe94e,38488d32,Liter,1,3,162,19/12/2023,Cash,19/12/2023 08:05:39,
bbfa0489,7211596c,Piece,12,1,100,19/12/2023,Cash,19/12/2023 18:45:12,
4c324994,2daa5bc6,Piece,1,16,130,19/12/2023,Cash,19/12/2023 18:46:26,
9b31c2a8,38488d69,KG,0.25,1,110,19/12/2023,Cash,19/12/2023 18:49:56,
95a22a27,bf503910,Piece,1,2,80,19/12/2023,Cash,19/12/2023 20:20:21,
a222a30b,38488d78,KG,1,2,100,19/12/2023,Cash,19/12/2023 20:31:18,
6b539ce9,3ed563fc,Piece,1,10,300,19/12/2023,Cash,19/12/2023 20:38:28,
c79a82cf,090f0992,Liter,750,4,200,19/12/2023,Cash,19/12/2023 20:39:35,
83bc11ac,38488d38,KG,600,1,50,19/12/2023,Cash,19/12/2023 20:40:40,
6cc4d012,1870042c,KG,10,1,220,19/12/2023,Cash,19/12/2023 20:41:17,
76c925a7,38488d35,KG,3,1,75,19/12/2023,Cash,19/12/2023 20:41:33,
dbe9206c,38488d84,KG,1500,1,60,19/12/2023,Cash,19/12/2023 20:41:50,
32f18aee,38488d79,Piece,1,4,60,19/12/2023,Cash,19/12/2023 20:42:22,
28fddb04,38488d68,KG,5,1,125,19/12/2023,Cash,19/12/2023 20:43:20,
160d37c5,df878bc5,KG,1500,1,75,19/12/2023,Cash,19/12/2023 20:48:21,
0432c41f,38488d36,KG,1,1,130,19/12/2023,Cash,19/12/2023 21:26:07,
05c593ac,38488d82,KG,1,1,40,19/12/2023,Cash,19/12/2023 21:26:48,
68c4e481,a31d5abb,KG,0.5,1,130,19/12/2023,Cash,19/12/2023 21:27:17,
45eee54f,7cfdeddd,KG,1,1,60,19/12/2023,Cash,19/12/2023 21:28:30,
5ed60c67,38488d32,Liter,1,2,108,19/12/2023,Cash,19/12/2023 22:01:41,
a3c2cb62,5040fe86,KG,5,1,50,19/12/2023,Cash,19/12/2023 22:02:09,
ca3d124c,38488d72,KG,1,1,50,19/12/2023,Cash,19/12/2023 22:03:16,
3c59be49,a92f80eb,KG,5,1,50,19/12/2023,Cash,19/12/2023 22:03:54,
94bd097a,38488d32,Liter,1,3,162,20/12/2023,Cash,20/12/2023 09:27:06,
27020be6,a92f80eb,KG,50,1,500,20/12/2023,Cash,20/12/2023 12:50:56,
7646b0a8,0601c3cb,Piece,1,6,55,20/12/2023,Cash,20/12/2023 20:21:38,
0da44cd5,38488d32,Liter,1,3,162,21/12/2023,Cash,21/12/2023 09:12:01,
320f59b0,38488d38,KG,600,5,150,21/12/2023,Cash,21/12/2023 09:13:10,
3fcd63d1,df878bc5,KG,1.5,1,90,21/12/2023,Cash,21/12/2023 17:42:27,
208a2662,070c1507,Piece,1,6,50,21/12/2023,Cash,21/12/2023 17:43:01,
8007b927,38488d59,KG,1,1,160,21/12/2023,Cash,21/12/2023 21:34:14,
1450b13c,38488d60,KG,1,1,160,21/12/2023,Cash,21/12/2023 21:34:40,
9b647b66,4340a96c,KG,500,2,60,21/12/2023,Cash,21/12/2023 21:35:24,
eb1e4017,38488d33,KG,2,1,60,21/12/2023,Cash,21/12/2023 21:37:06,
9124c0f1,38488d35,KG,2,1,60,21/12/2023,Cash,21/12/2023 21:37:46,
ac8c1262,38488d32,Liter,1,3,162,22/12/2023,Cash,22/12/2023 14:38:26,
d3f24902,38488d43,KG,1,1,50,22/12/2023,Cash,22/12/2023 14:38:46,
fb9b84dc,38488d46,KG,1500,1,50,22/12/2023,Cash,22/12/2023 14:39:07,
fe516670,8b3efe54,Piece,1,1,300,22/12/2023,Cash,22/12/2023 14:41:47,
cde5d1b1,52cdaa61,KG,500,1,35,22/12/2023,Cash,22/12/2023 17:17:23,
c634613a,38488d47,KG,10,1,300,22/12/2023,Cash,22/12/2023 17:18:27,
d62ed289,a208793d,Piece,1,2,600,22/12/2023,Cash,22/12/2023 18:23:47,
987144a1,38488d70,Piece,6,12,240,22/12/2023,Cash,22/12/2023 18:25:29,
eb83b526,38488d51,KG,1.5,1,420,22/12/2023,Cash,22/12/2023 18:31:11,
aa6612d3,38488d55,Piece,1,10,100,22/12/2023,Cash,22/12/2023 18:32:19,
2a863a3c,cae57605,Piece,1,5,50,22/12/2023,Cash,22/12/2023 18:34:34,
fc3b9183,38488d71,KG,1,1,25,22/12/2023,Cash,22/12/2023 18:41:05,
28072a35,38488d84,KG,0.5,1,20,22/12/2023,Cash,22/12/2023 18:43:03,
06c098ed,38488d37,KG,0.5,1,15,22/12/2023,Cash,22/12/2023 18:43:50,
d3ac5ff9,38488d32,Liter,1,3,162,23/12/2023,Cash,23/12/2023 11:57:30,
242a49de,5040fe86,KG,3,1,60,23/12/2023,Cash,23/12/2023 11:59:04,
8d8eab02,38488d66,KG,2.5,1,100,23/12/2023,Cash,23/12/2023 11:59:51,
c12cfab3,8fe4d6eb,Piece,1,1,50,23/12/2023,Cash,23/12/2023 17:43:59,
ea01fded,38488d33,KG,2,1,60,23/12/2023,Cash,23/12/2023 17:47:45,
aab84470,38488d35,KG,2,1,40,23/12/2023,Cash,23/12/2023 17:49:25,
44b7ba15,5040fe86,KG,2,1,40,23/12/2023,Cash,23/12/2023 17:49:54,
b24e77a5,38488d56,Piece,1,1,60,23/12/2023,Cash,23/12/2023 19:11:06,
bda95692,9f37f7c4,KG,500,1,70,23/12/2023,Cash,23/12/2023 22:01:16,
f38773e5,38488d32,Liter,1,3,162,24/12/2023,Cash,24/12/2023 12:09:26,
27a7376b,38488d66,KG,3,1,120,24/12/2023,Cash,24/12/2023 12:09:48,
5be3ad70,38488d79,Piece,1,13,130,24/12/2023,Cash,24/12/2023 18:01:06,
1b19c4c3,38488d51,KG,0.75,1,180,24/12/2023,Cash,24/12/2023 20:16:24,
a800d317,38488d32,Liter,1,3,162,24/12/2023,Cash,24/12/2023 22:03:00,
37c1cd17,38488d32,Liter,1,3,162,25/12/2023,Cash,25/12/2023 10:33:35,
087bd17c,38488d68,KG,3,1,90,25/12/2023,Cash,25/12/2023 10:33:50,
a4d23226,38488d35,KG,3,1,70,25/12/2023,Cash,25/12/2023 10:34:27,
3c3d3c2d,38488d50,KG,1,1,40,25/12/2023,Cash,25/12/2023 10:34:46,
9ceb7ec6,38488d38,KG,0.6,1,50,25/12/2023,Cash,25/12/2023 10:35:22,
a2d1550c,0390b81d,Piece,1,6,150,25/12/2023,Cash,25/12/2023 18:30:23,
c4dc2435,2bdbfdb7,Piece,1,20,200,25/12/2023,Cash,25/12/2023 18:35:08,
47fc1b37,04a31ae4,Piece,1,25,375,25/12/2023,Cash,25/12/2023 18:43:44,
bf1cb2a7,38488d32,Liter,1,3,162,26/12/2023,Cash,26/12/2023 10:08:14,
d8a5dfeb,38488d38,KG,0.4,2,50,26/12/2023,Cash,26/12/2023 10:08:36,
4e899a7e,38488d48,KG,1,1,72,26/12/2023,Cash,26/12/2023 10:09:27,
d15c5b6c,38488d43,KG,0.5,3,30,26/12/2023,Cash,26/12/2023 10:09:57,
37284ce2,38488d69,,0.25,1,110,26/12/2023,Cash,26/12/2023 18:14:27,
8e961eeb,38488d47,KG,15,1,390,26/12/2023,Cash,26/12/2023 18:36:25,
02b604e7,38488d32,KG,1,1,54,26/12/2023,Cash,26/12/2023 18:37:01,
22e33ea8,38488d33,KG,3,1,60,26/12/2023,Cash,26/12/2023 21:45:53,
205c55db,38488d68,KG,6,1,150,26/12/2023,Cash,26/12/2023 21:46:54,
1410b4ee,38488d72,KG,1,1,40,26/12/2023,Cash,26/12/2023 21:48:00,
8d13ff0f,38488d36,KG,1,1,120,26/12/2023,Cash,26/12/2023 21:48:23,
a13c22b9,38488d84,KG,2,1,80,26/12/2023,Cash,26/12/2023 21:48:40,
9d7e1565,38488d82,KG,1,1,40,26/12/2023,Cash,26/12/2023 21:49:19,
add9f433,818ce46b,KG,1,1,50,26/12/2023,Cash,26/12/2023 21:49:38,
fe7e3607,a31d5abb,KG,500,1,120,26/12/2023,Cash,26/12/2023 21:52:46,
eef7d593,5040fe86,KG,5,1,50,26/12/2023,Cash,26/12/2023 21:53:24,
57ae0966,1870042c,KG,5,1,100,26/12/2023,Cash,26/12/2023 22:03:34,
840c8654,38488d32,Liter,1,3,162,27/12/2023,Cash,27/12/2023 09:39:27,
002f3a71,38488d38,KG,0.6,1,50,27/12/2023,Cash,27/12/2023 09:40:48,
8c31dbdc,434526b6,KG,0.25,1,180,27/12/2023,Cash,27/12/2023 18:15:10,
617ed8c4,44dd850e,KG,500,1,240,27/12/2023,Cash,27/12/2023 20:43:07,
f99e2c69,38488d32,Liter,1,3,162,28/12/2023,Cash,28/12/2023 09:54:51,
e8360cf3,38488d38,KG,0.6,1,50,28/12/2023,Cash,28/12/2023 09:55:19,
07f53b85,2f5f74e8,Piece,1,1,35,28/12/2023,Cash,28/12/2023 09:55:53,
0812cd32,49bab0db,Liter,1,2,100,28/12/2023,Cash,29/12/2023 07:46:48,
c1a098bd,38488d32,Liter,1,3,162,29/12/2023,Cash,29/12/2023 11:04:32,
4fd8612e,38488d50,KG,1.5,1,50,29/12/2023,Cash,29/12/2023 11:04:53,
1b472510,38488d35,KG,2,1,50,29/12/2023,Cash,29/12/2023 11:05:56,
3a1820f3,38488d66,KG,3,1,120,29/12/2023,Cash,29/12/2023 11:06:39,
21d5775c,38488d79,Piece,1,4,40,29/12/2023,Cash,29/12/2023 17:16:36,
c9b620f3,38488d32,Liter,1,3,162,30/12/2023,Cash,30/12/2023 10:57:05,
d272e1b7,38488d40,KG,1,1,50,30/12/2023,Cash,30/12/2023 10:57:27,
c7407aa4,38488d48,KG,1,2,100,30/12/2023,Cash,30/12/2023 10:59:56,
194a7ce5,070c1507,Piece,1,6,50,30/12/2023,Cash,30/12/2023 14:47:51,
135d6dcf,38488d37,KG,1500,1,50,30/12/2023,Cash,30/12/2023 14:48:31,
7f717e0a,38488d33,KG,2,1,50,30/12/2023,Cash,30/12/2023 14:49:52,
19f15483,38488d35,KG,2,1,60,30/12/2023,Cash,30/12/2023 17:53:04,
e6ec80f4,38488d68,KG,500,2,140,30/12/2023,Cash,30/12/2023 17:53:41,
d9e52956,38488d33,KG,2,1,50,30/12/2023,Cash,30/12/2023 17:56:47,
4fd5f59a,0c53ef5a,KG,250,1,20,30/12/2023,Cash,30/12/2023 17:57:08,
9f50bcdc,38488d54,KG,5,1,180,30/12/2023,Cash,30/12/2023 17:59:57,
0d39be24,38488d34,KG,1,1,50,30/12/2023,Cash,30/12/2023 18:00:39,
852cad33,1870042c,KG,5,1,110,30/12/2023,Cash,30/12/2023 22:07:18,
3baa4560,38488d32,Liter,1,3,162,31/12/2023,Cash,31/12/2023 10:41:22,
0f4c38bc,38488d40,KG,500,1,30,31/12/2023,Cash,31/12/2023 10:41:41,
cdacc222,38488d50,KG,1,1,40,31/12/2023,Cash,31/12/2023 10:42:08,
b2753396,5040fe86,KG,2,1,40,31/12/2023,Cash,31/12/2023 10:43:11,
f260c273,0390b81d,Piece,1,2,50,31/12/2023,Cash,31/12/2023 10:43:42,
511ec1cd,38488d66,KG,2500,1,100,31/12/2023,Cash,31/12/2023 11:01:02,
45bb9e75,38488d32,Liter,500,5,135,31/12/2023,Cash,31/12/2023 19:55:09,
66af0ce3,1b935403,KG,500,1,35,31/12/2023,Cash,31/12/2023 19:58:43,
fbb1845c,38488d32,Liter,1,3,162,01/01/2024,Cash,01/01/2024 10:11:40,
81948c78,38488d38,KG,400,1,50,01/01/2024,Cash,01/01/2024 10:12:00,
6202c173,38488d72,KG,500,1,40,01/01/2024,Cash,01/01/2024 10:12:27,
b94d3468,fcde63e0,Piece,,2,10,01/01/2024,Cash,01/01/2024 10:13:29,
c26b5b97,a92f80eb,KG,6,1,100,01/01/2024,Cash,01/01/2024 10:13:54,
897c5fa9,38488d51,KG,750,1,240,01/01/2024,Cash,01/01/2024 10:14:10,
5bccfa3e,38488d51,KG,1,1,280,01/01/2024,Cash,01/01/2024 12:43:17,
ec3d2132,38488d34,KG,1,1,60,01/01/2024,Cash,01/01/2024 12:44:16,
b297ffd3,1fa08a97,Piece,1,61,732,01/01/2024,Cash,01/01/2024 12:44:35,
9145c4d8,38488d32,Liter,500,4,108,01/01/2024,Cash,01/01/2024 19:24:19,
cf61b854,38488d46,Liter,2,2,190,01/01/2024,Cash,01/01/2024 19:25:59,
8e8a3ce1,c4721744,Piece,1,4,200,01/01/2024,Cash,01/01/2024 19:26:33,
c0681fec,a30cd5cc,Piece,1,8,130,01/01/2024,Cash,01/01/2024 19:30:22,
c13a0b1a,b530d255,Piece,1,1,30,01/01/2024,Cash,01/01/2024 19:31:46,
6cf46e81,0601c3cb,Piece,6,1,55,01/01/2024,Cash,01/01/2024 19:34:15,
d78f4589,38488d48,KG,1500,2,102,01/01/2024,Cash,01/01/2024 21:36:28,
beef6178,38488d32,Liter,1,2,108,02/01/2024,Cash,02/01/2024 09:16:05,
55ee6839,1870042c,KG,1,1,40,02/01/2024,Cash,02/01/2024 09:16:33,
4a14ee83,38488d47,KG,2,1,80,02/01/2024,Cash,02/01/2024 09:16:48,
24762fd9,38488d36,KG,300,1,50,02/01/2024,Cash,02/01/2024 09:17:20,
e3133b3a,38488d34,KG,250,1,20,02/01/2024,Cash,02/01/2024 09:17:39,
2be1483e,0c53ef5a,KG,100,1,10,02/01/2024,Cash,02/01/2024 09:18:19,
2514ce10,38488d35,KG,1.5,1,45,02/01/2024,Cash,02/01/2024 15:34:30,
83460de9,38488d37,KG,1,1,30,02/01/2024,Cash,02/01/2024 15:36:28,
d8b5e760,38488d34,KG,250,1,20,02/01/2024,Cash,02/01/2024 15:37:06,
f427c57b,38488d69,KG,250,1,110,02/01/2024,Cash,02/01/2024 20:02:42,
e11caee0,6b5d3659,KG,500,1,100,02/01/2024,Cash,02/01/2024 20:03:15,
b0e18e1b,38488d68,KG,5,1,150,02/01/2024,Cash,02/01/2024 20:03:47,
1ca21dc4,38488d33,KG,3,1,70,02/01/2024,Cash,02/01/2024 20:04:28,
74a65607,df878bc5,KG,1,1,60,02/01/2024,Cash,02/01/2024 20:05:33,
d42ca0ef,38488d35,KG,3,1,60,02/01/2024,Cash,02/01/2024 21:36:10,
84d41754,5040fe86,KG,6,1,60,02/01/2024,Cash,02/01/2024 21:36:34,
a7cf2968,0390b81d,Piece,1,7,140,02/01/2024,Cash,02/01/2024 21:38:48,
f07b3ecc,a31d5abb,KG,500,1,120,02/01/2024,Cash,02/01/2024 21:39:29,
2f9844bf,38488d36,KG,1500,1,180,02/01/2024,Cash,02/01/2024 21:39:57,
7ed1eaa1,38488d71,KG,4,1,90,02/01/2024,Cash,02/01/2024 21:41:40,
2726a95c,e326a5bc,KG,1,1,90,02/01/2024,Cash,02/01/2024 21:42:19,
bcb80ad4,859c1eff,Piece,1,1,78,02/01/2024,Cash,02/01/2024 21:43:33,
8d56f43d,38488d66,KG,3,1,60,02/01/2024,Cash,02/01/2024 21:43:59,
48f3b61c,38488d72,KG,1,1,30,02/01/2024,Cash,02/01/2024 21:44:46,
2fe3d39f,38488d82,KG,1,1,40,02/01/2024,Cash,02/01/2024 21:45:18,
d6a852ca,1870042c,KG,5,1,130,02/01/2024,Cash,02/01/2024 22:05:00,
852f3524,38488d47,KG,5,1,170,02/01/2024,Cash,02/01/2024 22:05:38,
9342af9a,38488d32,Liter,1,3,162,03/01/2024,Cash,03/01/2024 14:47:15,
3dfb57e7,89e823ea,Piece,1,1,100,03/01/2024,Cash,03/01/2024 14:48:04,
f687c7a8,31170873,Piece,1,1,160,03/01/2024,Cash,03/01/2024 14:48:41,
c4c552db,c8847587,Piece,1,2,200,03/01/2024,Cash,03/01/2024 14:49:23,
101803b7,ee4c7cc6,Piece,1,1,70,03/01/2024,Cash,03/01/2024 19:43:37,
f1a20e14,38488d79,Piece,1,5,75,03/01/2024,Cash,03/01/2024 19:45:02,
4de65aa7,38488d70,Piece,6,16,415,03/01/2024,Cash,03/01/2024 19:45:28,
9680cab9,38488d37,KG,800,1,20,03/01/2024,Cash,03/01/2024 19:47:01,
37b99e51,38488d84,KG,500,1,30,03/01/2024,Cash,03/01/2024 19:47:48,
8b55faaf,38488d72,KG,250,1,20,03/01/2024,Cash,03/01/2024 21:22:27,
a3f4759c,38488d32,KG,500,2,54,03/01/2024,Cash,03/01/2024 21:55:43,
1979559c,38488d32,Liter,1,3,162,04/01/2024,Cash,04/01/2024 09:05:40,
9ada0293,38488d48,KG,1500,2,106,04/01/2024,Cash,04/01/2024 13:07:19,
ed344b67,38488d75,Piece,1,6,60,04/01/2024,Cash,04/01/2024 13:07:50,
7872983e,38488d56,Piece,1,2,130,04/01/2024,Cash,04/01/2024 13:08:25,
c171fb4f,a92f80eb,KG,50,1,500,04/01/2024,Cash,04/01/2024 13:38:53,
4e27fefe,791d3bd3,KG,250,1,180,04/01/2024,Cash,04/01/2024 17:54:25,
4b34afa9,38488d47,KG,8,1,280,04/01/2024,Cash,04/01/2024 17:55:00,
3ba98610,38488d35,KG,2,1,50,04/01/2024,Cash,04/01/2024 17:55:46,
91d4529b,38488d55,Piece,5,1,50,04/01/2024,Cash,04/01/2024 17:56:03,
7b809d09,e0ae4eda,KG,200,1,45,04/01/2024,Cash,04/01/2024 21:50:11,
637ed177,38488d32,Liter,1,3,162,05/01/2024,Cash,05/01/2024 17:02:06,
513ec633,38488d50,KG,1.5,1,50,05/01/2024,Cash,05/01/2024 17:02:24,
fb3102cb,38488d38,KG,0.6,1,50,05/01/2024,Cash,05/01/2024 17:03:37,
abe47e98,52cdaa61,KG,50,1,1430,05/01/2024,Cash,05/01/2024 17:05:04,
4baf008f,cce54458,KG,0.5,4,280,05/01/2024,Cash,05/01/2024 17:50:01,
c6c1c5f8,38488d33,KG,2,1,60,05/01/2024,Cash,05/01/2024 17:53:21,
ccb7afe9,38488d32,Liter,1,3,162,06/01/2024,Cash,06/01/2024 16:42:12,
3f3c4427,df878bc5,KG,1.5,1,90,06/01/2024,Cash,06/01/2024 16:42:38,
26dfaadc,38488d79,Piece,1,2,20,06/01/2024,Cash,06/01/2024 20:44:38,
c9e8cda0,fb23b3a4,Piece,1,2,45,06/01/2024,Cash,06/01/2024 20:52:37,
d7b99e98,38488d32,Liter,1,3,162,07/01/2024,Cash,07/01/2024 10:30:02,
1a718c57,38488d48,KG,0.5,1,34,07/01/2024,Cash,07/01/2024 10:30:21,
2d7fa6c0,2bdbfdb6,KG,1.25,1,125,07/01/2024,Cash,07/01/2024 10:30:56,
c486a7f8,2bdbfdb8,Piece,1,2,20,07/01/2024,Cash,07/01/2024 10:32:04,
ee692b48,ee4c7cc6,Piece,1,1,150,07/01/2024,Cash,07/01/2024 17:57:50,
9d72d22b,becc6a8c,Piece,1,1,70,07/01/2024,Cash,07/01/2024 17:59:14,
c8724e04,070c1507,Piece,1,6,50,07/01/2024,Cash,07/01/2024 17:59:41,
32e1857f,38488d32,Liter,1,5,270,07/01/2024,Cash,07/01/2024 21:55:39,
bdfa102c,8fe4d6eb,Piece,1,1,10,07/01/2024,Cash,07/01/2024 22:51:29,
4a552d40,1870042c,KG,5,1,120,07/01/2024,Cash,07/01/2024 22:56:23,
7dde64f4,38488d32,Liter,1,3,162,08/01/2024,Cash,08/01/2024 09:24:14,
2ed30fa0,38488d38,KG,600,1,50,08/01/2024,Cash,08/01/2024 09:24:59,
c3d3adb8,38488d68,KG,500,2,140,08/01/2024,Cash,08/01/2024 17:24:34,
c33827b9,38488d62,KG,1,6,270,08/01/2024,Cash,08/01/2024 17:42:44,
c6ca776c,2f5f74e8,Piece,1,1,35,08/01/2024,Cash,08/01/2024 17:46:47,
fa4e03ee,38488d57,KG,0.25,1,20,08/01/2024,Cash,08/01/2024 17:50:00,
587dad9a,38488d63,KG,1.5,1,60,08/01/2024,Cash,08/01/2024 18:10:32,
31008dac,fb9ea07d,KG,0.15,1,20,08/01/2024,Cash,08/01/2024 18:17:47,
8eb87254,2c4d95ef,KG,0.5,1,60,08/01/2024,Cash,08/01/2024 18:20:20,
1f0e01f5,38488d60,KG,0.5,1,80,08/01/2024,Cash,08/01/2024 19:13:07,
5946cb93,38488d64,Piece,1,1,45,08/01/2024,Cash,08/01/2024 19:14:13,
4dfe3ea2,1c8c560e,KG,0.1,1,25,08/01/2024,Cash,08/01/2024 19:15:00,
8a4876c3,e015cd8b,KG,0.5,1,60,08/01/2024,Cash,08/01/2024 19:15:51,
ef67ae00,38488d62,KG,1,2,90,08/01/2024,Cash,08/01/2024 20:28:47,
7dd7379d,38488d32,Liter,1,1,54,08/01/2024,Cash,08/01/2024 21:20:37,
e5024693,38488d47,KG,10,1,300,08/01/2024,Cash,08/01/2024 21:56:12,
cd59401c,1870042c,KG,5,1,120,08/01/2024,Cash,08/01/2024 21:57:05,
39eef25a,38488d32,Liter,1,3,162,09/01/2024,Cash,09/01/2024 14:15:36,
1d1810a2,38488d38,KG,600,3,150,09/01/2024,Cash,09/01/2024 14:16:05,
9dd69880,38488d34,KG,1,1,50,09/01/2024,Cash,09/01/2024 14:16:45,
c83cb43c,38488d82,KG,250,1,10,09/01/2024,Cash,09/01/2024 14:17:02,
6169d15b,38488d35,KG,4,1,100,09/01/2024,Cash,09/01/2024 18:25:55,
1bbff3ea,38488d69,KG,250,1,110,09/01/2024,Cash,09/01/2024 18:27:46,
71cbbe74,3095f6ad,KG,2,1,90,09/01/2024,Cash,09/01/2024 18:30:33,
b272a841,38488d32,Liter,1,2,112,09/01/2024,Cash,09/01/2024 18:31:43,
60608d37,fcd75bd5,Piece,1,2,20,09/01/2024,Cash,09/01/2024 18:33:00,
6ddd11cc,38488d68,KG,4,1,120,09/01/2024,Cash,09/01/2024 20:32:28,
dffce5ba,38488d63,KG,2,1,60,09/01/2024,Cash,09/01/2024 20:34:12,
8a55fb47,38488d33,KG,3,1,60,09/01/2024,Cash,09/01/2024 20:35:14,
49ae344b,38488d36,KG,1500,1,180,09/01/2024,Cash,09/01/2024 21:35:40,
bfe66bfe,38488d72,KG,1,1,40,09/01/2024,Cash,09/01/2024 21:36:21,
8d7b0ea4,38488d82,KG,1,1,40,09/01/2024,Cash,09/01/2024 21:36:56,
14d656e3,7cfdeddd,KG,1,1,50,09/01/2024,Cash,09/01/2024 21:37:33,
69617a09,a31d5abb,KG,500,1,120,09/01/2024,Cash,09/01/2024 21:38:04,
7fe98ddc,818ce46b,KG,1,1,50,09/01/2024,Cash,09/01/2024 21:38:39,
af71b402,524a0b85,Piece,1,15,150,09/01/2024,Cash,09/01/2024 21:48:18,
69290cc9,0390b81d,Piece,1,7,140,09/01/2024,Cash,09/01/2024 21:49:31,
2063677b,38488d32,Liter,1,3,162,10/01/2024,Cash,10/01/2024 09:38:08,
ae27ee10,38488d38,KG,600,1,50,10/01/2024,Cash,10/01/2024 09:38:45,
6748a5b5,49bab0db,Piece,1,2,50,10/01/2024,Cash,10/01/2024 14:52:26,
c1eef91e,1870042c,KG,5,1,120,10/01/2024,Cash,10/01/2024 14:56:01,
bda38942,38488d55,Piece,1,2,20,10/01/2024,Cash,10/01/2024 18:06:12,
6cc8594c,38488d32,Liter,1,1,54,10/01/2024,Cash,10/01/2024 21:20:33,
54ea466a,38488d32,Liter,1,3,162,11/01/2024,Cash,11/01/2024 13:41:24,
5543748a,38488d78,KG,0.5,1,36,11/01/2024,Cash,11/01/2024 13:41:48,
4cef7117,38488d56,Piece,1,2,220,11/01/2024,Cash,11/01/2024 19:36:35,
bc5193c1,38488d32,Liter,1,3,162,12/01/2024,Cash,12/01/2024 09:33:05,
8be10ad4,38488d34,KG,250,1,10,12/01/2024,Cash,12/01/2024 09:33:32,
76c7394f,0c53ef5a,KG,100,1,10,12/01/2024,Cash,12/01/2024 09:35:41,
ad8acba8,3f40d071,Piece,12,8,320,12/01/2024,Cash,12/01/2024 09:36:08,
0e6b2000,38488d43,KG,1,1,50,12/01/2024,Cash,12/01/2024 12:53:20,
60b55b78,38488d33,KG,2500,1,70,12/01/2024,Cash,12/01/2024 22:16:59,
291e4a6c,38488d47,KG,10,1,300,12/01/2024,Cash,12/01/2024 22:17:20,
675c1fac,38488d32,Liter,1,3,162,13/01/2024,Cash,13/01/2024 11:20:37,
a0511b28,38488d64,Piece,1,4,180,13/01/2024,Cash,13/01/2024 14:00:38,
a7e8a9de,72333f40,Piece,1,2,60,13/01/2024,Cash,13/01/2024 14:02:47,
b45d49a7,b20fb1fa,Piece,15,4,120,13/01/2024,Cash,13/01/2024 14:04:35,
c86b36d5,316fcd40,KG,5,1,300,13/01/2024,Cash,13/01/2024 14:06:07,
42074104,38488d35,KG,3,1,90,13/01/2024,Cash,13/01/2024 14:27:04,
b9d6e694,5040fe86,KG,2,1,40,13/01/2024,Cash,13/01/2024 14:27:40,
283577a5,52cdaa61,KG,0.5,1,35,13/01/2024,Cash,13/01/2024 14:28:37,
0e921c15,1870042c,KG,5,1,120,13/01/2024,Cash,13/01/2024 18:29:35,
57411fe6,65ea8a65,Piece,1,1,1900,13/01/2024,Cash,13/01/2024 18:37:18,
7f1eec1f,38488d51,KG,1.5,1,420,13/01/2024,Cash,13/01/2024 18:41:23,
3c78ec86,5ad61e4e,KG,2,1,100,13/01/2024,Cash,13/01/2024 18:58:01,
7d103b8e,38488d34,KG,1,1,50,13/01/2024,Cash,13/01/2024 18:58:59,
c0dd9ae7,23b9f5a5,KG,1,1,220,13/01/2024,Cash,13/01/2024 19:19:28,
d0d45ef2,e3c0fff2,KG,1,1,90,13/01/2024,Cash,13/01/2024 19:22:50,
393b6faf,38488d32,Liter,1,2,108,13/01/2024,Cash,13/01/2024 22:40:53,
451fff48,fcd75bd5,Piece,1,2,20,13/01/2024,Cash,13/01/2024 22:46:45,
aeaaf8e5,1e986aaf,Piece,1,1,50,13/01/2024,Cash,13/01/2024 22:48:41,
a576cd38,38488d68,KG,5,1,150,13/01/2024,Cash,13/01/2024 23:09:53,
6a82618d,38488d32,Liter,1,3,162,14/01/2024,Cash,14/01/2024 16:54:11,
92580af7,2bdbfdb6,KG,1,1,125,14/01/2024,Cash,14/01/2024 17:38:43,
24d87092,2bdbfdb8,Piece,1,1,45,14/01/2024,Cash,14/01/2024 17:40:02,
f82684f1,38488d79,Piece,1,70,700,14/01/2024,Cash,14/01/2024 17:42:10,
76835516,38488d32,Liter,1,2,108,14/01/2024,Cash,14/01/2024 20:49:10,
38c4fa00,38488d50,KG,1,1,40,14/01/2024,Cash,14/01/2024 20:52:12,
0b9caf3c,38488d32,Liter,1,3,162,14/01/2024,Cash,14/01/2024 21:01:57,
0a0954a5,c4721744,Piece,1,1,50,14/01/2024,Cash,14/01/2024 22:00:13,
fbb20aae,ed041292,Piece,1,1,150,14/01/2024,Cash,14/01/2024 22:01:46,
0b5326da,38488d32,Liter,1,3,162,15/01/2024,Cash,15/01/2024 11:00:47,
f1381595,38488d72,KG,0.25,1,20,15/01/2024,Cash,15/01/2024 11:01:04,
77c3d8c4,38488d48,KG,2.5,3,178,15/01/2024,Cash,15/01/2024 11:01:32,
dd1ab07e,38488d82,KG,0.25,1,20,15/01/2024,Cash,15/01/2024 11:03:07,
7afe0aff,38488d78,KG,0.5,1,35,15/01/2024,Cash,15/01/2024 11:03:34,
f324d7cf,38488d75,Piece,1,4,40,15/01/2024,Cash,15/01/2024 11:04:32,
338794ed,38488d51,KG,1.5,1,420,15/01/2024,Cash,15/01/2024 18:32:35,
99bb9aeb,1870042c,KG,2,1,60,15/01/2024,Cash,15/01/2024 18:33:12,
141c17cb,38488d47,KG,2,1,80,15/01/2024,Cash,15/01/2024 18:34:30,
38901d8f,81cb458e,Liter,1,3,300,15/01/2024,Cash,15/01/2024 19:01:28,
7298f722,1870042c,KG,5,1,120,15/01/2024,Cash,15/01/2024 19:13:42,
f34bab62,38488d47,KG,10,1,300,15/01/2024,Cash,15/01/2024 19:14:01,
5123a6d8,38488d55,Piece,1,2,20,15/01/2024,Cash,15/01/2024 22:15:01,
5bfb4a69,38488d32,Liter,1,3,162,16/01/2024,Cash,16/01/2024 10:59:00,
90b7efb4,38488d48,KG,200,1,18,16/01/2024,Cash,16/01/2024 10:59:18,
2120a65d,38488d69,KG,0.25,1,110,16/01/2024,Cash,16/01/2024 18:20:59,
76f16978,38488d36,KG,0.25,1,40,16/01/2024,Cash,16/01/2024 18:22:00,
74b0f448,791d3bd3,KG,0.25,1,175,16/01/2024,Cash,16/01/2024 18:22:36,
497db6dc,38488d55,Piece,1,10,50,16/01/2024,Cash,16/01/2024 18:24:28,
f82c9879,38488d78,KG,1,2,100,16/01/2024,Cash,16/01/2024 18:25:25,
a6537edc,058ead3d,Piece,1,2,40,16/01/2024,Cash,16/01/2024 18:26:26,
3c30e140,38488d72,KG,1,1,50,16/01/2024,Cash,16/01/2024 19:57:10,
7bb05ab3,5040fe86,KG,4,1,100,16/01/2024,Cash,16/01/2024 19:57:47,
07cfa31d,38488d82,KG,2,1,80,16/01/2024,Cash,16/01/2024 19:59:14,
24da4040,38488d35,KG,3,1,60,16/01/2024,Cash,16/01/2024 21:21:00,
96f5f098,38488d68,KG,2,1,60,16/01/2024,Cash,16/01/2024 21:21:32,
a19e58c4,38488d37,KG,3,1,60,16/01/2024,Cash,16/01/2024 21:22:17,
24d98d95,38488d66,KG,2,1,50,16/01/2024,Cash,16/01/2024 21:22:33,
263bbb5c,1fa08a97,KG,1500,2,360,16/01/2024,Cash,16/01/2024 21:23:51,
da6d6548,a31d5abb,KG,500,1,130,16/01/2024,Cash,16/01/2024 21:54:25,
54606eb9,38488d34,KG,1500,1,180,16/01/2024,Cash,16/01/2024 21:55:11,
d5a57e97,38488d63,KG,2,1,60,16/01/2024,Cash,16/01/2024 21:56:40,
f47a0d02,7211596c,Piece,12,1,100,16/01/2024,Cash,16/01/2024 22:07:04,
94ed7c2f,38488d84,KG,1500,1,60,16/01/2024,Cash,16/01/2024 22:28:23,
90153d0a,38488d32,Liter,1,3,162,17/01/2024,Cash,17/01/2024 11:56:30,
080efdd7,38488d32,Liter,1,3,162,18/01/2024,Cash,18/01/2024 09:46:37,
81d481de,38488d38,KG,0.6,1,45,18/01/2024,Cash,18/01/2024 17:46:27,
eea56aca,35cf7f7d,Piece,1,1,280,18/01/2024,Cash,18/01/2024 17:47:20,
6fffb9a4,38488d34,KG,0.25,1,10,18/01/2024,Cash,18/01/2024 17:49:35,
782594d0,0c53ef5a,KG,0.1,1,10,18/01/2024,Cash,18/01/2024 17:50:29,
e956b701,38488d59,KG,1,1,160,18/01/2024,Cash,18/01/2024 19:46:42,
dc21d02f,38488d60,KG,1,1,160,18/01/2024,Cash,18/01/2024 19:48:56,
5a01c64f,1870042c,KG,2.5,1,70,18/01/2024,Cash,18/01/2024 19:49:42,
7cd82ae3,859c1eff,Piece,1,5,50,18/01/2024,Cash,18/01/2024 21:28:43,
6e84e37e,070c1507,Piece,1,6,50,18/01/2024,Cash,18/01/2024 21:30:29,
39fe2fc8,38488d32,Liter,1,3,162,19/01/2024,Cash,19/01/2024 09:15:18,
ce675553,38488d38,Liter,400,2,50,19/01/2024,Cash,19/01/2024 09:16:19,
5baad603,38488d48,KG,1,1,72,19/01/2024,Cash,19/01/2024 09:17:26,
2987247d,38488d53,KG,1,1,28,19/01/2024,Cash,19/01/2024 09:18:08,
47d2434c,38488d34,KG,250,1,15,19/01/2024,Cash,19/01/2024 09:18:42,
75377306,38488d43,KG,1,1,60,19/01/2024,Cash,19/01/2024 22:05:10,
ea9bacf4,38488d32,Liter,1,3,162,20/01/2024,Cash,20/01/2024 10:57:57,
bd4d2d6b,38488d63,KG,1.5,1,60,20/01/2024,Cash,20/01/2024 15:31:18,
3242bf0c,fb9ea07d,KG,0.25,1,30,20/01/2024,Cash,20/01/2024 16:13:13,
c7785dfb,38488d57,KG,0.25,1,40,20/01/2024,Cash,20/01/2024 16:18:49,
8cc923e1,38488d68,KG,0.5,2,140,20/01/2024,Cash,20/01/2024 16:19:23,
36d4203e,2c4d95ef,KG,0.5,1,60,20/01/2024,Cash,20/01/2024 16:20:20,
e9ef2fee,2f5f74e8,Piece,1,1,30,20/01/2024,Cash,20/01/2024 16:20:56,
a47a9eda,38488d62,KG,1,7,315,20/01/2024,Cash,20/01/2024 16:24:07,
636bff72,1870042c,KG,5,1,150,20/01/2024,Cash,20/01/2024 18:07:55,
cc363e53,a92f80eb,KG,50,1,550,20/01/2024,Cash,20/01/2024 18:08:11,
d41d3963,38488d47,KG,10,1,280,20/01/2024,Cash,20/01/2024 18:08:45,
4ad36799,38488d32,Liter,1,3,162,21/01/2024,Cash,21/01/2024 15:13:30,
ba9fcea9,38488d50,KG,1500,1,60,21/01/2024,Cash,21/01/2024 15:13:48,
0eeb17be,38488d66,KG,2500,1,100,21/01/2024,Cash,21/01/2024 15:14:29,
e27f4f18,38488d79,Piece,1,10,100,21/01/2024,Cash,21/01/2024 20:40:27,
1c939b99,c4721744,Piece,1,20,600,21/01/2024,Cash,21/01/2024 21:40:25,
dd6a2908,38488d32,Liter,1,3,162,21/01/2024,Cash,21/01/2024 21:42:11,
5babcce1,86b486f8,Piece,1,12,60,21/01/2024,Cash,21/01/2024 22:05:03,
444a7a7b,38488d32,Liter,1,3,162,22/01/2024,Cash,22/01/2024 16:06:55,
7723c3d9,38488d38,KG,0.6,1,50,22/01/2024,Cash,22/01/2024 16:07:22,
353bb24b,38488d48,KG,0.2,1,18,22/01/2024,Cash,22/01/2024 16:08:34,
710aa326,38488d32,Liter,1,15,990,22/01/2024,Cash,22/01/2024 16:08:58,
ea0f03c6,38488d35,KG,8,1,240,22/01/2024,Cash,22/01/2024 16:12:39,
64458fa2,38488d32,Liter,1,10,660,22/01/2024,Cash,22/01/2024 23:53:00,
e579c431,fcd75bd5,KG,100,1,300,22/01/2024,Cash,22/01/2024 23:54:11,
71a561ea,89c87d59,KG,100,1,60,22/01/2024,Cash,22/01/2024 23:55:01,
f4c3180b,38488d36,KG,2,1,300,22/01/2024,Cash,22/01/2024 23:55:46,
8ff940a7,5040fe86,KG,3,1,90,22/01/2024,Cash,22/01/2024 23:56:36,
048b3098,38488d84,KG,2,1,100,23/01/2024,Cash,23/01/2024 18:12:03,
61c5d1fb,38488d68,KG,1,1,60,23/01/2024,Cash,23/01/2024 18:14:30,
71c19d5f,38488d69,KG,0.25,1,110,23/01/2024,Cash,23/01/2024 18:15:13,
1846190b,38488d47,KG,25,1,500,23/01/2024,Cash,23/01/2024 20:54:24,
e25a49de,38488d33,KG,3,1,90,23/01/2024,Cash,23/01/2024 22:01:41,
36b19534,38488d36,KG,1.5,1,180,23/01/2024,Cash,23/01/2024 22:02:08,
33116819,38488d40,KG,1,1,50,23/01/2024,Cash,23/01/2024 22:02:36,
f21557ca,38488d63,KG,2,1,60,23/01/2024,Cash,23/01/2024 22:03:18,
0ce26b19,38488d72,KG,1,1,60,23/01/2024,Cash,23/01/2024 22:03:45,
35a13013,38488d82,KG,1,1,50,23/01/2024,Cash,23/01/2024 22:04:15,
3f2063a8,a31d5abb,KG,0.5,1,130,23/01/2024,Cash,23/01/2024 22:05:10,
56d223d6,df878bc5,KG,1.5,1,90,23/01/2024,Cash,23/01/2024 22:05:39,
3de077f7,61deb399,KG,1.5,1,90,23/01/2024,Cash,23/01/2024 22:06:27,
dff6c2ba,38488d32,Liter,1,2,108,24/01/2024,Cash,24/01/2024 10:10:56,
94877990,38488d38,KG,400,1,20,24/01/2024,Cash,24/01/2024 10:11:22,
767a953c,1870042c,KG,5,1,140,24/01/2024,Cash,24/01/2024 18:23:47,
d6e59633,c8847587,Piece,1,3,150,24/01/2024,Cash,24/01/2024 18:24:22,
d9e4026b,38488d71,KG,1.5,1,45,24/01/2024,Cash,24/01/2024 18:26:40,
3439efbe,38488d84,KG,0.5,1,25,24/01/2024,Cash,24/01/2024 18:27:19,
28684f4f,38488d35,KG,1,1,25,24/01/2024,Cash,24/01/2024 18:31:52,
515a5260,38488d37,KG,0.5,1,15,24/01/2024,Cash,24/01/2024 18:32:14,
d5d096d4,38488d34,KG,0.15,1,10,24/01/2024,Cash,24/01/2024 18:32:58,
bccb1fa9,38488d70,Piece,12,8,280,24/01/2024,Cash,24/01/2024 18:35:45,
a5090f02,13f3d96d,Piece,1,1,880,24/01/2024,Cash,24/01/2024 21:12:06,
a3a2468f,38488d32,Liter,1,3,162,25/01/2024,Cash,25/01/2024 09:55:20,
1e07e24a,cae57605,Piece,1,4,20,25/01/2024,Cash,25/01/2024 09:55:38,
4838145b,e5090a8d,KG,4,1,360,25/01/2024,Cash,25/01/2024 16:11:16,
f48f9314,f578c988,Piece,1,1,100,25/01/2024,Cash,25/01/2024 19:46:04,
dedbef30,a208793d,Piece,1,2,500,25/01/2024,Cash,25/01/2024 19:51:02,
8460dce4,cce54458,KG,0.5,2,140,25/01/2024,Cash,25/01/2024 19:53:47,
61261d42,fdfe568c,KG,2,1,320,25/01/2024,Cash,25/01/2024 19:55:14,
6872b74a,38488d48,KG,5,1,300,25/01/2024,Cash,25/01/2024 19:57:16,
76214d45,1b935403,KG,0.5,1,35,25/01/2024,Cash,25/01/2024 19:57:40,
c23abb56,c4721744,Piece,2,5,210,25/01/2024,Cash,25/01/2024 21:18:43,
0c3b24d8,a30cd5cc,Piece,1,4,320,25/01/2024,Cash,25/01/2024 21:27:28,
a2a2eff6,81cb458e,KG,1,1,100,25/01/2024,Cash,25/01/2024 22:14:41,
4e3d4441,38488d32,Liter,1,3,162,26/01/2024,Cash,26/01/2024 09:07:26,
ffd54739,38488d68,KG,500,4,280,26/01/2024,Cash,26/01/2024 09:08:02,
02c6569e,38488d72,KG,500,1,50,26/01/2024,Cash,26/01/2024 09:08:45,
31eef969,51d017a1,KG,100,2,100,26/01/2024,Cash,26/01/2024 09:09:10,
31c9036f,5b074625,KG,0.5,1,65,26/01/2024,Cash,26/01/2024 19:37:50,
c11cb2fb,38488d32,Liter,1,3,162,27/01/2024,Cash,27/01/2024 09:50:34,
d4494719,38488d33,KG,1.5,1,60,27/01/2024,Cash,27/01/2024 09:50:55,
35f08060,070c1507,Piece,1,6,50,27/01/2024,Cash,27/01/2024 12:54:46,
eea2a784,38488d35,KG,4,1,100,27/01/2024,Cash,27/01/2024 17:19:18,
9ae901d3,1870042c,KG,5,1,200,27/01/2024,Cash,27/01/2024 17:19:39,
1454254a,38488d68,KG,5,1,200,27/01/2024,Cash,27/01/2024 17:19:53,
d7929b2a,3239911a,KG,2,1,290,27/01/2024,Cash,27/01/2024 19:32:29,
6f0e78ac,38488d32,Liter,1,3,162,28/01/2024,Cash,28/01/2024 12:08:44,
1fb4aa9e,38488d34,KG,1,1,80,28/01/2024,Cash,28/01/2024 12:08:59,
ab5130c7,38488d51,KG,1250,1,325,28/01/2024,Cash,28/01/2024 12:09:13,
0927137b,38488d55,Piece,1,1,10,28/01/2024,Cash,28/01/2024 12:10:49,
d42d96bc,1870042c,KG,5,1,150,28/01/2024,Cash,28/01/2024 20:05:00,
75641f98,38488d32,Liter,1,3,162,28/01/2024,Cash,28/01/2024 20:05:26,
42b59a5e,38488d79,Piece,1,15,150,28/01/2024,Cash,28/01/2024 20:05:48,
0f6cfe8e,38488d32,Liter,1,3,162,29/01/2024,Cash,29/01/2024 10:13:16,
8505a97e,38488d38,KG,0.6,3,150,29/01/2024,Cash,29/01/2024 10:13:36,
2cd9e41b,0e8ad1b5,Piece,1,1,160,29/01/2024,Cash,29/01/2024 12:22:28,
af2b61dc,acfc8632,KG,2,1,300,29/01/2024,Cash,29/01/2024 12:24:49,
9650ad7f,38488d33,KG,2500,1,100,29/01/2024,Cash,29/01/2024 21:43:46,
452da86c,38488d60,KG,1,1,160,29/01/2024,Cash,29/01/2024 21:44:13,
360efd03,38488d59,KG,1,1,160,29/01/2024,Cash,29/01/2024 21:44:48,
e6718cc0,38488d48,Piece,1,1,20,29/01/2024,Cash,29/01/2024 21:45:19,
9a028f3f,38488d32,Liter,1,3,162,30/01/2024,Cash,30/01/2024 10:50:19,
3ea7534e,38488d38,KG,0.6,1,50,30/01/2024,Cash,30/01/2024 10:50:37,
47d6eb62,38488d48,KG,0.5,2,68,30/01/2024,Cash,30/01/2024 10:50:55,
4741682a,3095f6ad,KG,2,1,92,30/01/2024,Cash,30/01/2024 10:51:19,
d0673513,38488d50,KG,1.5,1,60,30/01/2024,Cash,30/01/2024 10:52:27,
a9d76c91,7cfdeddd,KG,0.5,1,70,30/01/2024,Cash,30/01/2024 10:52:51,
11ea067b,38488d69,KG,0.25,1,110,30/01/2024,Cash,30/01/2024 18:51:11,
821b34a0,38488d32,Liter,1,2,108,30/01/2024,Cash,30/01/2024 18:52:27,
11fdf8de,81cb458e,Liter,1,1,100,30/01/2024,Cash,30/01/2024 18:52:50,
bfe727db,fcd75bd5,Piece,1,2,20,30/01/2024,Cash,30/01/2024 18:53:59,
8b9866e7,38488d36,KG,1.5,1,180,30/01/2024,Cash,30/01/2024 20:12:55,
f1139f45,38488d72,KG,1,1,60,30/01/2024,Cash,30/01/2024 20:13:27,
f26fabfe,38488d33,KG,2.5,1,100,30/01/2024,Cash,30/01/2024 20:14:04,
699ddd43,38488d63,KG,2,1,80,30/01/2024,Cash,30/01/2024 20:14:39,
068ac274,38488d35,KG,5,1,100,30/01/2024,Cash,30/01/2024 20:15:15,
47c62ba8,38488d68,KG,5,1,150,30/01/2024,Cash,30/01/2024 20:26:27,
eeb459c1,38488d84,KG,1.5,1,90,30/01/2024,Cash,30/01/2024 20:26:58,
5ca101be,5040fe86,KG,5,1,100,30/01/2024,Cash,30/01/2024 20:27:25,
0477a3e6,df878bc5,KG,1,1,80,30/01/2024,Cash,30/01/2024 20:28:16,
47910cae,524a0b85,Piece,12,1,100,30/01/2024,Cash,30/01/2024 21:47:06,
7a201880,38488d32,Liter,1,3,162,31/01/2024,Cash,31/01/2024 10:30:11,
e99bcff4,38488d82,KG,2,1,80,30/01/2024,Cash,30/01/2024 22:13:26,
2a9bc9ab,38488d38,KG,0.6,1,50,31/01/2024,Cash,31/01/2024 10:34:41,
0579abb9,38488d32,Liter,1,3,162,01/02/2024,Cash,01/02/2024 11:14:55,
8f8f1997,38488d38,KG,600,1,50,01/02/2024,Cash,01/02/2024 11:15:11,
dc5a8bfa,a92f80eb,KG,50,1,550,01/02/2024,Cash,01/02/2024 17:49:11,
785f6d44,38488d32,Liter,1,3,162,02/02/2024,Cash,02/02/2024 09:31:46,
541bc5f0,38488d38,KG,600,1,50,02/02/2024,Cash,02/02/2024 09:32:18,
cd94d7a8,13a4f998,Piece,1,1,150,02/02/2024,Cash,02/02/2024 19:02:09,
21ff88f2,31170873,Piece,1,1,150,02/02/2024,Cash,02/02/2024 19:16:23,
c699fb18,9130d9d3,Piece,1,1,90,02/02/2024,Cash,02/02/2024 19:17:12,
7007d023,38488d32,Liter,1,3,162,03/02/2024,Cash,03/02/2024 09:50:59,
48c2027e,1870042c,KG,2,1,80,03/02/2024,Cash,03/02/2024 09:51:44,
ed3c00a1,38488d33,KG,2,1,70,03/02/2024,Cash,03/02/2024 09:52:03,
f5568710,38488d37,KG,1,1,30,03/02/2024,Cash,03/02/2024 17:31:49,
4b4b6c91,38488d34,KG,250,1,20,03/02/2024,Cash,03/02/2024 17:32:11,
9ec7197f,38488d35,KG,5,1,120,03/02/2024,Cash,03/02/2024 17:32:33,
061f97b7,0c53ef5a,KG,250,1,20,03/02/2024,Cash,03/02/2024 17:32:50,
bccfa249,38488d32,Liter,1,3,162,04/02/2024,Cash,04/02/2024 11:15:56,
dcd04e6d,38488d48,KG,200,1,18,04/02/2024,Cash,04/02/2024 11:16:41,
b8e60a19,fcd75bd5,Piece,2,1,20,04/02/2024,Cash,04/02/2024 11:18:50,
59c8caf4,1870042c,KG,3,1,120,04/02/2024,Cash,04/02/2024 11:19:32,
4a07ee56,2bdbfdb6,KG,1250,1,125,04/02/2024,Cash,04/02/2024 11:21:34,
0d81f218,2bdbfdb8,Piece,1,2,20,04/02/2024,Cash,04/02/2024 11:22:58,
db8f19c4,38488d42,Piece,8,2,130,04/02/2024,Cash,04/02/2024 19:14:14,
c2e2e4af,38488d32,Liter,1,3,162,04/02/2024,Cash,04/02/2024 19:59:02,
fab19bfd,38488d32,Liter,1,3,162,05/02/2024,Cash,05/02/2024 08:57:34,
aa34cf20,38488d38,KG,600,1,50,05/02/2024,Cash,05/02/2024 08:57:53,
2026548f,89e823ea,KG,100,1,58,05/02/2024,Cash,05/02/2024 08:58:14,
73e3e316,38488d43,KG,0.5,5,50,05/02/2024,Cash,05/02/2024 11:16:58,
7d26340a,38488d33,KG,3,1,100,05/02/2024,Cash,05/02/2024 16:56:33,
4fc5198d,cce54458,KG,500,2,160,05/02/2024,Cash,05/02/2024 16:56:59,
2d7c351b,38488d32,KG,2500,2,133,05/02/2024,Cash,05/02/2024 16:59:06,
05e18d53,2f5f74e8,KG,0.15,1,44,05/02/2024,Cash,05/02/2024 18:33:22,
e265e534,1870042c,KG,5,1,150,05/02/2024,Cash,05/02/2024 18:35:36,
ae77cd4e,38488d32,Liter,1,3,162,06/02/2024,Cash,06/02/2024 09:11:19,
246de5ac,38488d38,KG,600,4,200,06/02/2024,Cash,06/02/2024 09:11:42,
8368ca82,38488d50,KG,1500,1,60,06/02/2024,Cash,06/02/2024 09:12:15,
a7027cb6,38488d34,KG,250,1,20,06/02/2024,Cash,06/02/2024 09:14:37,
a933daa5,0c53ef5a,KG,250,1,20,06/02/2024,Cash,06/02/2024 09:14:58,
40a5f361,3ed563fc,Piece,1,5,150,06/02/2024,Cash,06/02/2024 17:29:09,
fd79285d,090f0992,Liter,0.75,2,100,06/02/2024,Cash,06/02/2024 17:34:40,
56c9adf4,bf503910,Piece,1,1,50,06/02/2024,Cash,06/02/2024 17:36:13,
47c31d1a,38488d78,KG,1,2,100,06/02/2024,Cash,06/02/2024 17:37:45,
6e809c7f,38488d69,KG,0.25,1,110,06/02/2024,Cash,06/02/2024 17:38:12,
5abd49fe,38488d84,KG,2.5,1,100,06/02/2024,Cash,06/02/2024 17:38:47,
46acd86c,38488d33,KG,5,1,100,06/02/2024,Cash,06/02/2024 20:57:48,
8e91d507,38488d36,KG,1500,1,180,06/02/2024,Cash,06/02/2024 21:06:02,
d29e91fb,38488d68,KG,10,1,300,06/02/2024,Cash,06/02/2024 21:06:24,
09dc8b1d,38488d72,KG,1,1,40,06/02/2024,Cash,06/02/2024 21:07:02,
a7b9f601,38488d82,KG,1,1,50,06/02/2024,Cash,06/02/2024 21:07:43,
e0bd86a4,fcde63e0,Piece,1,8,20,06/02/2024,Cash,06/02/2024 21:08:53,
70b5f925,61deb399,KG,1500,1,100,06/02/2024,Cash,06/02/2024 21:44:56,
37c05a46,7cfdeddd,KG,500,1,60,06/02/2024,Cash,06/02/2024 21:46:14,
82e1dcee,818ce46b,KG,1,1,50,06/02/2024,Cash,06/02/2024 21:46:43,
7b0af34e,38488d32,Liter,1,3,162,07/02/2024,Cash,07/02/2024 10:46:37,
bc574f82,8fece4e2,Piece,1,2,100,07/02/2024,Cash,07/02/2024 14:57:00,
0dd33e94,070c1507,Piece,4,2,60,07/02/2024,Cash,07/02/2024 14:58:10,
33f709fa,38488d47,KG,20,1,440,07/02/2024,Cash,07/02/2024 18:22:55,
f4df9ce0,1870042c,KG,5,1,150,07/02/2024,Cash,07/02/2024 18:24:37,
e3b893a5,38488d38,KG,200,1,20,07/02/2024,Cash,07/02/2024 21:08:26,
3c0696a2,38488d32,Liter,1,3,162,08/02/2024,Cash,08/02/2024 10:17:37,
5b89dfc1,38488d66,KG,3,1,120,08/02/2024,Cash,08/02/2024 10:17:58,
2225a10c,3f40d071,Piece,12,8,320,08/02/2024,Cash,08/02/2024 10:18:53,
dd01de55,81cb458e,Liter,1,1,100,08/02/2024,Cash,08/02/2024 10:19:47,
54b39039,38488d51,KG,1500,1,420,08/02/2024,Cash,08/02/2024 17:53:03,
4bc59701,8ef238fe,KG,1,2,800,08/02/2024,Cash,08/02/2024 17:57:06,
b714cb59,38488d32,Liter,1,3,162,09/02/2024,Cash,09/02/2024 08:09:20,
57d9e595,38488d35,KG,2,1,50,09/02/2024,Cash,09/02/2024 08:09:58,
ecba2635,38488d38,KG,0.6,1,50,09/02/2024,Cash,09/02/2024 08:18:13,
32fc0d35,e73a4f6b,Piece,1,2,20,09/02/2024,Cash,09/02/2024 08:18:35,
23325421,38488d33,KG,3,1,90,09/02/2024,Cash,09/02/2024 16:40:05,
783a0b0a,38488d35,KG,2,1,60,09/02/2024,Cash,09/02/2024 16:40:24,
8ca7ef8d,38488d57,KG,200,1,20,09/02/2024,Cash,09/02/2024 16:41:09,
d6c14828,38488d63,KG,1500,1,50,09/02/2024,Cash,09/02/2024 16:41:45,
f9280300,2f5f74e8,Piece,1,1,40,09/02/2024,Cash,09/02/2024 16:42:24,
53af6857,2c4d95ef,KG,500,1,60,09/02/2024,Cash,09/02/2024 16:44:48,
0a604633,38488d62,KG,1,6,270,09/02/2024,Cash,09/02/2024 16:45:46,
784b481a,ee72568a,Piece,1,1,50,09/02/2024,Cash,09/02/2024 16:53:01,
f8f66c4d,38488d48,KG,0.5,1,34,09/02/2024,Cash,09/02/2024 19:52:54,
9eace092,38488d32,Liter,1,3,162,10/02/2024,Cash,10/02/2024 09:36:52,
dcd3235e,38488d38,KG,600,1,50,10/02/2024,Cash,10/02/2024 09:37:08,
26aca918,38488d48,KG,500,1,34,10/02/2024,Cash,10/02/2024 09:37:41,
0bbbe3cc,38488d43,KG,1,1,50,10/02/2024,Cash,10/02/2024 21:38:46,
190d3875,38488d32,Liter,1,3,162,11/02/2024,Cash,11/02/2024 10:13:29,
ac68267a,38488d48,KG,500,1,34,11/02/2024,Cash,11/02/2024 10:13:49,
48c045aa,38488d84,KG,2500,1,100,11/02/2024,Cash,11/02/2024 10:14:51,
2116d49a,38488d50,KG,1,1,40,11/02/2024,Cash,11/02/2024 10:15:35,
e8d8ba94,38488d32,Liter,1,2,108,11/02/2024,Cash,11/02/2024 19:54:37,
d529cce2,1870042c,KG,5,1,130,11/02/2024,Cash,11/02/2024 19:55:08,
7c8eaa8f,38488d32,Liter,1,3,162,12/02/2024,Cash,12/02/2024 15:38:51,
095a0ab9,df878bc5,KG,1500,1,60,12/02/2024,Cash,12/02/2024 15:39:09,
d2affacc,38488d38,KG,600,1,40,12/02/2024,Cash,12/02/2024 15:40:59,
cc799c89,38488d72,KG,1,1,40,12/02/2024,Cash,12/02/2024 15:41:50,
eaddf77e,38488d48,KG,1,2,144,12/02/2024,Cash,12/02/2024 15:42:09,
85802734,38488d32,Liter,1,3,162,13/02/2024,Cash,13/02/2024 10:18:28,
2fc77df4,38488d38,KG,600,1,50,13/02/2024,Cash,13/02/2024 10:18:50,
af7f0d8d,38488d48,KG,1,2,144,13/02/2024,Cash,13/02/2024 14:48:42,
25b1a33b,38488d75,Piece,1,4,40,13/02/2024,Cash,13/02/2024 14:50:07,
e9cd568e,070c1507,Piece,1,6,50,13/02/2024,Cash,13/02/2024 14:50:41,
3ff6c538,b530d255,Piece,1,1,60,13/02/2024,Cash,13/02/2024 14:51:45,
f4bc3aa2,38488d69,KG,250,1,110,13/02/2024,Cash,13/02/2024 19:30:55,
55993a0a,38488d36,KG,1500,1,180,13/02/2024,Cash,13/02/2024 19:31:41,
491526ff,7cfdeddd,KG,1,1,120,13/02/2024,Cash,13/02/2024 19:32:24,
1f559e4a,38488d51,KG,2,1,560,13/02/2024,Cash,13/02/2024 19:32:57,
3fc5669b,38488d35,KG,5,1,130,13/02/2024,Cash,13/02/2024 21:52:29,
6948c528,38488d68,KG,5,1,150,13/02/2024,Cash,13/02/2024 21:54:18,
4f0b679a,38488d82,KG,2,1,100,13/02/2024,Cash,13/02/2024 21:55:44,
c320e7ee,38488d63,KG,1.5,1,60,13/02/2024,Cash,13/02/2024 21:56:36,
f9a37365,ca772109,KG,0.5,1,30,13/02/2024,Cash,13/02/2024 21:57:50,
1b630cf1,38488d33,KG,2,1,60,13/02/2024,Cash,13/02/2024 22:12:58,
e0066721,e9fd60e0,Piece,12,4,200,13/02/2024,Cash,13/02/2024 22:15:50,
325ebf45,38488d84,KG,2,1,80,13/02/2024,Cash,13/02/2024 22:47:44,
46d58197,a981144a,Piece,1,3,60,13/02/2024,Cash,13/02/2024 22:49:42,
bb444c9e,38488d32,Liter,1,3,162,14/02/2024,Cash,14/02/2024 09:02:15,
4bc58b03,38488d38,KG,0.6,1,50,14/02/2024,Cash,14/02/2024 09:03:53,
e25f2e06,38488d48,KG,0.5,1,35,14/02/2024,Cash,14/02/2024 09:04:23,
3f87a03b,38488d53,KG,1,1,28,14/02/2024,Cash,14/02/2024 09:05:16,
031f305e,3095f6ad,KG,2,1,92,14/02/2024,Cash,14/02/2024 09:05:36,
aa07a622,1e986aaf,Piece,1,1,20,14/02/2024,Cash,14/02/2024 09:06:11,
0a50fba9,3ff538e9,Piece,1,1,30,14/02/2024,Cash,14/02/2024 09:07:02,
e8ea1195,a92f80eb,KG,50,1,550,14/02/2024,Cash,14/02/2024 21:35:40,
83c3a18e,38488d47,KG,20,1,400,14/02/2024,Cash,14/02/2024 21:36:01,
49275ae7,1870042c,KG,5,1,180,14/02/2024,Cash,14/02/2024 21:36:23,
9d54c32d,38488d56,Piece,1,2,110,14/02/2024,Cash,14/02/2024 21:36:41,
14384cdb,38488d43,KG,0.5,5,50,14/02/2024,Cash,14/02/2024 21:37:04,
63350435,38488d51,KG,0.5,1,140,14/02/2024,Cash,14/02/2024 21:37:36,
cce09aeb,38488d32,Liter,1,2,108,14/02/2024,Cash,14/02/2024 21:38:06,
8eeb592a,38488d32,Liter,1,3,162,15/02/2024,Cash,17/02/2024 16:30:54,
690e3cd3,38488d38,KG,0.6,1,50,15/02/2024,Cash,17/02/2024 16:31:31,
1e8a5914,38488d35,KG,2,1,50,15/02/2024,Cash,17/02/2024 16:32:30,
1d95f9ac,5040fe86,KG,2.5,1,50,15/02/2024,Cash,17/02/2024 16:32:58,
23240715,7307327b,Piece,1,1,775,15/02/2024,Cash,17/02/2024 16:37:11,
13841b44,38488d59,KG,1,1,160,15/02/2024,Cash,17/02/2024 16:42:28,
0d9affca,38488d60,KG,1,1,160,17/02/2024,Cash,17/02/2024 16:42:57,
6f9483bd,38488d32,Liter,1,3,162,16/02/2024,Cash,17/02/2024 16:48:05,
f0dbd7d1,38488d66,KG,2.5,1,100,16/02/2024,Cash,17/02/2024 16:48:44,
096c727c,3f40d071,Piece,12,10,400,16/02/2024,Cash,17/02/2024 16:49:55,
c3bc762a,a30cd5cc,Piece,1,2,160,16/02/2024,Cash,17/02/2024 16:52:11,
7fcf592d,38488d37,KG,2,1,60,16/02/2024,Cash,17/02/2024 16:53:06,
e2614162,38488d32,Liter,1,3,162,17/02/2024,Cash,17/02/2024 16:54:48,
52c39425,38488d48,KG,0.5,2,68,17/02/2024,Cash,17/02/2024 16:55:37,
a82af30a,38488d38,KG,0.6,1,50,17/02/2024,Cash,17/02/2024 16:56:11,
74568dcd,1870042c,KG,3,1,105,17/02/2024,Cash,17/02/2024 16:56:38,
9591c7ef,38488d34,KG,0.2,1,15,17/02/2024,Cash,17/02/2024 16:57:13,
63c21e31,ee4c7cc6,Piece,1,1,80,17/02/2024,Cash,17/02/2024 16:57:34,
c4ecdcd4,c8847587,Piece,1,2,190,17/02/2024,Cash,17/02/2024 16:58:13,
763e504e,38488d32,Liter,1,3,162,18/02/2024,Cash,18/02/2024 10:10:09,
1ee04013,38488d50,KG,1.5,1,30,18/02/2024,Cash,18/02/2024 10:10:40,
83bcb443,38488d51,KG,500,1,160,18/02/2024,Cash,18/02/2024 10:11:09,
bd451b49,38488d33,KG,2,1,60,18/02/2024,Cash,18/02/2024 10:12:12,
81fbd97d,38488d79,Piece,1,15,150,18/02/2024,Cash,18/02/2024 18:09:42,
c39d2b1c,38488d51,KG,0.25,1,80,18/02/2024,Cash,18/02/2024 21:34:28,
e5dbde6a,38488d32,Liter,1,3,162,18/02/2024,Cash,18/02/2024 21:35:09,
d3dc7d06,38488d32,Liter,1,3,162,19/02/2024,Cash,19/02/2024 09:35:31,
0d799b46,38488d48,KG,1,2,144,19/02/2024,Cash,19/02/2024 09:36:10,
d7deca1d,38488d38,KG,0.6,1,50,19/02/2024,Cash,19/02/2024 09:36:43,
2f68bff7,1870042c,KG,3,1,105,19/02/2024,Cash,19/02/2024 09:37:06,
86ed141e,38488d63,KG,2,1,70,19/02/2024,Cash,19/02/2024 09:37:39,
fcaba99e,38488d35,KG,3,1,75,19/02/2024,Cash,19/02/2024 09:38:12,
8a062a81,38488d72,KG,0.5,1,30,19/02/2024,Cash,19/02/2024 09:38:56,
cd5b61d7,38488d32,Liter,1,3,162,20/02/2024,Cash,20/02/2024 08:53:31,
7c3b28fb,38488d43,KG,0.5,6,60,20/02/2024,Cash,20/02/2024 15:21:21,
b6cefe6e,38488d78,KG,1,2,100,20/02/2024,Cash,20/02/2024 17:34:44,
518b6f0f,15ed5402,KG,1,1,95,20/02/2024,Cash,20/02/2024 17:36:07,
a0a808aa,ee4c7cc6,Piece,1,4,200,20/02/2024,Cash,20/02/2024 17:36:29,
1be20d86,3ed563fc,Piece,1,5,150,20/02/2024,Cash,20/02/2024 17:37:45,
eb015680,38488d32,Liter,1,2,108,20/02/2024,Cash,20/02/2024 17:40:54,
bc37aa9f,38488d35,KG,3,1,60,20/02/2024,Cash,20/02/2024 22:05:34,
0f23a7e0,0390b81d,Piece,1,7,170,20/02/2024,Cash,20/02/2024 22:06:12,
dbbc9a53,38488d84,,2.5,1,60,20/02/2024,Cash,20/02/2024 22:07:57,
a17a312d,61deb399,KG,1.5,1,90,20/02/2024,Cash,20/02/2024 22:08:43,
0794d0fa,38488d36,KG,1,1,120,20/02/2024,Cash,20/02/2024 22:09:06,
5edf2f78,38488d72,KG,1,1,40,20/02/2024,Cash,20/02/2024 22:09:32,
e4a558b9,38488d82,KG,1,1,60,20/02/2024,Cash,20/02/2024 22:09:58,
f4f23ace,1870042c,KG,5,1,150,20/02/2024,Cash,20/02/2024 22:10:35,
c196a84c,38488d33,KG,5,1,100,20/02/2024,Cash,20/02/2024 22:12:12,
c34b3982,38488d69,KG,0.25,1,110,20/02/2024,Cash,20/02/2024 22:14:12,
3bb32db4,38488d32,Liter,1,3,162,21/02/2024,Cash,21/02/2024 09:47:59,
5b6d1ae1,38488d38,KG,0.6,1,50,21/02/2024,Cash,21/02/2024 09:48:27,
72cd71ac,38488d70,Piece,12,8,320,21/02/2024,Cash,21/02/2024 18:49:22,
0357c325,38488d71,KG,1.5,1,60,21/02/2024,Cash,21/02/2024 18:50:49,
43d0f1c9,38488d37,KG,0.5,1,20,21/02/2024,Cash,21/02/2024 18:51:33,
ec69cd9b,38488d32,Liter,1,3,162,22/02/2024,Cash,22/02/2024 13:55:26,
f14d6a8f,38488d34,KG,250,1,20,22/02/2024,Cash,22/02/2024 13:55:46,
2cadddd4,0c53ef5a,KG,250,1,20,22/02/2024,Cash,22/02/2024 13:56:14,
de00ceb5,cae57605,Piece,1,4,20,22/02/2024,Cash,22/02/2024 13:57:52,
18dcb845,38488d51,KG,1,1,280,22/02/2024,Cash,22/02/2024 17:02:58,
77d45588,38488d34,KG,0.5,1,30,22/02/2024,Cash,22/02/2024 18:25:44,
b3d7daac,38488d40,KG,0.25,1,20,22/02/2024,Cash,22/02/2024 18:27:35,
41d453f9,38488d33,KG,2,1,50,22/02/2024,Cash,22/02/2024 18:31:35,
00d848c5,38488d35,KG,2,1,50,22/02/2024,Cash,22/02/2024 18:33:19,
152a6bd8,38488d47,KG,10,1,280,22/02/2024,Cash,22/02/2024 19:09:29,
c5d4df3c,38488d32,Liter,1,3,162,23/02/2024,Cash,23/02/2024 08:36:44,
309f7124,38488d38,KG,0.6,1,50,23/02/2024,Cash,23/02/2024 08:37:19,
72480d84,89e823ea,Piece,1,3,60,23/02/2024,Cash,23/02/2024 08:37:47,
6657e2be,38488d35,KG,2,1,50,23/02/2024,Cash,23/02/2024 16:29:00,
e456e18b,38488d63,KG,1.5,1,50,23/02/2024,Cash,23/02/2024 16:29:21,
4d994bb5,38488d57,KG,0.25,1,20,23/02/2024,Cash,23/02/2024 16:29:54,
5e0f191c,38488d62,KG,1,6,270,23/02/2024,Cash,23/02/2024 16:30:40,
cb15f924,ee72568a,Piece,1,1,50,23/02/2024,Cash,23/02/2024 16:32:59,
da27ab19,2f5f74e8,Piece,1,1,40,23/02/2024,Cash,23/02/2024 16:33:34,
cd0fbc5e,2c4d95ef,KG,0.5,1,60,23/02/2024,Cash,23/02/2024 16:34:01,
0ba2a0b7,fb9ea07d,KG,0.3,1,40,23/02/2024,Cash,23/02/2024 16:34:59,
e6e2899d,38488d68,KG,0.5,2,140,23/02/2024,Cash,23/02/2024 19:07:17,
3372bc56,1870042c,KG,4,1,140,23/02/2024,Cash,23/02/2024 19:07:50,
316f74fb,38488d32,Liter,1,3,162,24/02/2024,Cash,24/02/2024 10:29:42,
eeb46542,38488d33,KG,3.5,1,80,24/02/2024,Cash,24/02/2024 10:30:21,
eb34ed6f,df878bc5,KG,1.5,1,60,24/02/2024,Cash,24/02/2024 10:30:46,
aa0de742,a31d5abb,KG,0.5,1,90,24/02/2024,Cash,24/02/2024 13:37:17,
fb2213ea,38488d47,KG,6,1,170,24/02/2024,Cash,24/02/2024 13:38:17,
f97a453d,070c1507,Piece,1,6,50,24/02/2024,Cash,24/02/2024 20:43:09,
c4daae20,38488d32,Liter,1,3,162,25/02/2024,Cash,25/02/2024 12:53:52,
022483cb,2bdbfdb6,KG,1.25,1,125,25/02/2024,Cash,25/02/2024 12:54:05,
c0e10150,38488d50,KG,1,1,30,25/02/2024,Cash,25/02/2024 12:54:36,
1e3d2859,38488d66,KG,3,1,120,25/02/2024,Cash,25/02/2024 12:54:59,
58a793c3,2bdbfdb8,Piece,1,2,30,25/02/2024,Cash,25/02/2024 12:55:39,
c232547a,38488d32,Liter,1,2,108,25/02/2024,Cash,25/02/2024 20:10:14,
ea3fd326,074f02cb,Piece,1,1,20,25/02/2024,Cash,25/02/2024 21:05:16,
0fbf0c8b,38488d32,Liter,1,3,162,26/02/2024,Cash,26/02/2024 10:04:09,
5b3db6a0,0c53ef5a,KG,1,1,50,26/02/2024,Cash,26/02/2024 15:11:23,
aa5bffe8,5040fe86,KG,2.5,1,50,26/02/2024,Cash,26/02/2024 15:12:27,
e0b69bbb,1870042c,KG,5,1,175,26/02/2024,Cash,26/02/2024 15:12:53,
74b0b38d,15ed5402,KG,0.5,2,110,26/02/2024,Cash,26/02/2024 18:10:28,
27205065,38488d43,KG,0.5,6,60,26/02/2024,Cash,26/02/2024 18:11:00,
b23b6a7d,ce05a0dc,Piece,1,2,20,26/02/2024,Cash,26/02/2024 19:19:12,
8a2cfe97,e73a4f6b,Piece,1,1,10,26/02/2024,Cash,26/02/2024 19:19:52,
88a3b5e6,38488d32,Liter,1,3,162,27/02/2024,Cash,27/02/2024 10:28:44,
43565bad,38488d38,KG,0.6,1,50,27/02/2024,Cash,27/02/2024 10:29:35,
477f9366,38488d48,KG,1.5,1,106,27/02/2024,Cash,27/02/2024 10:32:50,
02f74c8d,38488d56,Piece,1,2,130,27/02/2024,Cash,27/02/2024 17:17:06,
f87766d1,fcd75bd5,Piece,1,2,20,27/02/2024,Cash,27/02/2024 17:18:47,
1a0a5169,38488d32,Liter,1,2,108,27/02/2024,Cash,27/02/2024 17:20:05,
00aa0516,38488d69,KG,250,1,110,27/02/2024,Cash,27/02/2024 17:26:02,
e1f240a9,1870042c,KG,5,1,150,27/02/2024,Cash,27/02/2024 22:08:53,
76362d74,38488d36,KG,0.5,1,60,27/02/2024,Cash,27/02/2024 22:09:14,
d30879fe,38488d37,KG,2,1,60,27/02/2024,Cash,27/02/2024 22:43:34,
2f891f0d,38488d72,KG,1,1,30,27/02/2024,Cash,27/02/2024 22:43:51,
80aae48f,38488d82,KG,2,1,120,27/02/2024,Cash,27/02/2024 22:44:50,
56dc83a2,38488d84,KG,1.5,1,60,27/02/2024,Cash,27/02/2024 22:45:39,
fcc84c9b,dbafb15e,KG,1.5,1,90,27/02/2024,Cash,27/02/2024 22:46:04,
73c4822f,5040fe86,KG,5,1,100,27/02/2024,Cash,27/02/2024 23:02:48,
313815b7,fcde63e0,Piece,1,12,30,27/02/2024,Cash,27/02/2024 23:03:36,
2f86c76b,7cfdeddd,KG,1,1,140,27/02/2024,Cash,27/02/2024 23:06:51,
36aa44d9,38488d32,Liter,1,3,162,28/02/2024,Cash,28/02/2024 11:41:22,
594a3968,38488d38,KG,0.6,1,50,28/02/2024,Cash,28/02/2024 11:41:50,
4cb9a2e3,38488d59,KG,1,1,160,28/02/2024,Cash,28/02/2024 18:48:49,
bc4d893a,38488d60,KG,1,1,160,28/02/2024,Cash,28/02/2024 18:49:38,
9b6260e0,8ef238fe,KG,1,1,400,28/02/2024,Cash,28/02/2024 19:25:43,
e2526153,d2feae0c,Piece,1,1,100,28/02/2024,Cash,28/02/2024 19:27:09,
5b28e88c,ee4c7cc6,KG,1,1,220,28/02/2024,Cash,28/02/2024 19:28:10,
e3225913,81cb458e,Piece,1,10,850,28/02/2024,Cash,28/02/2024 19:31:14,
66b14df3,a208793d,Piece,1,1,30,28/02/2024,Cash,28/02/2024 19:35:57,
76b59d93,38488d32,Liter,1,3,162,29/02/2024,Cash,29/02/2024 09:29:50,
3d1f5d2c,38488d48,KG,0.5,2,68,29/02/2024,Cash,29/02/2024 09:30:09,
d2e4840b,38488d51,KG,1.5,1,375,29/02/2024,Cash,29/02/2024 19:39:44,
6f93c35a,38488d55,Piece,1,2,20,29/02/2024,Cash,29/02/2024 19:42:22,
b62ead15,38488d47,KG,10,1,300,29/02/2024,Cash,29/02/2024 19:52:01,
37728b7c,38488d32,Liter,1,3,162,01/03/2024,Cash,01/03/2024 11:46:23,
3a73b418,38488d38,KG,1,1,50,01/03/2024,Cash,01/03/2024 11:47:05,
6c4440cb,38488d43,KG,1,1,60,01/03/2024,Cash,01/03/2024 11:47:55,
0883459d,a92f80eb,KG,50,1,650,01/03/2024,Cash,01/03/2024 11:48:13,
bf8098fd,38488d32,Liter,1,3,162,02/03/2024,Cash,02/03/2024 09:25:47,
f944c38c,38488d38,KG,0.6,3,150,02/03/2024,Cash,02/03/2024 09:26:21,
f5f98717,fcd75bd5,Piece,1,1,10,02/03/2024,Cash,02/03/2024 09:26:58,
edf3f0aa,38488d35,KG,2,1,50,02/03/2024,Cash,02/03/2024 22:01:22,
8cb73069,38488d32,Liter,1,3,162,03/03/2024,Cash,03/03/2024 10:53:51,
2ef9981e,38488d33,KG,3,1,120,03/03/2024,Cash,03/03/2024 10:54:23,
fa0ce8a5,38488d35,KG,3,1,60,03/03/2024,Cash,03/03/2024 10:55:13,
b25839bf,38488d42,Piece,8,1,80,03/03/2024,Cash,03/03/2024 18:54:55,
52213776,38488d32,KG,0.5,5,135,03/03/2024,Cash,03/03/2024 20:39:53,
fb8f6b26,38488d32,Liter,1,3,162,04/03/2024,Cash,04/03/2024 10:11:45,
1590d1fa,38488d38,KG,0.6,1,50,04/03/2024,Cash,04/03/2024 10:12:07,
320c8b7f,38488d63,KG,2,1,80,04/03/2024,Cash,04/03/2024 10:13:37,
eb42a003,df878bc5,KG,1.8,1,70,04/03/2024,Cash,04/03/2024 17:25:36,
16820d7f,1870042c,KG,5,1,150,04/03/2024,Cash,04/03/2024 17:38:32,
188e67d2,38488d70,Piece,12,4,160,04/03/2024,Cash,04/03/2024 20:15:15,
27187ea5,38488d70,Piece,6,8,200,04/03/2024,Cash,04/03/2024 20:19:07,
16c95405,38488d71,KG,1.5,1,60,04/03/2024,Cash,04/03/2024 20:19:42,
8252bdc0,38488d34,KG,0.25,1,20,04/03/2024,Cash,04/03/2024 20:20:09,
70f789aa,38488d37,KG,0.5,1,20,04/03/2024,Cash,04/03/2024 20:21:49,
a5cba7ae,38488d84,KG,0.25,1,10,04/03/2024,Cash,04/03/2024 20:22:19,
e736507b,cae57605,Piece,1,4,20,04/03/2024,Cash,04/03/2024 21:15:33,
ceff33e0,38488d32,Liter,1,3,162,05/03/2024,Cash,05/03/2024 09:53:58,
3381844f,38488d50,KG,1.5,1,60,05/03/2024,Cash,05/03/2024 09:54:34,
017ad630,0c53ef5a,KG,0.25,1,20,05/03/2024,Cash,05/03/2024 09:56:10,
748a80fa,a31d5abb,KG,0.25,1,60,05/03/2024,Cash,05/03/2024 09:57:29,
fbb3bcec,a31d5abb,KG,1,1,200,05/03/2024,Cash,05/03/2024 17:43:00,
8ac7d81a,38488d84,KG,2,1,80,05/03/2024,Cash,05/03/2024 17:43:56,
d9538463,38488d68,KG,2,1,100,05/03/2024,Cash,05/03/2024 17:45:25,
fed199bc,38488d69,KG,0.25,1,110,05/03/2024,Cash,05/03/2024 18:47:23,
c2aec179,38488d47,KG,15,1,420,05/03/2024,Cash,05/03/2024 18:48:29,
d27573ec,38488d35,KG,5,1,100,05/03/2024,Cash,05/03/2024 18:49:59,
c73f109c,38488d36,KG,1.5,1,180,05/03/2024,Cash,05/03/2024 22:37:57,
80678b4d,38488d82,KG,1,1,70,05/03/2024,Cash,05/03/2024 22:38:42,
cabd59a5,38488d72,KG,1,1,30,05/03/2024,Cash,05/03/2024 22:39:39,
3f5a1b22,3bcf4d95,KG,1.5,1,90,05/03/2024,Cash,05/03/2024 23:11:49,
007bcef6,7cfdeddd,KG,1.5,1,180,05/03/2024,Cash,05/03/2024 23:12:55,
e135c747,dbafb15e,KG,1.5,1,75,05/03/2024,Cash,05/03/2024 23:16:13,
b00763d7,df878bc5,KG,1.5,1,60,05/03/2024,Cash,05/03/2024 23:19:50,
3db3bdb3,c4721744,Piece,1,2,100,05/03/2024,Cash,05/03/2024 23:38:11,
c67cee7b,a30cd5cc,Piece,1,5,50,05/03/2024,Cash,05/03/2024 23:38:47,
e70768b9,38488d32,Liter,1,3,162,06/03/2024,Cash,06/03/2024 10:36:21,
c1a70562,38488d43,KG,1,1,50,06/03/2024,Cash,06/03/2024 10:36:48,
29227095,38488d56,Piece,1,2,130,06/03/2024,Cash,06/03/2024 15:55:48,
5158a20c,070c1507,Piece,1,12,100,06/03/2024,Cash,06/03/2024 16:02:04,
b59fc2d9,38488d32,Liter,1,3,162,07/03/2024,Cash,07/03/2024 11:14:29,
155f3688,38488d38,KG,0.6,2,100,07/03/2024,Cash,07/03/2024 11:14:46,
325b7abc,38488d34,KG,0.5,1,30,07/03/2024,Cash,07/03/2024 11:16:09,
ef9a11e4,38488d48,KG,1,1,72,07/03/2024,Cash,07/03/2024 11:16:53,
caceb5ce,1870042c,KG,5,1,150,07/03/2024,Cash,07/03/2024 13:07:54,
5fde2c8f,38488d51,KG,2.5,1,700,07/03/2024,Cash,07/03/2024 17:59:02,
20438894,38488d32,Liter,1,7,378,08/03/2024,Cash,08/03/2024 12:08:27,
cdcc5e76,38488d48,KG,1,1,72,08/03/2024,Cash,08/03/2024 12:50:58,
bc8080b6,38488d72,KG,0.5,1,30,08/03/2024,Cash,08/03/2024 12:55:01,
96955919,38488d50,KG,2,1,60,08/03/2024,Cash,08/03/2024 12:55:29,
d9c65bf0,2bdbfdb9,Piece,1,21,210,08/03/2024,Cash,08/03/2024 18:22:08,
ebf59efe,38488d34,KG,0.5,1,40,08/03/2024,Cash,08/03/2024 18:30:16,
326ff7d2,38488d55,Piece,1,2,20,08/03/2024,Cash,08/03/2024 19:29:10,
e0e51f1f,d1173b26,Piece,1,2,20,08/03/2024,Cash,08/03/2024 19:30:38,
09376dd7,72333f40,Piece,1,2,80,08/03/2024,Cash,08/03/2024 19:44:55,
16894eaf,38488d66,KG,3,2,150,08/03/2024,Cash,08/03/2024 21:47:53,
e3314e35,38488d32,Liter,1,3,162,09/03/2024,Cash,09/03/2024 10:57:44,
e3e04091,38488d38,KG,0.6,1,50,09/03/2024,Cash,09/03/2024 10:58:14,
5e7adee5,38488d43,KG,0.5,1,25,09/03/2024,Cash,09/03/2024 18:26:29,
f3c7908c,38488d62,KG,1,5,250,09/03/2024,Cash,09/03/2024 18:27:00,
b686e196,2c4d95ef,KG,0.5,1,60,09/03/2024,Cash,09/03/2024 18:32:59,
a753acc9,ee72568a,Piece,1,1,50,09/03/2024,Cash,09/03/2024 18:35:03,
a22b5a65,2f5f74e8,KG,1,1,40,09/03/2024,Cash,09/03/2024 18:35:27,
debe2d30,fb9ea07d,KG,0.25,1,30,09/03/2024,Cash,09/03/2024 18:37:24,
387ae42e,38488d57,KG,0.25,1,30,09/03/2024,Cash,09/03/2024 18:37:48,
f63e390b,38488d63,KG,1.5,1,70,09/03/2024,Cash,09/03/2024 18:38:24,
938dda4a,1c8c560e,KG,0.2,1,60,09/03/2024,Cash,09/03/2024 18:39:25,
a7c7fe9e,13a4f998,Piece,1,1,160,09/03/2024,Cash,09/03/2024 19:21:00,
e5bd5615,38488d32,Liter,1,3,162,10/03/2024,Cash,10/03/2024 19:49:55,
7a0a49ca,2bdbfdb6,KG,0.75,1,70,10/03/2024,Cash,10/03/2024 19:50:10,
2e0546c9,2bdbfdb8,Piece,1,1,20,10/03/2024,Cash,10/03/2024 19:51:08,
5efd39e0,1870042c,KG,2.5,1,100,10/03/2024,Cash,10/03/2024 19:51:49,
12a6c3ec,1870042c,KG,5,1,150,10/03/2024,Cash,10/03/2024 19:56:04,
eec438c8,38488d32,Liter,1,2,108,10/03/2024,Cash,10/03/2024 21:06:27,
6bf0f314,38488d47,KG,10,1,240,10/03/2024,Cash,10/03/2024 22:00:27,
c9aa53ab,38488d32,KG,1,3,162,11/03/2024,Cash,11/03/2024 10:01:51,
abab6a5c,38488d38,KG,0.6,1,50,11/03/2024,Cash,11/03/2024 10:03:08,
e6567661,38488d60,KG,1,1,160,11/03/2024,Cash,11/03/2024 18:46:50,
4aa85c40,38488d59,KG,1,1,160,11/03/2024,Cash,11/03/2024 18:52:03,
1c6e7bf2,38488d84,KG,1.5,1,80,11/03/2024,Cash,11/03/2024 22:07:38,
ba0112c9,38488d32,Liter,1,3,162,12/03/2024,Cash,12/03/2024 20:05:48,
4d1e4296,38488d48,KG,1,1,72,12/03/2024,Cash,12/03/2024 20:06:08,
6415793a,38488d38,KG,0.6,2,100,12/03/2024,Cash,12/03/2024 20:06:43,
30560764,df878bc5,KG,1.5,1,60,12/03/2024,Cash,12/03/2024 20:07:37,
ee3fe0de,4340a96c,KG,0.5,1,30,12/03/2024,Cash,12/03/2024 20:08:02,
c8eaca9c,8fe4d6eb,Piece,1,1,50,12/03/2024,Cash,12/03/2024 20:08:32,
547111ef,38488d34,KG,0.5,1,30,12/03/2024,Cash,12/03/2024 20:09:01,
cf521378,38488d68,KG,3,1,150,12/03/2024,Cash,12/03/2024 20:09:32,
ea94c138,38488d32,Liter,1,2,108,12/03/2024,Cash,12/03/2024 20:09:58,
1bb267a5,38488d51,KG,1.5,1,420,12/03/2024,Cash,12/03/2024 20:10:16,
43466ee8,1870042c,KG,5,1,150,12/03/2024,Cash,12/03/2024 20:10:52,
18615eba,fcd75bd5,Piece,1,2,20,12/03/2024,Cash,12/03/2024 20:11:14,
d9c0caec,38488d69,KG,0.25,1,110,12/03/2024,Cash,12/03/2024 20:11:35,
c720a01f,524a0b85,Piece,12,1,100,12/03/2024,Cash,12/03/2024 20:13:19,
f1cab6b4,38488d32,KG,1.5,1,80,12/03/2024,Cash,12/03/2024 20:13:48,
901c55e5,38488d36,KG,1,1,140,12/03/2024,Cash,12/03/2024 22:00:24,
77222cb2,38488d72,KG,2,1,50,12/03/2024,Cash,12/03/2024 22:01:03,
69b046d8,38488d39,KG,4,1,140,12/03/2024,Cash,12/03/2024 22:02:20,
794770cc,3bcf4d95,KG,1.5,1,90,12/03/2024,Cash,12/03/2024 22:03:55,
b0098f61,a31d5abb,KG,0.5,1,100,12/03/2024,Cash,12/03/2024 22:04:49,
ef33f115,fcde63e0,KG,0.5,1,20,12/03/2024,Cash,12/03/2024 22:05:22,
35235e4f,7cfdeddd,KG,1,1,140,12/03/2024,Cash,12/03/2024 23:10:03,
f7287737,38488d82,KG,1,1,80,12/03/2024,Cash,12/03/2024 23:13:09,
dd026e6e,0c53ef5a,KG,0.15,1,10,12/03/2024,Cash,12/03/2024 23:15:29,
0d30e3ca,38488d32,Liter,1,4,216,13/03/2024,Cash,13/03/2024 10:16:19,
d0213b4a,38488d35,KG,1.5,1,50,13/03/2024,Cash,13/03/2024 17:59:17,
fcd25166,38488d68,KG,0.5,2,140,13/03/2024,Cash,13/03/2024 18:00:11,
eeb2ef6f,0c53ef5a,KG,0.3,1,30,13/03/2024,Cash,13/03/2024 18:01:22,
d334fbbb,38488d34,KG,0.5,1,30,13/03/2024,Cash,13/03/2024 18:02:10,
580cbf8f,38488d33,KG,2,1,110,13/03/2024,Cash,13/03/2024 18:03:46,
52742f8f,38488d37,KG,2,1,60,13/03/2024,Cash,13/03/2024 18:05:09,
87998dfb,7db874e1,Piece,1,2,20,13/03/2024,Cash,13/03/2024 21:25:18,
6b15f15a,38488d32,Liter,1,3,162,14/03/2024,Cash,14/03/2024 13:40:25,
4d61da30,38488d48,KG,0.5,8,272,14/03/2024,Cash,14/03/2024 13:40:44,
7c2a8d2b,38488d47,KG,25,1,600,14/03/2024,Cash,14/03/2024 18:14:09,
4be6ce2c,38488d50,KG,2,1,60,14/03/2024,Cash,14/03/2024 18:53:46,
5b718a7c,38488d51,KG,0.15,1,50,14/03/2024,Cash,14/03/2024 21:24:47,
e60b3d1e,38488d32,Liter,1,3,162,15/03/2024,Cash,15/03/2024 09:56:25,
0e98ab5a,38488d48,KG,0.5,1,102,15/03/2024,Cash,15/03/2024 09:57:15,
c051d2a2,38488d38,KG,0.6,1,50,15/03/2024,Cash,15/03/2024 09:58:32,
584b46d7,38488d35,KG,5,1,100,15/03/2024,Cash,15/03/2024 18:38:29,
feb85aae,1870042c,KG,5,1,180,15/03/2024,Cash,15/03/2024 18:39:00,
75773426,38488d32,Liter,1,3,162,16/03/2024,Cash,17/03/2024 08:34:43,
81ef085d,38488d38,KG,0.6,1,50,17/03/2024,Cash,17/03/2024 08:35:33,
9c9ee671,38488d32,Liter,1,1,162,17/03/2024,Cash,17/03/2024 10:05:08,
fa6e23b6,fcd75bd5,Piece,1,1,10,17/03/2024,Cash,17/03/2024 10:06:54,
4e1744e7,38488d48,KG,0.2,1,18,17/03/2024,Cash,17/03/2024 11:36:01,
6f1544c8,2bdbfdb6,KG,1.25,1,125,17/03/2024,Cash,17/03/2024 11:38:42,
9df9916a,2bdbfdb8,Piece,1,1,45,17/03/2024,Cash,17/03/2024 11:53:01,
f2bc565b,38488d79,Piece,1,10,100,17/03/2024,Cash,17/03/2024 21:51:11,
43402d04,38488d32,Liter,1,3,162,18/03/2024,Cash,18/03/2024 11:14:15,
7a220603,38488d38,KG,0.6,4,200,18/03/2024,Cash,18/03/2024 11:16:23,
2f375b00,1870042c,KG,5,1,150,18/03/2024,Cash,18/03/2024 20:02:04,
2999a867,38488d72,KG,1,1,30,18/03/2024,Cash,18/03/2024 20:03:11,
b77b324e,38488d84,KG,2.5,1,120,18/03/2024,Cash,18/03/2024 20:03:53,
7931d3fc,38488d32,Liter,1,1,54,18/03/2024,Cash,18/03/2024 20:07:10,
abe0c86c,fcd75bd5,Piece,1,1,10,18/03/2024,Cash,18/03/2024 22:09:04,
0f1ab6bf,38488d32,Liter,1,3,162,19/03/2024,Cash,19/03/2024 13:09:01,
6723fa75,38488d66,KG,3.2,1,160,19/03/2024,Cash,19/03/2024 13:18:14,
a6a213c4,3f40d071,Piece,12,10,400,19/03/2024,Cash,19/03/2024 13:19:19,
d88dfb38,15ed5402,KG,0.5,2,120,19/03/2024,Cash,19/03/2024 13:20:47,
c2aad387,38488d56,Piece,1,2,150,19/03/2024,Cash,19/03/2024 13:21:36,
44e4cc11,38488d43,KG,1,1,50,19/03/2024,Cash,19/03/2024 13:22:32,
19828cf4,38488d69,KG,0.25,1,110,19/03/2024,Cash,19/03/2024 18:56:35,
10e4afa4,38488d32,Liter,1,2,108,19/03/2024,Cash,19/03/2024 18:59:56,
5d264ab9,fcd75bd5,Piece,1,1,10,19/03/2024,Cash,19/03/2024 20:57:19,
1267202e,274aef73,Piece,1,2,600,19/03/2024,Cash,19/03/2024 21:01:00,
22d7bf7c,38488d82,KG,1,1,80,19/03/2024,Cash,19/03/2024 21:05:15,
ef99adb4,3ed563fc,Piece,1,8,240,19/03/2024,Cash,19/03/2024 21:05:54,
164f54c5,38488d78,KG,1,2,100,19/03/2024,Cash,19/03/2024 21:07:53,
f9f1d6f0,7211596c,Piece,12,1,100,19/03/2024,Cash,19/03/2024 21:09:17,
08f42420,38488d72,KG,2,1,40,19/03/2024,Cash,19/03/2024 22:12:09,
7c4fe26d,7cfdeddd,KG,1.5,1,180,19/03/2024,Cash,19/03/2024 22:12:37,
7ed6d5de,0c53ef5a,KG,1,1,50,19/03/2024,Cash,19/03/2024 22:13:04,
1b6639a1,a31d5abb,KG,1,1,180,19/03/2024,Cash,19/03/2024 22:13:38,
5d9a7801,38488d33,KG,4,1,120,19/03/2024,Cash,19/03/2024 22:14:22,
33fc55fc,38488d36,KG,1,1,150,19/03/2024,Cash,19/03/2024 22:18:57,
5ef689d5,38488d37,KG,1,3,90,19/03/2024,Cash,19/03/2024 22:20:40,
fef0a30a,38488d34,KG,1.5,1,90,19/03/2024,Cash,19/03/2024 22:21:35,
45f22035,38488d32,Liter,1,3,162,20/03/2024,Cash,20/03/2024 14:17:08,
6b930df0,38488d38,KG,0.6,1,50,20/03/2024,Cash,20/03/2024 14:17:32,
f92b2e33,e091ecdf,Piece,1,1,200,20/03/2024,Cash,20/03/2024 14:18:05,
d5c17f74,38488d46,Liter,2,3,210,20/03/2024,Cash,20/03/2024 14:24:28,
c7e2a3b6,e9a8e3b3,Piece,1,1,70,20/03/2024,Cash,20/03/2024 14:25:38,
723759b0,e326a5bc,KG,2,1,120,20/03/2024,Cash,20/03/2024 14:29:04,
8919f3e6,7db874e1,Piece,1,10,100,20/03/2024,Cash,20/03/2024 14:30:23,
cc408c19,fa4e90b6,Piece,1,1,40,20/03/2024,Cash,20/03/2024 14:31:13,
fc2342ef,c8599a42,Piece,1,1,60,20/03/2024,Cash,20/03/2024 14:33:05,
7d346067,fdfe568c,KG,1.5,1,240,20/03/2024,Cash,20/03/2024 14:58:43,
32b1f4ad,38488d56,KG,0.5,1,160,20/03/2024,Cash,20/03/2024 14:59:31,
d146b6ac,38488d48,KG,1,3,216,20/03/2024,Cash,20/03/2024 16:52:57,
d52b83d3,38488d68,KG,0.5,2,140,20/03/2024,Cash,20/03/2024 16:54:13,
e3a8ed31,3095f6ad,KG,5,1,220,20/03/2024,Cash,20/03/2024 16:55:52,
5ddfa01e,a30cd5cc,Piece,1,6,90,20/03/2024,Cash,20/03/2024 16:56:35,
87988344,b530d255,Piece,1,1,40,20/03/2024,Cash,20/03/2024 16:57:41,
1f440cd7,910b2e49,KG,1,1,130,20/03/2024,Cash,20/03/2024 17:00:41,
6580ab7f,93b88f5b,Piece,1,5,50,20/03/2024,Cash,20/03/2024 21:10:38,
3d9e5149,38488d35,KG,1,1,30,20/03/2024,Cash,20/03/2024 21:12:32,
2b641318,38488d80,KG,3,1,180,20/03/2024,Cash,20/03/2024 21:15:17,
fc7de41e,38488d32,Liter,1,1,162,21/03/2024,Cash,21/03/2024 11:12:09,
dad93759,a208793d,Piece,1,1,1500,21/03/2024,Cash,21/03/2024 17:12:42,
a892d91f,38488d32,Liter,1,3,162,22/03/2024,Cash,22/03/2024 12:25:39,
d123c2e9,38488d38,KG,0.6,1,50,22/03/2024,Cash,22/03/2024 12:25:55,
d5d1e5dc,38488d48,KG,0.5,2,68,22/03/2024,Cash,22/03/2024 12:27:42,
55eeeff2,becc6a8c,Piece,1,1,350,22/03/2024,Cash,22/03/2024 12:28:32,
cb3345c9,6eac27e1,Piece,1,4,240,22/03/2024,Cash,22/03/2024 12:29:13,
4c985342,a92f80eb,KG,50,1,750,22/03/2024,Cash,22/03/2024 12:40:37,
e15c633e,1870042c,KG,5,1,140,22/03/2024,Cash,22/03/2024 12:41:18,
b5dec9a9,38488d51,KG,1,1,250,22/03/2024,Cash,22/03/2024 19:47:05,
03a9f1d8,38488d68,KG,1,1,100,22/03/2024,Cash,22/03/2024 19:47:46,
e649bdc7,38488d55,Piece,1,3,30,22/03/2024,Cash,22/03/2024 21:57:44,
8a65eae6,070c1507,Piece,1,6,50,22/03/2024,Cash,22/03/2024 21:58:17,
76e209bb,38488d32,Liter,1,3,162,23/03/2024,Cash,23/03/2024 15:07:34,
8e91d6eb,38488d48,KG,0.5,2,68,23/03/2024,Cash,23/03/2024 15:08:25,
3836a54b,38488d60,KG,0.5,1,90,23/03/2024,Cash,23/03/2024 19:32:51,
763d2559,38488d59,KG,0.5,1,80,23/03/2024,Cash,23/03/2024 19:45:49,
a0bcfc87,38488d68,KG,0.5,1,60,23/03/2024,Cash,23/03/2024 19:46:39,
49bbe94b,434526b6,KG,0.1,1,90,23/03/2024,Cash,23/03/2024 19:47:08,
2ce10d61,89e823ea,KG,0.1,1,20,23/03/2024,Cash,23/03/2024 22:03:50,
54fd8a07,38488d32,Liter,1,3,162,24/03/2024,Cash,24/03/2024 12:30:52,
3b75b599,38488d48,KG,1,2,144,24/03/2024,Cash,24/03/2024 12:31:18,
f6be6755,38488d38,KG,0.6,1,50,24/03/2024,Cash,24/03/2024 12:32:13,
98182fc3,38488d75,Piece,1,2,20,24/03/2024,Cash,24/03/2024 12:33:11,
9a6f6c4f,5b074625,KG,0.5,1,65,24/03/2024,Cash,24/03/2024 18:51:10,
5c28e5b8,38488d34,KG,0.25,1,20,24/03/2024,Cash,24/03/2024 20:06:41,
5f2616cd,38488d32,Liter,1,2,112,26/03/2024,Cash,26/03/2024 12:06:02,
93ee6be1,316fcd40,Piece,1,4,120,26/03/2024,Cash,26/03/2024 12:06:30,
66ff5669,38488d72,KG,0.5,1,40,26/03/2024,Cash,26/03/2024 21:07:46,
52ccf70f,38488d63,KG,1.5,1,60,26/03/2024,Cash,26/03/2024 21:08:26,
6f4c8b4a,38488d33,KG,5,1,130,26/03/2024,Cash,26/03/2024 21:08:59,
6b466b1c,38488d57,KG,3,1,180,26/03/2024,Cash,26/03/2024 21:09:20,
22831608,7cfdeddd,KG,0.5,1,60,26/03/2024,Cash,26/03/2024 21:10:22,
a6ae868c,1870042c,KG,5,1,150,26/03/2024,Cash,26/03/2024 23:26:21,
f26b78d5,38488d47,KG,20,1,500,26/03/2024,Cash,26/03/2024 23:26:41,
c7b4e362,38488d32,Liter,1,3,162,27/03/2024,Cash,27/03/2024 09:58:02,
677f2ae8,89e823ea,Piece,1,4,80,27/03/2024,Cash,27/03/2024 09:58:28,
6964b38a,38488d42,Piece,1,2,28,26/03/2024,Cash,27/03/2024 21:57:31,
4aa646d8,e73a4f6b,Piece,1,4,40,27/03/2024,Cash,27/03/2024 21:58:11,
c7fd1786,38488d32,Liter,1,3,162,28/03/2024,Cash,28/03/2024 08:05:49,
db48cc34,61deb399,KG,2,1,100,28/03/2024,Cash,28/03/2024 08:07:13,
05b8a136,38488d72,KG,1,1,40,28/03/2024,Cash,28/03/2024 19:01:37,
af1a89fc,38488d82,KG,1,1,100,28/03/2024,Cash,28/03/2024 19:02:03,
890a47db,38488d32,Liter,1,3,162,29/03/2024,Cash,29/03/2024 10:36:27,
f9964697,38488d34,KG,0.25,1,20,29/03/2024,Cash,29/03/2024 10:36:57,
ecca704e,38488d50,KG,1,1,50,29/03/2024,Cash,29/03/2024 10:37:22,
b76ecc06,0c53ef5a,KG,0.25,1,20,29/03/2024,Cash,29/03/2024 10:38:16,
8abad7a2,38488d68,KG,1,1,50,29/03/2024,Cash,29/03/2024 10:39:13,
16bf986a,1870042c,KG,5,1,150,29/03/2024,Cash,29/03/2024 21:34:16,
7453cfb9,e158083a,Piece,1,3,100,29/03/2024,Cash,29/03/2024 21:38:00,
85f4e89e,38488d32,Liter,1,3,162,30/03/2024,Cash,30/03/2024 09:44:06,
160bcdf8,38488d38,KG,0.6,1,50,30/03/2024,Cash,30/03/2024 09:44:22,
55795c98,38488d48,KG,0.5,2,68,30/03/2024,Cash,30/03/2024 09:44:47,
aeb389ad,38488d43,KG,1,1,50,30/03/2024,Cash,30/03/2024 19:25:57,
6e786ba4,ce05468e,Piece,1,1,10,30/03/2024,Cash,30/03/2024 19:26:25,
eb0a57db,15ed5402,KG,1,1,110,30/03/2024,Cash,30/03/2024 21:22:40,
c40e5d74,38488d75,Piece,1,3,30,30/03/2024,Cash,30/03/2024 21:23:30,
f82e3516,8fe4d6eb,Piece,1,1,20,30/03/2024,Cash,30/03/2024 22:05:53,
a0adf61c,38488d32,Liter,1,3,162,31/03/2024,Cash,31/03/2024 11:33:21,
381da48d,38488d34,KG,1,1,100,31/03/2024,Cash,31/03/2024 11:33:37,
e2f60991,38488d36,KG,0.25,1,60,31/03/2024,Cash,31/03/2024 11:33:53,
0692b010,38488d51,KG,1,1,280,31/03/2024,Cash,31/03/2024 11:34:14,
9e3b2584,38488d55,Piece,1,2,20,31/03/2024,Cash,31/03/2024 11:34:33,
2ea92295,38488d79,Piece,1,10,100,31/03/2024,Cash,31/03/2024 17:20:00,
ac110c34,38488d32,Liter,2.5,1,135,31/03/2024,Cash,31/03/2024 21:37:43,
a951b204,38488d32,Liter,1,3,162,01/04/2024,Cash,01/04/2024 11:09:44,
b37af82a,38488d33,KG,3,1,90,01/04/2024,Cash,01/04/2024 11:10:00,
59af34c2,38488d71,KG,3,1,70,01/04/2024,Cash,01/04/2024 11:10:31,
5ff3cd8c,38488d38,KG,0.6,1,50,01/04/2024,Cash,01/04/2024 11:11:06,
6b381889,dea6a6c9,Piece,1,1,350,01/04/2024,Cash,01/04/2024 20:09:46,
f6f639c0,9efdfdb6,KG,1,1,60,01/04/2024,Cash,01/04/2024 22:15:50,
838fb4e0,38488d32,Liter,1,3,162,02/04/2024,Cash,02/04/2024 09:20:12,
4c56a7cf,38488d38,KG,0.6,3,150,02/04/2024,Cash,02/04/2024 09:20:56,
6efa0e87,38488d48,KG,1,2,144,02/04/2024,Cash,02/04/2024 09:21:26,
a01c5e79,38488d63,KG,2,1,60,02/04/2024,Cash,02/04/2024 09:21:57,
ac1d65f7,38488d34,KG,0.5,1,50,02/04/2024,Cash,02/04/2024 09:25:05,
ec11347a,fcd75bd5,Piece,1,1,10,02/04/2024,Cash,02/04/2024 09:25:30,
24a9b365,4340a96c,KG,0.5,1,35,02/04/2024,Cash,02/04/2024 09:26:18,
0601b431,e0ae4eda,Liter,1,1,130,02/04/2024,Cash,02/04/2024 09:29:38,
888d1d8b,2f5f74e8,KG,0.6,1,130,02/04/2024,Cash,02/04/2024 18:55:45,
d756f97b,81cb458e,Liter,1,10,960,02/04/2024,Cash,02/04/2024 18:57:02,
8f1c2a14,38488d69,KG,0.25,1,110,02/04/2024,Cash,02/04/2024 19:00:16,
72fe98dc,38488d32,KG,2.5,1,135,02/04/2024,Cash,02/04/2024 19:08:21,
a9763138,fcd75bd5,Piece,1,2,20,02/04/2024,Cash,02/04/2024 19:09:01,
b6565aff,38488d36,KG,1,1,180,02/04/2024,Cash,02/04/2024 22:11:40,
396b432a,38488d72,KG,1,1,50,02/04/2024,Cash,02/04/2024 22:12:57,
214be0e1,38488d39,KG,5,1,90,02/04/2024,Cash,02/04/2024 22:13:16,
3682ef47,38488d33,KG,5,1,100,02/04/2024,Cash,02/04/2024 22:13:37,
196a0ed6,38488d37,KG,3,1,60,02/04/2024,Cash,02/04/2024 22:13:54,
ece4e6a9,1870042c,KG,8,1,180,02/04/2024,Cash,02/04/2024 22:15:07,
564d04bd,38488d82,KG,1,1,90,02/04/2024,Cash,02/04/2024 22:48:55,
edc67de2,7cfdeddd,KG,1,1,140,02/04/2024,Cash,02/04/2024 22:50:21,
bc26d8ee,a31d5abb,KG,1,1,160,02/04/2024,Cash,02/04/2024 22:52:25,
12f1f7f3,818ce46b,KG,1,1,30,02/04/2024,Cash,02/04/2024 22:53:52,
7ea31574,533238d5,KG,1,1,40,02/04/2024,Cash,02/04/2024 22:55:32,
fa72ab66,38488d84,KG,1.5,1,50,02/04/2024,Cash,02/04/2024 22:56:12,
7eb3bf03,38488d32,Liter,1,3,162,03/04/2024,Cash,03/04/2024 09:55:17,
0eaf81be,38488d48,KG,1.5,1,102,03/04/2024,Cash,03/04/2024 09:55:38,
629f5335,38488d75,Piece,1,4,40,03/04/2024,Cash,03/04/2024 10:02:04,
2906fdb6,38488d56,Piece,1,2,130,03/04/2024,Cash,03/04/2024 21:10:52,
e8a708ed,070c1507,Piece,1,6,50,03/04/2024,Cash,03/04/2024 21:12:05,
8200a849,533238d5,KG,1,1,60,03/04/2024,Cash,03/04/2024 21:15:13,
d8a9f676,38488d32,Liter,1,3,162,04/04/2024,Cash,04/04/2024 10:12:45,
380b2f18,38488d66,KG,2,1,120,04/04/2024,Cash,04/04/2024 10:13:09,
79622be2,074f02cb,Piece,1,6,102,04/04/2024,Cash,04/04/2024 19:56:45,
b70460c4,38488d70,Piece,6,14,350,04/04/2024,Cash,04/04/2024 20:00:55,
0585eb77,38488d35,KG,0.25,1,10,04/04/2024,Cash,04/04/2024 20:02:17,
eddaf480,38488d71,KG,1.5,1,40,04/04/2024,Cash,04/04/2024 20:02:56,
7efe2747,38488d84,KG,0.25,1,10,04/04/2024,Cash,04/04/2024 20:03:45,
a1814772,cae57605,Piece,1,4,20,04/04/2024,Cash,04/04/2024 21:48:55,
0343cfe3,38488d32,Liter,1,3,162,05/04/2024,Cash,05/04/2024 09:58:37,
a6280fd0,38488d78,KG,0.5,1,35,05/04/2024,Cash,05/04/2024 14:14:37,
4e12a1c9,38488d47,KG,25,1,625,05/04/2024,Cash,05/04/2024 17:21:39,
d0e6b198,1870042c,KG,5,1,120,05/04/2024,Cash,05/04/2024 17:22:04,
2dc4b823,38488d50,KG,1,1,40,05/04/2024,Cash,05/04/2024 19:31:13,
72e6df18,ee4c7cc6,KG,1,1,250,05/04/2024,Cash,05/04/2024 22:16:10,
f9bd1bb4,38488d32,Liter,1,3,162,06/04/2024,Cash,06/04/2024 13:59:12,
14083eca,38488d38,KG,0.6,1,50,06/04/2024,Cash,06/04/2024 13:59:29,
cf1d8e0d,38488d48,KG,1,2,144,06/04/2024,Cash,06/04/2024 14:00:06,
a1208593,38488d43,KG,0.5,5,50,06/04/2024,Cash,06/04/2024 14:00:24,
73f3f216,38488d84,KG,3,1,120,06/04/2024,Cash,06/04/2024 21:17:38,
e1272772,38488d68,KG,1,1,40,06/04/2024,Cash,06/04/2024 21:18:15,
a67a11e4,15ed5402,KG,1,1,110,06/04/2024,Cash,06/04/2024 22:07:23,
241a8c2c,38488d32,Liter,1,3,162,07/04/2024,Cash,07/04/2024 13:01:54,
02600ffc,38488d43,KG,0.5,15,150,07/04/2024,Cash,07/04/2024 13:02:12,
45ed762c,2bdbfdb6,KG,1,1,100,07/04/2024,Cash,07/04/2024 13:03:33,
5f1fe234,2bdbfdb8,Piece,1,1,20,07/04/2024,Cash,07/04/2024 13:04:12,
afc450b9,5ad61e4e,KG,2,1,100,07/04/2024,Cash,07/04/2024 13:07:04,
64b8b174,38488d32,Liter,1,3,162,07/04/2024,Cash,07/04/2024 19:35:30,
e29d327a,38488d42,Piece,1,2,130,07/04/2024,Cash,07/04/2024 19:41:07,
05f84995,38488d32,Liter,1,3,162,08/04/2024,Cash,08/04/2024 07:56:13,
44df5247,38488d63,KG,2,1,60,08/04/2024,Cash,08/04/2024 07:56:28,
acc2517c,38488d38,KG,0.6,1,50,08/04/2024,Cash,08/04/2024 10:24:23,
7a93e932,38488d77,Piece,1,1,220,08/04/2024,Cash,08/04/2024 13:15:08,
9177560f,e9913fc2,Piece,1,1,100,08/04/2024,Cash,08/04/2024 13:15:29,
e96b893b,81cb458e,Liter,1,1,120,08/04/2024,Cash,08/04/2024 22:17:45,
4ba92ab6,38488d59,KG,1,1,170,08/04/2024,Cash,08/04/2024 22:21:51,
fde7daa1,38488d60,KG,0.5,1,90,08/04/2024,Cash,08/04/2024 22:24:15,
c5ccae4a,81cb458e,Liter,1,20,1960,08/04/2024,Cash,08/04/2024 22:26:26,
21a6db58,316fcd40,KG,2,1,180,08/04/2024,Cash,08/04/2024 22:30:20,
f6595101,c39b54f2,KG,0.5,1,60,08/04/2024,Cash,08/04/2024 22:48:38,
698b55ce,38488d39,KG,12,1,240,08/04/2024,Cash,08/04/2024 22:49:24,
e2bd19fb,38488d32,Liter,1,3,162,09/04/2024,Cash,09/04/2024 11:46:42,
768d7eaf,38488d48,KG,1,1,72,09/04/2024,Cash,09/04/2024 11:47:14,
ab58dc63,38488d34,KG,0.25,1,20,09/04/2024,Cash,09/04/2024 11:47:41,
df37f192,38488d68,KG,0.5,1,40,09/04/2024,Cash,09/04/2024 11:48:13,
97f9c078,38488d71,KG,2,1,50,09/04/2024,Cash,09/04/2024 11:48:41,
959cf072,38488d38,KG,0.6,1,50,09/04/2024,Cash,09/04/2024 11:49:08,
c594ad45,38488d82,KG,0.25,1,20,09/04/2024,Cash,09/04/2024 11:49:29,
8737fe5e,a92f80eb,KG,50,1,900,09/04/2024,Cash,09/04/2024 11:49:55,
8adaace7,38488d51,KG,1.25,1,325,09/04/2024,Cash,09/04/2024 18:33:59,
07d18dcc,38488d55,Piece,1,2,20,09/04/2024,Cash,09/04/2024 18:36:26,
7460d65b,38488d34,KG,1,1,50,09/04/2024,Cash,09/04/2024 18:37:20,
73848815,1870042c,KG,2,1,80,09/04/2024,Cash,09/04/2024 18:37:39,
800664b3,38488d69,KG,0.25,1,110,09/04/2024,Cash,09/04/2024 22:01:18,
a6fd4c32,38488d33,KG,5,1,100,09/04/2024,Cash,09/04/2024 22:01:48,
b46d5d4f,38488d36,KG,1,1,150,09/04/2024,Cash,09/04/2024 22:02:31,
0a2b753f,1870042c,KG,5,1,150,09/04/2024,Cash,09/04/2024 22:02:51,
8efb4372,38488d72,KG,1,1,40,09/04/2024,Cash,09/04/2024 22:03:08,
d55d4eef,38488d82,KG,2,1,120,09/04/2024,Cash,09/04/2024 22:03:34,
09f5e086,61deb399,KG,1.5,1,90,09/04/2024,Cash,09/04/2024 22:04:19,
c00f5f83,533238d5,KG,2,1,60,09/04/2024,Cash,09/04/2024 22:04:43,
1268e38c,7cfdeddd,KG,1,1,80,09/04/2024,Cash,09/04/2024 22:06:18,
1e5d26d1,2bdbfdb9,Piece,1,25,250,09/04/2024,Cash,09/04/2024 22:06:51,
9593f77f,38488d78,KG,1,2,100,09/04/2024,Cash,09/04/2024 22:07:17,
ae607c19,3ed563fc,Piece,1,5,150,09/04/2024,Cash,09/04/2024 22:57:28,
482356ad,070c1507,Piece,1,6,50,09/04/2024,Cash,09/04/2024 23:05:51,
a97b5398,38488d32,Liter,1,3,162,10/04/2024,Cash,10/04/2024 07:35:46,
6a91ba59,38488d38,KG,0.6,1,50,10/04/2024,Cash,10/04/2024 07:36:11,
f68e23e5,38488d84,KG,1.5,1,60,10/04/2024,Cash,10/04/2024 07:36:52,
3114cde4,38488d32,Liter,1,5,270,11/04/2024,Cash,11/04/2024 21:57:16,
fc97e58f,38488d38,KG,0.6,4,200,11/04/2024,Cash,11/04/2024 21:57:59,
d01d057a,e3c0fff2,KG,0.5,1,80,11/04/2024,Cash,11/04/2024 21:58:38,
84d65745,fcd75bd5,Piece,1,1,20,11/04/2024,Cash,11/04/2024 22:00:56,
7ccc49d0,1870042c,KG,5,1,150,11/04/2024,Cash,11/04/2024 22:05:05,
01205a23,a31d5abb,KG,0.5,1,60,11/04/2024,Cash,11/04/2024 22:05:20,
4e1a5241,38488d32,Liter,1,3,162,12/04/2024,Cash,12/04/2024 10:11:27,
350f97bb,38488d43,KG,1,1,50,12/04/2024,Cash,12/04/2024 10:59:19,
809cd488,38488d46,Liter,2,1,38,12/04/2024,Cash,12/04/2024 18:47:26,
cad82d71,38488d34,KG,1,1,60,12/04/2024,Cash,12/04/2024 18:48:53,
d68d5bbd,38488d32,Liter,1,3,162,13/04/2024,Cash,13/04/2024 13:24:56,
dc1a63e2,38488d48,KG,2.5,1,178,13/04/2024,Cash,13/04/2024 13:25:25,
478f62b4,38488d50,KG,1,1,40,13/04/2024,Cash,13/04/2024 13:26:07,
f1b641d6,38488d73,KG,4,1,120,13/04/2024,Cash,13/04/2024 13:26:43,
c1add06c,608e4a15,Piece,1,1,80,13/04/2024,Cash,13/04/2024 19:59:58,
15bab276,c39b54f2,KG,1,1,120,13/04/2024,Cash,13/04/2024 20:01:31,
00090e8d,38488d32,Liter,1,3,162,14/04/2024,Cash,14/04/2024 10:49:12,
fe4d604a,38488d33,KG,2.508,1,100,14/04/2024,Cash,14/04/2024 10:49:32,
508611bc,38488d47,KG,6,1,180,14/04/2024,Cash,14/04/2024 10:50:07,
86faf83a,38488d73,KG,5,1,150,14/04/2024,Cash,14/04/2024 10:50:58,
6fed233c,38488d42,Piece,1,2,130,14/04/2024,Cash,14/04/2024 21:41:18,
3096a8f3,38488d32,Liter,2.5,1,135,14/04/2024,Cash,14/04/2024 21:42:54,
c345a6b0,38488d32,Liter,1,3,162,15/04/2024,Cash,15/04/2024 10:32:33,
90da6321,38488d38,KG,0.6,1,50,15/04/2024,Cash,15/04/2024 10:33:13,
f62ceae1,38488d71,KG,3,1,60,15/04/2024,Cash,15/04/2024 10:33:55,
b42383c8,38488d32,Liter,1,3,162,16/04/2024,Cash,16/04/2024 13:55:28,
721e22b9,38488d34,KG,0.25,1,20,16/04/2024,Cash,16/04/2024 13:55:45,
6efdf77b,38488d38,KG,0.6,2,100,16/04/2024,Cash,16/04/2024 13:56:15,
c8b01712,38488d48,KG,1,1,72,16/04/2024,Cash,16/04/2024 13:57:02,
83d94d1a,38488d63,KG,2,1,60,16/04/2024,Cash,16/04/2024 13:57:21,
1d6c0052,608e4a15,Piece,1,1,200,16/04/2024,Cash,16/04/2024 14:27:47,
5c3be7c1,1870042c,KG,5,1,150,16/04/2024,Cash,16/04/2024 22:05:48,
174a9ec9,38488d34,KG,1,1,40,16/04/2024,Cash,16/04/2024 22:06:41,
803844cd,38488d69,KG,0.25,1,110,16/04/2024,Cash,16/04/2024 22:07:30,
ea823d88,38488d36,KG,1,1,160,16/04/2024,Cash,16/04/2024 22:08:43,
4313a9cd,38488d39,KG,10,1,200,16/04/2024,Cash,16/04/2024 22:10:07,
26ae690d,38488d72,KG,1,1,40,16/04/2024,Cash,16/04/2024 22:10:32,
9446b634,38488d47,KG,15,1,450,16/04/2024,Cash,16/04/2024 22:11:31,
23c44e72,38488d82,KG,1,1,60,16/04/2024,Cash,16/04/2024 22:13:02,
5ddb8ca9,1905cc15,KG,1.25,1,100,16/04/2024,Cash,16/04/2024 22:13:53,
6851a101,dd1404d1,Piece,1,2,60,16/04/2024,Cash,16/04/2024 22:47:45,
1d7f2621,7cfdeddd,KG,1,1,120,16/04/2024,Cash,16/04/2024 22:49:00,
7e3a17b6,38488d63,KG,2,1,40,16/04/2024,Cash,16/04/2024 22:52:35,
7fe9f855,38488d32,Liter,1,1,162,17/04/2024,Cash,17/04/2024 09:40:05,
c391fbef,38488d51,KG,1.5,1,420,17/04/2024,Cash,17/04/2024 17:40:18,
61ab1e83,38488d68,KG,1,1,100,17/04/2024,Cash,17/04/2024 17:41:10,
01ba5181,38488d55,Piece,2,10,50,17/04/2024,Cash,17/04/2024 17:41:37,
00ba35da,81cb458e,Piece,10,2,1880,17/04/2024,Cash,17/04/2024 17:42:32,
111614ad,557cb1a3,Piece,1,2,40,17/04/2024,Cash,17/04/2024 20:06:55,
ad6b4329,38488d32,Liter,1,3,162,18/04/2024,Cash,18/04/2024 10:50:34,
42f0fdd4,38488d48,KG,1,2,144,18/04/2024,Cash,18/04/2024 10:51:18,
b4f3ff68,38488d38,KG,0.6,1,50,18/04/2024,Cash,18/04/2024 10:51:55,
85329bc6,89e823ea,KG,0.5,1,100,18/04/2024,Cash,18/04/2024 10:52:17,
d589a813,38488d79,Piece,1,4,60,18/04/2024,Cash,18/04/2024 21:44:09,
1082dc94,38488d32,Liter,1,3,162,19/04/2024,Cash,19/04/2024 09:44:01,
8b4b09e8,1870042c,KG,2,1,80,19/04/2024,Cash,19/04/2024 09:44:32,
21eba5fb,38488d34,KG,1,1,40,19/04/2024,Cash,19/04/2024 09:45:01,
a10fc66f,3f40d071,Piece,12,10,400,19/04/2024,Cash,19/04/2024 09:45:19,
eebda18b,38488d73,KG,5,1,125,19/04/2024,Cash,19/04/2024 09:47:27,
72a2b6b7,38488d43,KG,1,1,50,19/04/2024,Cash,19/04/2024 21:04:10,
32d4095c,a208793d,Piece,1,1,150,19/04/2024,Cash,19/04/2024 21:59:52,
80d811fc,8fe4d6eb,Piece,1,1,30,19/04/2024,Cash,19/04/2024 22:00:38,
c5e26509,38488d32,Liter,1,3,162,20/04/2024,Cash,20/04/2024 17:51:09,
344bacc4,61deb399,KG,1.5,1,80,20/04/2024,Cash,20/04/2024 17:51:29,
eae084a5,38488d48,KG,1,2,144,20/04/2024,Cash,20/04/2024 17:52:39,
ea5dabe5,38488d38,KG,0.6,1,50,20/04/2024,Cash,20/04/2024 19:28:17,
02bbb689,1870042c,KG,5,1,140,20/04/2024,Cash,20/04/2024 19:28:46,
2aaf347c,533238d5,KG,2,1,80,20/04/2024,Cash,20/04/2024 21:43:06,
c1fd1a61,38488d39,KG,5,1,100,20/04/2024,Cash,20/04/2024 21:43:32,
14a77f3e,38488d54,KG,5,1,175,20/04/2024,Cash,20/04/2024 21:43:57,
61f008bb,38488d32,Liter,1,3,162,21/04/2024,Cash,21/04/2024 09:51:21,
1adfba49,38488d73,KG,8,2,200,21/04/2024,Cash,21/04/2024 09:51:39,
2e22abfb,38488d34,KG,1,1,40,21/04/2024,Cash,21/04/2024 09:52:29,
61ad6e03,38488d48,KG,0.2,1,18,21/04/2024,Cash,21/04/2024 09:52:46,
631191df,38488d51,KG,1.5,1,420,21/04/2024,Cash,21/04/2024 20:29:03,
9bbbae9f,38488d55,Piece,1,2,20,21/04/2024,Cash,21/04/2024 20:30:14,
740c2290,38488d32,Liter,1,3,162,21/04/2024,Cash,21/04/2024 20:30:56,
932bdef0,565c2ef2,KG,0.25,1,100,21/04/2024,Cash,21/04/2024 20:56:04,
c88804da,38488d32,Liter,1,3,162,22/04/2024,Cash,22/04/2024 11:48:09,
3fd8751f,38488d71,KG,3,1,70,22/04/2024,Cash,22/04/2024 11:49:57,
0dff1f21,89e823ea,KG,0.1,2,40,22/04/2024,Cash,22/04/2024 11:58:38,
382f4871,38488d47,KG,25,1,625,22/04/2024,Cash,22/04/2024 21:08:52,
e01005ab,1870042c,KG,5,1,175,22/04/2024,Cash,22/04/2024 21:09:32,
a295ca91,38488d60,KG,0.5,1,80,22/04/2024,Cash,22/04/2024 21:45:37,
1a40a204,38488d59,KG,1,1,160,22/04/2024,Cash,22/04/2024 21:46:47,
21946262,316fcd40,KG,3,1,180,22/04/2024,Cash,22/04/2024 21:47:18,
d733f8c7,38488d72,KG,0.5,1,30,22/04/2024,Cash,22/04/2024 22:13:16,
14e62a69,38488d32,Liter,1,3,162,23/04/2024,Cash,23/04/2024 10:47:45,
1e48e025,38488d48,KG,1,1,72,23/04/2024,Cash,23/04/2024 10:48:23,
67998b08,38488d38,KG,0.6,2,100,23/04/2024,Cash,23/04/2024 10:49:17,
649a789f,38488d50,Liter,1.5,1,60,23/04/2024,Cash,23/04/2024 10:50:06,
77b1176f,4340a96c,KG,0.5,1,35,23/04/2024,Cash,23/04/2024 10:51:19,
bcccd20b,38488d69,KG,0.25,1,110,23/04/2024,Cash,23/04/2024 18:53:31,
42a77d12,38488d68,KG,0.5,1,50,23/04/2024,Cash,23/04/2024 22:29:35,
d6d6403e,38488d63,KG,2,1,40,23/04/2024,Cash,23/04/2024 22:30:13,
b053bdbb,38488d82,KG,2,1,100,23/04/2024,Cash,23/04/2024 22:31:12,
965604d6,38488d72,KG,0.5,1,20,23/04/2024,Cash,23/04/2024 22:32:17,
6a6c1073,38488d84,KG,3,1,90,23/04/2024,Cash,23/04/2024 22:33:01,
5b328f3a,38488d73,KG,6,1,150,23/04/2024,Cash,23/04/2024 22:33:33,
55149620,7cfdeddd,KG,1,1,150,23/04/2024,Cash,23/04/2024 22:34:18,
ab2ae7c6,533238d5,KG,2,1,60,23/04/2024,Cash,23/04/2024 22:35:25,
b2c41e40,38488d68,KG,2,1,120,23/04/2024,Cash,23/04/2024 22:36:25,
f37f6ef5,38488d39,KG,8,1,120,23/04/2024,Cash,23/04/2024 22:36:49,
afedbc79,38488d32,Liter,1,3,162,24/04/2024,Cash,24/04/2024 10:45:40,
48af0089,38488d48,KG,1,1,72,24/04/2024,Cash,24/04/2024 10:46:03,
0d2ea516,38488d51,KG,0.75,1,240,24/04/2024,Cash,24/04/2024 10:46:21,
d88a9b5e,31170873,Piece,1,1,180,24/04/2024,Cash,24/04/2024 13:46:55,
4cad419a,9130d9d3,Piece,1,1,90,24/04/2024,Cash,24/04/2024 21:35:49,
65a9ef6d,38488d78,KG,0.5,1,35,24/04/2024,Cash,24/04/2024 22:15:01,
d4135cce,38488d32,Liter,1,3,168,25/04/2024,Cash,25/04/2024 09:47:57,
fc24a252,38488d38,KG,0.2,1,20,25/04/2024,Cash,25/04/2024 09:48:23,
3f1d5a74,52cdaa61,KG,50,1,1410,25/04/2024,Cash,25/04/2024 18:36:08,
69fc22de,0601c3cb,Piece,1,6,54,25/04/2024,Cash,25/04/2024 21:46:14,
b34a61fa,38488d32,Liter,1,3,162,26/04/2024,Cash,26/04/2024 19:19:54,
5786eff0,38488d72,KG,0.75,1,40,26/04/2024,Cash,26/04/2024 19:20:10,
7ad56979,38488d74,KG,3,1,150,26/04/2024,Cash,26/04/2024 19:20:49,
67052f2a,38488d73,KG,4,1,120,26/04/2024,Cash,26/04/2024 19:22:23,
d1f7859a,1870042c,KG,5,1,140,26/04/2024,Cash,26/04/2024 19:22:57,
34d12f74,38488d48,KG,1,1,72,26/04/2024,Cash,26/04/2024 19:23:48,
89eeb1b8,38488d37,KG,3,1,70,26/04/2024,Cash,26/04/2024 19:24:15,
b7953f71,13a4f998,Piece,1,1,150,26/04/2024,Cash,26/04/2024 21:41:06,
151a40c6,7836518d,Piece,1,2,120,26/04/2024,Cash,26/04/2024 21:45:20,
f27cdabb,074f02cb,Piece,1,2,36,26/04/2024,Cash,26/04/2024 21:57:32,
88e90f0b,38488d32,Liter,1,3,162,27/04/2024,Cash,27/04/2024 12:14:38,
0bacb188,38488d34,KG,1.5,1,50,27/04/2024,Cash,27/04/2024 12:14:53,
d96b3458,38488d73,KG,8,2,200,27/04/2024,Cash,27/04/2024 12:15:16,
b6059755,3f40d071,Piece,12,10,400,27/04/2024,Cash,27/04/2024 12:16:10,
a679c8ea,38488d48,KG,1,1,72,27/04/2024,Cash,27/04/2024 12:18:51,
0c20e144,070c1507,Piece,1,12,110,27/04/2024,Cash,27/04/2024 21:45:55,
0af261f8,c8847587,Piece,1,2,120,27/04/2024,Cash,27/04/2024 21:46:42,
2a907740,38488d32,Liter,1,3,162,28/04/2024,Cash,28/04/2024 17:42:51,
adca86d0,38488d48,KG,1.2,1,18,28/04/2024,Cash,28/04/2024 17:43:05,
a3a7ca47,38488d51,KG,1.5,1,420,28/04/2024,Cash,28/04/2024 17:43:52,
37e082d4,2bdbfdb7,Piece,1,12,120,28/04/2024,Cash,28/04/2024 17:45:14,
80bcd908,38488d46,Liter,2,1,95,28/04/2024,Cash,28/04/2024 17:46:13,
6c06019d,38488d32,Liter,1,3,162,29/04/2024,Cash,29/04/2024 10:11:05,
cb70d942,38488d48,KG,1,1,72,29/04/2024,Cash,29/04/2024 10:12:14,
30cffd2e,38488d38,KG,0.6,1,50,29/04/2024,Cash,29/04/2024 22:24:11,
c077a0b0,38488d74,KG,4,1,160,29/04/2024,Cash,29/04/2024 22:25:10,
15a19790,38488d39,KG,2,1,40,29/04/2024,Cash,29/04/2024 22:25:58,
491fda99,fb323e8d,Piece,1,1,65,29/04/2024,Cash,29/04/2024 22:26:25,
bac2238c,38488d32,Liter,1,3,162,30/04/2024,Cash,30/04/2024 10:30:07,
3d946afe,38488d48,KG,1,4,280,30/04/2024,Cash,30/04/2024 10:30:26,
c6b482e7,38488d38,KG,0.6,1,50,30/04/2024,Cash,30/04/2024 10:31:53,
18e6e9f7,38488d71,KG,2.5,1,50,30/04/2024,Cash,30/04/2024 10:32:25,
504584f0,1870042c,KG,10,1,200,30/04/2024,Cash,30/04/2024 13:53:00,
16ea4585,38488d32,KG,1.5,1,81,30/04/2024,Cash,30/04/2024 18:16:13,
1e067d50,38488d69,KG,0.25,1,110,30/04/2024,Cash,30/04/2024 18:50:44,
09e2f6ec,3ed563fc,Piece,1,10,300,30/04/2024,Cash,30/04/2024 21:57:28,
8f4f7e79,090f0992,Liter,0.7,5,350,30/04/2024,Cash,30/04/2024 21:58:28,
8408fbc2,38488d77,Piece,1,2,180,30/04/2024,Cash,30/04/2024 22:00:01,
a6b9798d,38488d78,KG,1,3,150,30/04/2024,Cash,30/04/2024 22:00:43,
a0945848,38488d53,KG,1,1,20,30/04/2024,Cash,30/04/2024 22:01:48,
e18d3648,38488d39,KG,2,1,40,30/04/2024,Cash,30/04/2024 22:02:46,
bc55b355,38488d34,KG,1.5,1,50,30/04/2024,Cash,30/04/2024 22:03:27,
b07d4fdf,38488d57,KG,4,1,200,30/04/2024,Cash,30/04/2024 22:03:46,
52d280c1,533238d5,KG,2,1,60,30/04/2024,Cash,30/04/2024 22:04:09,
24a75c26,38488d63,KG,2,1,40,30/04/2024,Cash,30/04/2024 22:04:46,
cab47aff,38488d84,KG,3,1,90,30/04/2024,Cash,30/04/2024 22:05:29,
53041d17,a31d5abb,KG,1,1,150,30/04/2024,Cash,30/04/2024 22:05:52,
37f88ff8,38488d36,KG,1,1,150,30/04/2024,Cash,30/04/2024 22:10:06,
215705a2,7cfdeddd,KG,1.25,1,150,30/04/2024,Cash,30/04/2024 22:10:28,
6b466a83,38488d72,KG,1,1,40,30/04/2024,Cash,30/04/2024 22:10:59,
f3dbd865,38488d82,KG,1,1,40,30/04/2024,Cash,30/04/2024 22:11:19,
a73f0991,bf503910,Piece,1,2,80,30/04/2024,Cash,30/04/2024 22:53:52,
a783670e,31814ad8,Piece,1,1,100,30/04/2024,Cash,30/04/2024 23:23:58,
1dd05c8a,fb323e8d,Piece,1,1,15,30/04/2024,Cash,30/04/2024 23:25:28,
f1546ef5,38488d32,Liter,1,3,168,01/05/2024,Cash,01/05/2024 09:52:57,
f5ed6ac2,38488d48,KG,1,2,144,01/05/2024,Cash,01/05/2024 09:53:38,
01927bd3,38488d47,KG,25,1,600,01/05/2024,Cash,01/05/2024 18:41:56,
efcd342e,a92f80eb,KG,10,1,240,01/05/2024,Cash,01/05/2024 18:42:54,
202bb13d,ee4c7cc6,KG,1,1,250,01/05/2024,Cash,01/05/2024 20:28:38,
0b9c8bb7,5b074625,KG,0.5,1,65,01/05/2024,Cash,01/05/2024 20:29:29,
ddd28faf,8fe4d6eb,Piece,1,1,50,01/05/2024,Cash,01/05/2024 21:56:15,
cad24e68,38488d32,Liter,1,3,168,02/05/2024,Cash,02/05/2024 11:49:13,
74699fa2,38488d38,KG,0.6,4,200,02/05/2024,Cash,02/05/2024 11:50:40,
74137ff9,38488d48,KG,1,1,72,02/05/2024,Cash,02/05/2024 11:51:23,
a14cbc68,a92f80eb,KG,50,1,1000,02/05/2024,Cash,02/05/2024 11:56:16,
b7a468be,38488d43,KG,1,1,50,02/05/2024,Cash,02/05/2024 21:03:46,
5652ae63,38488d32,KG,1,1,56,02/05/2024,Cash,02/05/2024 21:46:14,
a9574562,38488d32,Liter,1,3,163,03/05/2024,Cash,03/05/2024 18:52:10,
37d94da5,38488d48,KG,1.5,1,106,03/05/2024,Cash,03/05/2024 18:52:28,
f57c299c,38488d59,KG,1,1,160,03/05/2024,Cash,03/05/2024 18:57:22,
03566e2a,38488d60,KG,1,1,160,03/05/2024,Cash,03/05/2024 19:03:27,
20e05f19,38488d39,KG,9,1,180,03/05/2024,Cash,03/05/2024 19:04:21,
e37f9c26,38488d68,KG,0.5,1,50,03/05/2024,Cash,03/05/2024 19:06:57,
7e4cf44b,316fcd40,KG,5,1,300,03/05/2024,Cash,03/05/2024 19:08:58,
1cc542b7,9130d9d3,Piece,1,1,80,03/05/2024,Cash,03/05/2024 20:23:10,
e473734f,38488d32,Liter,1,3,162,04/05/2024,Cash,04/05/2024 10:53:26,
e1be10eb,38488d34,KG,0.25,1,10,04/05/2024,Cash,04/05/2024 10:53:45,
d8044c5d,38488d38,KG,0.6,2,100,04/05/2024,Cash,04/05/2024 10:59:51,
590fbbd3,38488d48,KG,1,1,72,04/05/2024,Cash,04/05/2024 11:00:18,
d3ef777c,fb9ea07d,KG,0.5,1,50,04/05/2024,Cash,04/05/2024 17:52:21,
d96acad5,38488d63,KG,2,1,60,04/05/2024,Cash,04/05/2024 17:53:40,
87a1ae3c,38488d57,KG,0.25,1,20,04/05/2024,Cash,04/05/2024 17:54:48,
4c8e5b97,38488d62,KG,1,5,275,04/05/2024,Cash,04/05/2024 17:55:21,
ef313c2f,38488d68,KG,0.5,2,150,04/05/2024,Cash,04/05/2024 17:56:17,
7cfe48b9,2c4d95ef,KG,0.5,1,70,04/05/2024,Cash,04/05/2024 17:58:16,
6ee39b71,2f5f74e8,Piece,1,1,35,04/05/2024,Cash,04/05/2024 17:58:53,
1625cc47,ee72568a,Piece,1,1,55,04/05/2024,Cash,04/05/2024 17:59:56,
4411f85c,8b22178e,KG,0.2,1,40,04/05/2024,Cash,04/05/2024 18:00:48,
e9359765,fb258aa9,Piece,1,1,124,04/05/2024,Cash,04/05/2024 22:04:41,
118dc031,38488d32,Liter,1,3,162,05/05/2024,Cash,05/05/2024 12:11:19,
ad8ea40b,38488d34,KG,1,1,40,05/05/2024,Cash,05/05/2024 12:11:35,
8fb0f921,38488d51,KG,1.5,1,420,05/05/2024,Cash,05/05/2024 12:12:04,
a437a3cd,38488d55,Piece,1,2,20,05/05/2024,Cash,05/05/2024 12:12:33,
f5e2b4fd,3095f6ad,KG,1.5,1,70,05/05/2024,Cash,05/05/2024 12:12:57,
931e2d28,1870042c,KG,2,1,80,05/05/2024,Cash,05/05/2024 12:14:19,
39cb8b35,52cdaa61,KG,50,1,1400,05/05/2024,Cash,05/05/2024 12:14:43,
896c15bf,3095f6ad,KG,5,1,220,05/05/2024,Cash,05/05/2024 12:15:23,
a8194a55,38488d32,Liter,1,3,162,05/05/2024,Cash,05/05/2024 21:24:14,
2a30f99e,38488d32,Liter,1,3,162,06/05/2024,Cash,06/05/2024 09:15:58,
ec5e5cc6,38488d48,KG,0.5,3,102,06/05/2024,Cash,06/05/2024 09:16:12,
34c2ddc7,38488d38,KG,0.6,1,50,06/05/2024,Cash,06/05/2024 09:18:10,
68dc272a,1870042c,KG,5,1,120,06/05/2024,Cash,06/05/2024 18:01:38,
c4ec16aa,38488d63,KG,1.5,1,40,06/05/2024,Cash,06/05/2024 18:01:55,
5d7b34ef,38488d39,KG,3,1,90,06/05/2024,Cash,06/05/2024 18:03:07,
5cc9836e,13a4f998,Piece,1,2,300,06/05/2024,Cash,06/05/2024 20:50:13,
a7d22052,38488d32,Liter,1,3,162,07/05/2024,Cash,07/05/2024 09:43:24,
2bfb7fde,38488d48,KG,1,3,216,07/05/2024,Cash,07/05/2024 09:43:43,
1de1141d,38488d38,KG,0.6,1,50,07/05/2024,Cash,07/05/2024 09:53:30,
f47c281f,38488d72,KG,0.25,1,10,07/05/2024,Cash,07/05/2024 09:56:04,
dfb30dfe,38488d82,KG,0.25,1,20,07/05/2024,Cash,07/05/2024 09:57:38,
ff88d2a2,38488d43,KG,1,1,50,07/05/2024,Cash,07/05/2024 09:58:43,
5948de31,38488d69,KG,0.25,1,110,07/05/2024,Cash,07/05/2024 18:06:46,
38ec83db,89c87d59,KG,0.1,1,80,07/05/2024,Cash,07/05/2024 18:07:16,
d57c1d0f,38488d36,KG,0.25,1,50,07/05/2024,Cash,07/05/2024 18:07:59,
b86c6302,18374158,Piece,1,2,700,07/05/2024,Cash,07/05/2024 18:45:05,
29625e0f,2bdbfdb9,Piece,1,32,320,07/05/2024,Cash,07/05/2024 18:58:47,
11ca4a8d,38488d36,KG,1,1,150,07/05/2024,Cash,07/05/2024 21:51:56,
eb4429f2,38488d34,KG,2,1,50,07/05/2024,Cash,07/05/2024 21:54:51,
563d49cc,38488d39,KG,6,1,60,07/05/2024,Cash,07/05/2024 21:55:24,
507892b8,38488d72,KG,1,1,40,07/05/2024,Cash,07/05/2024 21:56:32,
d12308d3,38488d82,KG,2,1,100,07/05/2024,Cash,07/05/2024 21:56:59,
3c059505,a31d5abb,KG,1,1,150,07/05/2024,Cash,07/05/2024 22:02:35,
45605435,533238d5,KG,2,1,60,07/05/2024,Cash,07/05/2024 22:03:00,
0c9f47ce,38488d84,KG,1.5,1,50,07/05/2024,Cash,07/05/2024 22:05:50,
8a9f4489,38488d57,KG,4,1,200,07/05/2024,Cash,07/05/2024 22:10:17,
97f60c07,7cfdeddd,KG,1,1,140,07/05/2024,Cash,07/05/2024 22:13:48,
79015c9f,61deb399,KG,1.5,1,90,07/05/2024,Cash,07/05/2024 22:14:41,
7885310f,524a0b85,Piece,1,12,100,07/05/2024,Cash,07/05/2024 23:05:20,
5016c147,38488d32,Liter,1,3,162,08/05/2024,Cash,08/05/2024 09:08:34,
a9a0ff26,38488d38,KG,0.6,4,190,08/05/2024,Cash,08/05/2024 09:09:04,
1d31cd8c,7110fbe1,Piece,1,2,200,08/05/2024,Cash,08/05/2024 17:10:49,
aaaea61d,38488d48,KG,1.5,2,106,08/05/2024,Cash,08/05/2024 17:15:50,
5325ea37,0601c3cb,Piece,1,2,20,08/05/2024,Cash,08/05/2024 17:47:30,
8eb00910,38488d32,Liter,1,3,168,09/05/2024,Cash,09/05/2024 12:23:16,
dae63ef1,38488d48,KG,1,1,72,09/05/2024,Cash,09/05/2024 12:24:30,
101eca24,1870042c,KG,2,1,60,09/05/2024,Cash,09/05/2024 12:25:15,
312c7d2c,38488d73,KG,5,1,150,09/05/2024,Cash,09/05/2024 12:26:22,
e29da94c,9130d9d3,Piece,1,1,140,09/05/2024,Cash,09/05/2024 12:34:20,
fa2c8aeb,e091ecdf,Piece,1,1,200,09/05/2024,Cash,09/05/2024 12:35:42,
e8215420,841b7716,KG,0.25,1,40,09/05/2024,Cash,09/05/2024 22:02:12,
d5414343,38488d64,Piece,1,1,50,09/05/2024,Cash,09/05/2024 22:02:35,
bc0d1782,38488d39,KG,5,1,100,09/05/2024,Cash,09/05/2024 22:03:04,
7c92b01f,1870042c,KG,5,1,120,09/05/2024,Cash,09/05/2024 22:03:44,
87db9781,38488d47,KG,10,1,250,09/05/2024,Cash,09/05/2024 22:03:58,
1fc25dc1,38488d32,Liter,1,3,162,10/05/2024,Cash,10/05/2024 13:39:02,
1cc181dc,38488d35,KG,0.25,1,20,10/05/2024,Cash,10/05/2024 13:39:23,
fc5111a8,38488d48,KG,1,1,72,10/05/2024,Cash,10/05/2024 13:39:49,
2257ba63,38488d73,KG,5,1,150,10/05/2024,Cash,10/05/2024 13:40:08,
a310999b,38488d63,KG,2,1,50,10/05/2024,Cash,10/05/2024 13:40:39,
9fb2dd16,38488d57,KG,0.25,1,15,10/05/2024,Cash,10/05/2024 13:41:25,
5b504d99,3f40d071,Piece,12,8,320,10/05/2024,Cash,10/05/2024 13:42:23,
a884b14e,cc94edad,Piece,1,2,120,10/05/2024,Cash,10/05/2024 13:47:41,
4086ba97,ed69c25d,Piece,1,5,150,10/05/2024,Cash,10/05/2024 19:37:07,
6afc3777,38488d46,Liter,0.75,1,40,10/05/2024,Cash,10/05/2024 19:37:42,
bed07d0a,38488d33,KG,2,1,120,10/05/2024,Cash,10/05/2024 21:29:57,
d83d6fb8,38488d39,KG,4,1,80,10/05/2024,Cash,10/05/2024 21:30:19,
75c2a253,38488d32,Liter,1,3,162,11/05/2024,Cash,11/05/2024 09:06:26,
8bde9093,38488d48,KG,1,3,216,11/05/2024,Cash,11/05/2024 09:07:00,
84461547,38488d38,KG,0.6,1,50,11/05/2024,Cash,11/05/2024 09:07:43,
f859821c,2c4d95ef,KG,0.5,1,60,11/05/2024,Cash,11/05/2024 18:15:14,
61cc3464,2f5f74e8,Piece,1,1,40,11/05/2024,Cash,11/05/2024 18:17:22,
ca911ec9,38488d62,KG,1,6,330,11/05/2024,Cash,11/05/2024 18:18:11,
80ffd252,ee72568a,Piece,1,1,55,11/05/2024,Cash,11/05/2024 18:18:50,
6a588faf,3f5a9999,KG,5,1,75,11/05/2024,Cash,11/05/2024 21:30:33,
63961a1d,38488d48,KG,0.2,1,18,11/05/2024,Cash,11/05/2024 21:31:28,
77c4ea1f,38488d32,Liter,1,3,162,12/05/2024,Cash,12/05/2024 09:52:43,
6ae90b41,1870042c,KG,3,1,75,12/05/2024,Cash,12/05/2024 09:53:34,
b2fbe9a1,38488d34,KG,1,1,30,12/05/2024,Cash,12/05/2024 09:54:03,
de0ed77a,38488d73,KG,5,1,150,12/05/2024,Cash,12/05/2024 09:54:37,
39dcc24c,38488d68,KG,0.5,1,70,12/05/2024,Cash,12/05/2024 17:45:23,
47b194c7,38488d51,KG,1.5,1,420,12/05/2024,Cash,12/05/2024 17:45:58,
4d745990,38488d55,Piece,1,1,20,12/05/2024,Cash,12/05/2024 17:50:37,
87664799,1870042c,KG,5,1,100,12/05/2024,Cash,12/05/2024 17:53:07,
351daaa8,38488d47,KG,50,1,1000,12/05/2024,Cash,12/05/2024 17:53:30,
5bbff84a,7cfdeddd,KG,1,1,100,12/05/2024,Cash,12/05/2024 17:53:52,
b5f1f522,38488d48,KG,0.2,1,18,12/05/2024,Cash,12/05/2024 20:13:48,
9c5e2208,38488d32,KG,0.5,3,81,12/05/2024,Cash,12/05/2024 20:14:38,
cdc21b10,791d3bd3,KG,0.25,1,190,12/05/2024,Cash,12/05/2024 21:46:53,
0cf68029,38488d79,Piece,1,12,120,12/05/2024,Cash,12/05/2024 21:51:29,
8d83418b,38488d32,Liter,1,3,162,13/05/2024,Cash,13/05/2024 12:37:15,
dba17050,38488d48,KG,1,1,72,13/05/2024,Cash,13/05/2024 12:37:48,
f336d1e9,1905cc15,KG,1.5,1,90,13/05/2024,Cash,13/05/2024 12:39:11,
b473dbc5,38488d38,KG,0.6,1,50,13/05/2024,Cash,13/05/2024 12:39:37,
2320d3cd,38488d72,KG,0.5,1,30,13/05/2024,Cash,13/05/2024 19:28:53,
b03cb287,38488d34,KG,0.5,1,20,13/05/2024,Cash,13/05/2024 19:31:09,
d0f07ed1,38488d35,KG,0.5,1,20,13/05/2024,Cash,13/05/2024 19:32:12,
7f306be1,38488d68,KG,0.5,1,60,13/05/2024,Cash,13/05/2024 19:32:39,
3a4b3823,38488d39,KG,5,1,100,13/05/2024,Cash,13/05/2024 19:33:17,
45a09d52,38488d63,KG,2,1,60,13/05/2024,Cash,13/05/2024 19:34:24,
84e8c3b3,86ce16a9,KG,5,1,300,13/05/2024,Cash,13/05/2024 19:35:05,
c3ee6b7e,38488d70,Piece,12,10,400,13/05/2024,Cash,13/05/2024 19:41:20,
cffbae8c,38488d71,KG,1.5,1,40,13/05/2024,Cash,13/05/2024 19:42:14,
da0098ca,38488d84,KG,0.5,1,30,13/05/2024,Cash,13/05/2024 19:44:54,
47413ea3,38488d37,KG,0.5,1,30,13/05/2024,Cash,13/05/2024 19:51:18,
a5ff06b4,38488d32,Liter,1,2,108,14/05/2024,Cash,14/05/2024 11:19:19,
8193b4aa,38488d48,KG,1,1,72,14/05/2024,Cash,14/05/2024 11:19:39,
8a12ab56,38488d32,KG,1,3,162,14/05/2024,Cash,14/05/2024 20:51:51,
13de71d5,38488d69,KG,0.25,1,110,14/05/2024,Cash,14/05/2024 20:52:09,
63ed27b9,1870042c,KG,10,1,160,14/05/2024,Cash,14/05/2024 20:54:05,
07d4997e,38488d57,KG,4,1,120,14/05/2024,Cash,14/05/2024 20:55:09,
03e94e15,38488d39,KG,10,1,200,14/05/2024,Cash,14/05/2024 20:55:34,
23cf4ce7,38488d82,KG,1,1,40,14/05/2024,Cash,14/05/2024 20:55:59,
73999015,533238d5,KG,2,1,60,14/05/2024,Cash,14/05/2024 20:56:33,
20979c85,5040fe86,KG,5,1,100,14/05/2024,Cash,14/05/2024 20:57:02,
bccb0b75,7cfdeddd,KG,1,1,120,14/05/2024,Cash,14/05/2024 21:45:07,
0fec0ab7,38488d72,KG,1,1,40,14/05/2024,Cash,14/05/2024 21:46:48,
ccb5e865,38488d33,KG,2.5,1,100,14/05/2024,Cash,14/05/2024 22:52:23,
ab4339bd,38488d36,KG,1,1,170,14/05/2024,Cash,14/05/2024 22:52:59,
12060233,1905cc15,KG,1,1,100,14/05/2024,Cash,14/05/2024 22:58:40,
99805704,6d43a33d,KG,2,1,120,14/05/2024,Cash,14/05/2024 23:14:48,
692bdc44,38488d84,KG,1.5,1,50,14/05/2024,Cash,14/05/2024 23:16:38,
85cdbe06,070c1507,Piece,12,1,100,14/05/2024,Cash,14/05/2024 23:23:15,
a8ca8bd2,38488d73,KG,4,1,80,14/05/2024,Cash,14/05/2024 23:24:08,
f9b78f79,38488d32,KG,1,3,168,15/05/2024,Cash,15/05/2024 08:52:54,
c96912f7,38488d48,KG,1,1,72,15/05/2024,Cash,15/05/2024 08:53:42,
7dff52a2,e9913fc2,Piece,1,1,100,15/05/2024,Cash,15/05/2024 19:15:04,
34070333,38488d32,Liter,0.5,1,28,15/05/2024,Cash,15/05/2024 21:45:09,
4561fc4b,38488d32,Liter,1,3,162,16/05/2024,Cash,16/05/2024 11:40:56,
b29fe031,38488d48,KG,3.5,1,250,16/05/2024,Cash,16/05/2024 12:52:40,
9ce0c221,3f5a9999,Liter,5,1,75,16/05/2024,Cash,16/05/2024 12:54:21,
b804b85a,38488d48,KG,0.2,1,18,16/05/2024,Cash,16/05/2024 21:41:50,
414ba48d,38488d32,Liter,1,3,162,17/05/2024,Cash,17/05/2024 11:53:17,
4b7053da,38488d48,KG,1,2,144,17/05/2024,Cash,17/05/2024 11:53:31,
c4ea7346,38488d34,KG,0.25,1,10,17/05/2024,Cash,17/05/2024 11:53:48,
721f48e6,38488d38,KG,0.6,2,100,17/05/2024,Cash,17/05/2024 11:54:06,
1112033b,38488d84,KG,3,1,90,17/05/2024,Cash,17/05/2024 20:26:14,
913c0098,38488d39,KG,3,1,60,17/05/2024,Cash,17/05/2024 20:27:05,
fb706cbd,38488d32,Liter,1,3,162,18/05/2024,Cash,18/05/2024 09:44:38,
85847ee2,38488d38,KG,0.6,1,50,18/05/2024,Cash,18/05/2024 09:44:54,
4b31e59d,0601c3cb,Piece,1,2,20,18/05/2024,Cash,18/05/2024 09:45:24,
f19d886d,38488d39,KG,5,1,100,18/05/2024,Cash,18/05/2024 18:47:40,
612875cb,38488d43,KG,1,1,50,18/05/2024,Cash,18/05/2024 18:48:24,
5f0176d7,ce05468e,Piece,1,1,10,18/05/2024,Cash,18/05/2024 18:48:53,
b93057e2,38488d48,KG,1.5,1,106,18/05/2024,Cash,18/05/2024 18:49:25,
ffed5877,38488d32,Liter,1,3,162,19/05/2024,Cash,19/05/2024 11:19:18,
9af31a15,38488d34,KG,1,1,40,19/05/2024,Cash,19/05/2024 11:20:05,
34af1d24,38488d51,KG,1.5,1,420,19/05/2024,Cash,19/05/2024 11:20:23,
b547ed2e,38488d55,Piece,1,1,20,19/05/2024,Cash,19/05/2024 11:21:04,
c1765a58,38488d32,KG,1.5,3,81,19/05/2024,Cash,19/05/2024 21:58:36,
db60b00e,38488d32,Liter,1,3,168,20/05/2024,Cash,20/05/2024 09:21:41,
a31d21c1,38488d63,KG,2,1,50,20/05/2024,Cash,20/05/2024 09:23:20,
cc30c494,38488d48,KG,1,1,72,20/05/2024,Cash,20/05/2024 09:25:04,
0d481ccd,38488d73,KG,5,1,120,20/05/2024,Cash,20/05/2024 09:26:54,
6644bd15,1870042c,KG,5,1,100,20/05/2024,Cash,20/05/2024 18:32:28,
3bc2fa51,38488d48,KG,0.2,2,36,20/05/2024,Cash,20/05/2024 18:32:56,
65ddaff6,c8599a42,KG,0.2,1,40,20/05/2024,Cash,20/05/2024 18:33:21,
838dd5d4,38488d62,KG,1,5,275,20/05/2024,Cash,20/05/2024 18:35:13,
e8c55e27,38488d35,KG,0.25,1,20,20/05/2024,Cash,20/05/2024 18:36:48,
4319b4e5,38488d57,KG,0.25,1,20,20/05/2024,Cash,20/05/2024 18:37:12,
21a06689,38488d63,KG,1.5,1,60,20/05/2024,Cash,20/05/2024 18:37:41,
afa78bc3,38488d68,KG,0.2,8,120,20/05/2024,Cash,20/05/2024 18:38:29,
39b0e41b,2f5f74e8,KG,1,1,40,20/05/2024,Cash,20/05/2024 18:39:32,
1c38e949,2c4d95ef,KG,0.5,1,60,20/05/2024,Cash,20/05/2024 18:40:23,
1ef0f309,ee72568a,Piece,1,1,50,20/05/2024,Cash,20/05/2024 18:41:17,
4dd50a1f,38488d62,KG,1,1,55,20/05/2024,Cash,20/05/2024 21:11:03,
c222a9c1,33b3941a,KG,1,2,130,20/05/2024,Cash,20/05/2024 21:12:09,
337031cc,7836518d,Piece,1,1,20,20/05/2024,Cash,20/05/2024 21:14:11,
a85f607d,38488d32,KG,1,3,162,21/05/2024,Cash,21/05/2024 10:40:48,
1dd6ad9f,38488d48,KG,1.5,2,106,21/05/2024,Cash,21/05/2024 10:41:14,
35975241,38488d38,KG,0.6,3,150,21/05/2024,Cash,21/05/2024 10:42:55,
21b6cf42,38488d72,KG,0.25,1,20,21/05/2024,Cash,21/05/2024 10:43:21,
886494bd,38488d82,KG,0.25,1,15,21/05/2024,Cash,21/05/2024 10:43:47,
1ef0e1b8,38488d39,KG,3,1,60,21/05/2024,Cash,21/05/2024 21:22:44,
d21b3eab,38488d69,KG,0.25,1,110,21/05/2024,Cash,21/05/2024 21:27:31,
d2bb3897,38488d82,KG,2,1,80,21/05/2024,Cash,21/05/2024 21:28:23,
b3472535,38488d57,KG,5,1,130,21/05/2024,Cash,21/05/2024 21:32:00,
b6de94df,38488d73,KG,4,1,60,21/05/2024,Cash,21/05/2024 21:32:24,
e0159677,1905cc15,KG,2,1,80,21/05/2024,Cash,21/05/2024 21:33:01,
c09e5cbe,15880a38,Piece,1,1,130,21/05/2024,Cash,21/05/2024 21:33:50,
b9571cfa,533238d5,KG,3,1,60,21/05/2024,Cash,21/05/2024 21:34:08,
8d0c1665,38488d72,KG,0.75,1,40,21/05/2024,Cash,21/05/2024 21:35:01,
d657c3d0,38488d36,KG,1,1,180,21/05/2024,Cash,21/05/2024 21:48:26,
da3fe4c9,a31d5abb,KG,1,1,160,21/05/2024,Cash,21/05/2024 21:48:57,
cc547813,7cfdeddd,KG,0.5,1,60,21/05/2024,Cash,21/05/2024 21:49:23,
2ae8c331,38488d78,KG,1,2,100,21/05/2024,Cash,21/05/2024 21:50:23,
6a93d849,38488d32,Liter,1,3,162,21/05/2024,Cash,21/05/2024 22:31:18,
4e42f234,fcd75bd5,Piece,1,2,20,21/05/2024,Cash,21/05/2024 22:31:53,
fc6d10de,38488d32,Liter,1,3,162,22/05/2024,Cash,22/05/2024 09:36:39,
b1073b39,38488d48,KG,1,3,216,22/05/2024,Cash,22/05/2024 09:37:13,
d996b707,52cdaa61,KG,0.5,1,35,22/05/2024,Cash,22/05/2024 20:34:31,
bdec037b,c4721744,Piece,1,2,100,22/05/2024,Cash,22/05/2024 20:36:12,
9398a91d,e73a4f6b,Piece,1,8,40,22/05/2024,Cash,22/05/2024 21:55:14,
9dd8e090,38488d78,KG,1,2,100,22/05/2024,Cash,22/05/2024 21:56:13,
2aeb1be6,38488d46,Piece,1,2,75,22/05/2024,Cash,22/05/2024 21:57:33,
fa71f8a1,38488d32,Liter,1,3,162,23/05/2024,Cash,23/05/2024 10:10:50,
a7050a0d,38488d38,KG,0.6,1,50,23/05/2024,Cash,23/05/2024 10:11:33,
27aea017,38488d48,KG,0.5,1,102,23/05/2024,Cash,23/05/2024 10:12:10,
9fb3fa55,1870042c,KG,5,1,100,23/05/2024,Cash,23/05/2024 21:20:51,
c9e3f869,38488d39,KG,3,1,60,23/05/2024,Cash,23/05/2024 21:21:13,
51a55205,38488d73,KG,6,1,120,23/05/2024,Cash,23/05/2024 21:21:43,
146a74ad,533238d5,KG,1,1,30,23/05/2024,Cash,23/05/2024 21:22:09,
dc838aaa,38488d39,KG,2.5,1,50,23/05/2024,Cash,23/05/2024 21:22:46,
82fbe034,38488d48,KG,0.2,1,18,23/05/2024,Cash,23/05/2024 21:36:43,
fea58794,38488d32,KG,1,3,162,24/05/2024,Cash,24/05/2024 12:37:32,
6de2191d,38488d48,KG,1.5,2,106,24/05/2024,Cash,24/05/2024 12:38:01,
9d61d573,3f40d071,Piece,12,8,320,24/05/2024,Cash,24/05/2024 12:39:38,
adfa617f,9130d9d3,Piece,1,1,90,24/05/2024,Cash,24/05/2024 21:29:25,
f98c1ba6,acfc8632,KG,0.5,1,85,24/05/2024,Cash,24/05/2024 21:31:28,
fb78fa84,8ef238fe,KG,1,1,450,24/05/2024,Cash,24/05/2024 21:33:31,
76012418,2bdbfdb9,Piece,1,25,250,24/05/2024,Cash,24/05/2024 21:57:12,
dccefd0c,38488d77,Piece,1,1,220,24/05/2024,Cash,24/05/2024 22:14:56,
ef49379d,38488d32,Liter,1,3,162,25/05/2024,Cash,25/05/2024 19:26:11,
d39c0a42,38488d48,KG,1,4,288,25/05/2024,Cash,25/05/2024 19:26:35,
6ea81cef,38488d51,KG,1,1,280,25/05/2024,Cash,25/05/2024 19:27:01,
35aed021,38488d55,Piece,1,2,20,25/05/2024,Cash,25/05/2024 19:34:59,
2820fa8d,ef5221db,Piece,1,2,200,25/05/2024,Cash,25/05/2024 19:35:24,
d02c2660,1870042c,KG,5,1,100,25/05/2024,Cash,25/05/2024 19:37:23,
d8fe2ca6,38488d68,KG,1,1,120,25/05/2024,Cash,25/05/2024 19:51:35,
a66a8ab1,38488d72,KG,0.5,1,50,25/05/2024,Cash,25/05/2024 19:52:46,
6a734649,38488d38,KG,0.6,2,100,25/05/2024,Cash,25/05/2024 19:53:33,
a8d8df25,38488d81,KG,0.5,1,100,25/05/2024,Cash,25/05/2024 20:13:43,
f049ccba,38488d32,Liter,1,3,108,26/05/2024,Cash,26/05/2024 11:24:31,
968b4bbf,38488d43,Piece,1,10,100,26/05/2024,Cash,26/05/2024 11:25:19,
5c57d6ce,38488d84,KG,2.5,1,100,26/05/2024,Cash,26/05/2024 11:25:54,
afa750ef,38488d32,Liter,1,2,108,26/05/2024,Cash,26/05/2024 20:09:04,
0afcabdc,38488d79,Piece,1,8,80,26/05/2024,Cash,26/05/2024 20:12:25,
ddbf5114,38488d46,Liter,2,1,95,26/05/2024,Cash,26/05/2024 20:14:36,
b6613901,38488d46,Liter,0.25,1,20,26/05/2024,Cash,26/05/2024 21:43:19,
76811345,38488d32,Liter,1,3,162,27/05/2024,Cash,27/05/2024 10:21:16,
caf9bcac,38488d48,KG,1,1,72,27/05/2024,Cash,27/05/2024 10:21:34,
dc8baeaa,38488d63,KG,2,1,60,27/05/2024,Cash,27/05/2024 10:22:00,
d3abc840,38488d39,KG,3,1,90,27/05/2024,Cash,27/05/2024 10:22:43,
75551a4d,89e823ea,KG,1,1,20,27/05/2024,Cash,27/05/2024 10:23:19,
4e9b764c,7836518d,Piece,2,1,108,27/05/2024,Cash,27/05/2024 18:11:37,
7458bc6a,f4eeda21,Piece,1,1,10,27/05/2024,Cash,27/05/2024 18:22:54,
1923f231,38488d57,KG,4,1,120,27/05/2024,Cash,27/05/2024 18:25:12,
f25db838,070c1507,Piece,1,5,60,27/05/2024,Cash,28/05/2024 06:53:58,
28bfa4ac,38488d32,Liter,1,3,168,28/05/2024,Cash,28/05/2024 10:26:55,
a28e796a,38488d48,KG,1,2,144,28/05/2024,Cash,28/05/2024 10:27:29,
7f812a3e,38488d43,KG,1,1,50,28/05/2024,Cash,28/05/2024 10:27:48,
3eed9f88,ce05468e,Piece,1,1,20,28/05/2024,Cash,28/05/2024 10:28:40,
5d457350,a92f80eb,KG,50,1,1100,28/05/2024,Cash,28/05/2024 11:24:13,
90e4440b,38488d69,KG,0.25,1,110,28/05/2024,Cash,28/05/2024 20:52:50,
4b33d2d1,bf503910,Piece,1,2,100,28/05/2024,Cash,28/05/2024 22:28:00,
f0e61631,1870042c,KG,5,1,80,28/05/2024,Cash,28/05/2024 22:29:10,
89fe5c0c,3ed563fc,Piece,1,8,240,28/05/2024,Cash,28/05/2024 22:38:43,
b6e92d41,38488d78,KG,1,2,100,28/05/2024,Cash,28/05/2024 22:39:39,
c4379b8c,090f0992,Piece,1,3,180,28/05/2024,Cash,28/05/2024 22:40:17,
d7253f5a,38488d77,Piece,1,1,90,28/05/2024,Cash,28/05/2024 22:45:01,
445b4fec,3f5a9999,Piece,1,2,50,28/05/2024,Cash,28/05/2024 22:50:12,
bdb601d2,1905cc15,KG,2.5,1,90,28/05/2024,Cash,28/05/2024 22:50:50,
102c02cc,38488d33,KG,3,1,70,28/05/2024,Cash,28/05/2024 22:57:52,
737dd86d,38488d47,KG,6,1,120,28/05/2024,Cash,28/05/2024 22:59:09,
2b2c274d,38488d57,KG,4,1,40,28/05/2024,Cash,28/05/2024 23:00:48,
198d7545,61deb399,KG,1.5,1,90,28/05/2024,Cash,28/05/2024 23:04:46,
0ed14188,533238d5,KG,3,1,60,28/05/2024,Cash,28/05/2024 23:05:10,
8434352a,38488d63,KG,2,1,40,28/05/2024,Cash,28/05/2024 23:05:40,
590063b5,38488d82,KG,1,1,50,28/05/2024,Cash,28/05/2024 23:06:10,
dba42c5f,38488d84,KG,1.5,1,50,28/05/2024,Cash,28/05/2024 23:06:46,
5775c9a0,7cfdeddd,KG,1,1,120,28/05/2024,Cash,28/05/2024 23:07:18,
150a8856,38488d72,KG,0.5,1,50,28/05/2024,Cash,28/05/2024 23:15:07,
de661756,38488d32,Liter,1,3,162,29/05/2024,Cash,29/05/2024 17:54:55,
f072fda0,38488d38,KG,0.6,1,50,29/05/2024,Cash,29/05/2024 17:56:02,
22711f1a,38488d48,KG,1.5,2,106,29/05/2024,Cash,29/05/2024 17:56:45,
42e1da6d,38488d39,Piece,2.5,1,40,29/05/2024,Cash,29/05/2024 17:58:15,
fc7d1bc8,a208793d,Piece,1,1,280,29/05/2024,Cash,29/05/2024 21:44:49,
6d208c6c,38488d70,Piece,12,7,280,29/05/2024,Cash,29/05/2024 21:45:50,
2cf7733f,38488d34,KG,0.25,1,10,29/05/2024,Cash,29/05/2024 21:47:14,
ccadfc47,38488d71,KG,1.5,1,50,29/05/2024,Cash,29/05/2024 21:47:31,
bb65bbe0,38488d37,KG,1,1,30,29/05/2024,Cash,29/05/2024 21:47:54,
c10f98b5,38488d68,KG,0.5,1,30,29/05/2024,Cash,29/05/2024 21:48:16,
eca84870,38488d48,KG,0.2,1,18,29/05/2024,Cash,29/05/2024 21:48:45,
ac018614,38488d32,Liter,1,3,162,30/05/2024,Cash,30/05/2024 19:34:57,
429c994b,38488d48,KG,1.5,2,106,30/05/2024,Cash,30/05/2024 19:35:18,
e8629a9a,cae57605,Piece,1,2,20,30/05/2024,Cash,30/05/2024 20:26:47,
c6d0d345,38488d39,KG,2.5,1,50,30/05/2024,Cash,30/05/2024 20:27:31,
fb577e65,38488d47,KG,5,1,125,30/05/2024,Cash,30/05/2024 20:28:01,
56970c3c,ee4c7cc6,KG,1,1,250,30/05/2024,Cash,30/05/2024 20:30:08,
240a8e5e,38488d60,KG,1,1,160,30/05/2024,Cash,30/05/2024 21:42:33,
0549b3dd,38488d59,KG,1,1,160,30/05/2024,Cash,30/05/2024 21:43:26,
7d0bf14d,316fcd40,KG,3,1,180,30/05/2024,Cash,30/05/2024 21:43:49,
aa89b2da,38488d32,Liter,1,3,162,31/05/2024,Cash,31/05/2024 10:13:08,
58da8d56,38488d48,KG,1,2,144,31/05/2024,Cash,31/05/2024 10:13:54,
bde0d425,38488d38,KG,0.6,1,50,31/05/2024,Cash,31/05/2024 10:14:23,
9d528fb7,38488d34,KG,0.25,1,10,31/05/2024,Cash,31/05/2024 10:14:56,
9de2d651,38488d68,KG,0.5,1,30,31/05/2024,Cash,31/05/2024 10:15:19,
e85e1010,fb9ea07d,KG,0.25,1,40,31/05/2024,Cash,31/05/2024 17:36:33,
86e19cef,38488d57,KG,0.3,1,20,31/05/2024,Cash,31/05/2024 17:37:54,
06f601cc,38488d62,KG,1,5,275,31/05/2024,Cash,31/05/2024 17:38:38,
0f2581c6,38488d35,KG,0.25,1,20,31/05/2024,Cash,31/05/2024 17:39:48,
9e33590b,ee72568a,Piece,1,1,55,31/05/2024,Cash,31/05/2024 17:40:16,
6d76b26b,2f5f74e8,Piece,1,1,40,31/05/2024,Cash,31/05/2024 17:42:30,
3d431850,2c4d95ef,KG,0.5,1,70,31/05/2024,Cash,31/05/2024 17:43:42,
34b53c7e,5d1b38c3,KG,2,1,340,31/05/2024,Cash,31/05/2024 17:44:21,
47a195fa,074f02cb,Piece,1,2,36,31/05/2024,Cash,31/05/2024 21:03:33,
f414a117,38488d68,KG,1.2,3,180,31/05/2024,Cash,31/05/2024 21:06:12,
630b57bc,38488d32,Liter,1,3,162,01/06/2024,Cash,01/06/2024 11:52:33,
6f839130,38488d48,KG,1.5,2,106,01/06/2024,Cash,01/06/2024 11:52:52,
41427027,1870042c,KG,2.5,1,50,01/06/2024,Cash,01/06/2024 11:54:03,
dfa3e949,38488d39,KG,3,1,60,01/06/2024,Cash,01/06/2024 18:39:29,
4094541d,38488d63,KG,1.5,1,50,01/06/2024,Cash,01/06/2024 18:40:15,
67dd5eeb,13a4f998,Piece,1,1,150,01/06/2024,Cash,01/06/2024 19:52:08,
b39614b7,31170873,Piece,1,1,150,01/06/2024,Cash,01/06/2024 19:55:21,
07fc1c72,38488d54,KG,5,1,175,01/06/2024,Cash,01/06/2024 19:56:13,
dce82620,38488d48,KG,0.2,1,18,01/06/2024,Cash,01/06/2024 19:59:35,
51116957,38488d32,KG,1,3,162,02/06/2024,Cash,02/06/2024 10:30:08,
bca501cf,38488d43,Piece,12,1,120,02/06/2024,Cash,02/06/2024 10:30:45,
3ada4746,38488d48,KG,0.2,1,18,02/06/2024,Cash,02/06/2024 10:31:19,
00dae612,38488d47,KG,2,1,70,02/06/2024,Cash,02/06/2024 10:31:54,
b3128781,2bdbfdb6,KG,1.25,1,125,02/06/2024,Cash,02/06/2024 10:34:03,
d973d28c,2bdbfdb8,Piece,1,3,30,02/06/2024,Cash,02/06/2024 10:36:11,
cc3e6959,a92f80eb,KG,10,1,200,02/06/2024,Cash,02/06/2024 20:22:40,
9d194c81,1870042c,KG,5,1,80,02/06/2024,Cash,02/06/2024 20:28:45,
cf3b8887,38488d32,Liter,2.5,1,135,02/06/2024,Cash,02/06/2024 20:29:49,
337ed734,38488d47,KG,20,1,440,02/06/2024,Cash,02/06/2024 20:47:56,
a7053a2b,1870042c,KG,5,1,60,02/06/2024,Cash,02/06/2024 20:49:14,
98c8a259,38488d39,KG,5,1,60,02/06/2024,Cash,02/06/2024 20:49:38,
d19a2b8f,a31d5abb,KG,1,1,130,02/06/2024,Cash,02/06/2024 20:50:38,
375af71e,38488d72,KG,1,1,100,02/06/2024,Cash,02/06/2024 20:53:11,
f06f75b6,38488d79,Piece,1,10,100,02/06/2024,Cash,02/06/2024 21:22:12,
34d7df83,38488d32,Liter,1,3,168,03/06/2024,Cash,03/06/2024 19:28:39,
13d39b29,38488d48,KG,1.5,2,106,03/06/2024,Cash,03/06/2024 19:29:01,
2f93a775,38488d38,KG,0.6,1,50,03/06/2024,Cash,03/06/2024 19:32:17,
aacde0a0,38488d39,KG,1,1,30,03/06/2024,Cash,03/06/2024 19:32:57,
b1db9803,38488d74,KG,4,1,120,03/06/2024,Cash,03/06/2024 19:34:17,
3623f210,38488d53,KG,1,1,28,03/06/2024,Cash,03/06/2024 19:34:38,
eb820f83,38488d48,KG,0.2,1,18,03/06/2024,Cash,03/06/2024 19:35:01,
f168027c,38488d32,Liter,1,3,168,04/06/2024,Cash,04/06/2024 10:49:45,
f928d4d6,52cdaa61,KG,1.5,1,48,04/06/2024,Cash,04/06/2024 10:50:25,
9b2402bf,38488d43,KG,1,1,50,04/06/2024,Cash,04/06/2024 10:51:12,
f0e66be7,ce05468e,Piece,1,1,10,04/06/2024,Cash,04/06/2024 10:52:24,
2f9f88ed,38488d32,Liter,1,2,112,04/06/2024,Cash,04/06/2024 19:59:43,
861135ee,38488d81,KG,0.2,1,80,04/06/2024,Cash,04/06/2024 20:01:07,
84c1cb88,ed69c25d,Piece,1,5,150,04/06/2024,Cash,04/06/2024 20:01:39,
96dec249,38488d69,KG,0.25,1,110,04/06/2024,Cash,04/06/2024 20:02:32,
b423287b,38488d82,KG,1,1,30,04/06/2024,Cash,04/06/2024 22:30:31,
9b0f8fad,38488d73,KG,7,1,100,04/06/2024,Cash,04/06/2024 22:31:29,
a1879494,38488d33,KG,3,1,120,04/06/2024,Cash,04/06/2024 22:32:04,
ab3f8754,38488d57,KG,1,4,120,04/06/2024,Cash,04/06/2024 22:32:25,
e6da2b51,ef5221db,KG,3,1,80,04/06/2024,Cash,04/06/2024 22:32:52,
6538016b,7cfdeddd,KG,1,1,120,04/06/2024,Cash,04/06/2024 22:34:15,
70b10b8d,a208793d,Piece,1,1,50,04/06/2024,Cash,04/06/2024 23:10:54,
05d57cf7,38488d32,Liter,1,3,168,05/06/2024,Cash,05/06/2024 10:27:06,
b844cd61,3f40d071,Piece,12,8,320,05/06/2024,Cash,05/06/2024 10:27:30,
be0347aa,aadb68ed,Piece,1,1,20,05/06/2024,Cash,05/06/2024 10:29:33,
ff862366,3ff538e9,Piece,1,4,100,05/06/2024,Cash,05/06/2024 20:10:21,
bc760dd1,38488d48,KG,1.5,2,106,05/06/2024,Cash,05/06/2024 20:12:48,
b654e57b,1870042c,KG,5,1,80,05/06/2024,Cash,05/06/2024 21:18:43,
d1dd249c,38488d39,KG,5,1,80,05/06/2024,Cash,05/06/2024 21:19:19,
6dc5dcd2,38488d36,KG,1,1,160,05/06/2024,Cash,05/06/2024 21:19:50,
752cd665,38488d72,KG,1,1,100,05/06/2024,Cash,05/06/2024 21:20:17,
62aca0ac,38488d32,Liter,1,3,168,06/06/2024,Cash,06/06/2024 13:27:43,
40edca39,38488d48,KG,1.5,2,106,06/06/2024,Cash,06/06/2024 13:28:03,
99af66d8,38488d50,KG,1,1,30,06/06/2024,Cash,06/06/2024 20:01:08,
47e8fdfe,f0b3998d,Piece,1,1,10,06/06/2024,Cash,06/06/2024 22:12:30,
44d596be,38488d32,Liter,1,3,168,07/06/2024,Cash,07/06/2024 12:46:59,
7fdbb4d0,38488d48,KG,2.5,3,178,07/06/2024,Cash,07/06/2024 12:47:29,
ed5ccb40,38488d38,KG,0.6,2,100,07/06/2024,Cash,07/06/2024 12:49:11,
995df29f,38488d68,KG,0.25,1,30,07/06/2024,Cash,07/06/2024 12:49:29,
a92385cf,070c1507,Piece,1,6,60,07/06/2024,Cash,07/06/2024 18:31:34,
1da47a7f,38488d84,KG,3,1,120,07/06/2024,Cash,07/06/2024 18:32:29,
50556190,38488d32,Liter,1,3,168,08/06/2024,Cash,08/06/2024 15:48:40,
97127c81,38488d48,KG,3.5,1,250,08/06/2024,Cash,08/06/2024 15:49:01,
3eeeee5c,38488d39,KG,2.5,1,100,08/06/2024,Cash,08/06/2024 15:50:16,
9d264c61,38488d48,KG,0.2,2,38,08/06/2024,Cash,08/06/2024 18:37:47,
5aae9f0c,8db68335,Piece,1,1,200,08/06/2024,Cash,08/06/2024 18:49:40,
4a91c99d,38488d82,KG,0.75,1,60,08/06/2024,Cash,08/06/2024 18:51:46,
840e805e,1870042c,KG,2,1,80,08/06/2024,Cash,08/06/2024 18:52:34,
7bc7d3b8,a31d5abb,KG,0.25,1,50,08/06/2024,Cash,08/06/2024 18:52:59,
1b0a69ea,38488d72,KG,0.2,1,40,08/06/2024,Cash,08/06/2024 18:53:30,
0aea2e4f,8292d135,Piece,1,1,20,08/06/2024,Cash,08/06/2024 18:54:19,
3302759e,3a2e4d70,Piece,1,2,20,08/06/2024,Cash,08/06/2024 18:55:18,
0d5ce9f9,52cdaa61,KG,0.5,1,40,08/06/2024,Cash,08/06/2024 18:56:42,
4098628b,8fe4d6eb,Piece,1,1,20,08/06/2024,Cash,08/06/2024 19:06:06,
b7a260b9,d2feae0c,Piece,1,1,45,08/06/2024,Cash,08/06/2024 19:09:35,
e7da7e4c,38488d32,Liter,1,3,168,09/06/2024,Cash,09/06/2024 16:20:11,
fc509afb,38488d38,KG,0.6,1,50,09/06/2024,Cash,09/06/2024 16:21:15,
2c07b3b9,e73a4f6b,Piece,1,5,35,09/06/2024,Cash,09/06/2024 16:21:51,
9d39f2d6,38488d34,KG,1,1,80,09/06/2024,Cash,09/06/2024 16:23:48,
56706905,38488d51,KG,1,1,280,09/06/2024,Cash,09/06/2024 16:24:19,
1857a290,38488d55,Piece,1,4,40,09/06/2024,Cash,09/06/2024 16:24:48,
29fec349,791d3bd3,KG,0.25,1,170,09/06/2024,Cash,09/06/2024 16:27:18,
1e89acd1,1870042c,KG,5,1,80,09/06/2024,Cash,09/06/2024 20:52:33,
e18a6cfb,38488d47,KG,20,1,600,09/06/2024,Cash,09/06/2024 20:52:51,
cf0a3411,38488d39,KG,5,1,150,09/06/2024,Cash,09/06/2024 20:53:34,
ee7b1126,a31d5abb,KG,1,1,150,09/06/2024,,09/06/2024 20:54:17,
4e7849ed,38488d82,KG,1,1,50,09/06/2024,Cash,09/06/2024 20:55:39,
db14263f,38488d72,KG,1,1,160,09/06/2024,Cash,09/06/2024 20:56:08,
fab5b4d2,a208793d,Piece,1,1,250,09/06/2024,Cash,09/06/2024 20:57:11,
0456b686,8ef238fe,KG,1,1,450,09/06/2024,Cash,09/06/2024 21:07:46,
905fcf78,38488d79,Piece,1,13,130,09/06/2024,Cash,09/06/2024 21:10:35,
8497822f,38488d46,Liter,2,1,95,09/06/2024,Cash,09/06/2024 21:11:07,
79c7b1b6,38488d32,Liter,1,3,168,10/06/2024,Cash,10/06/2024 11:17:09,
9219d3a7,38488d48,KG,1.5,2,106,10/06/2024,Cash,10/06/2024 11:17:41,
db0763f0,38488d63,KG,2,1,100,10/06/2024,Cash,10/06/2024 11:18:47,
f060cb31,38488d48,KG,0.2,1,19,10/06/2024,Cash,10/06/2024 20:16:21,
8a2bcb71,38488d33,KG,2,1,100,10/06/2024,Cash,10/06/2024 21:17:35,
583d27b6,38488d32,Liter,1,3,168,11/06/2024,Cash,11/06/2024 12:46:39,
f732389c,38488d38,KG,0.6,3,150,11/06/2024,Cash,11/06/2024 12:47:04,
6bf865b8,38488d48,KG,1.5,2,110,11/06/2024,Cash,11/06/2024 12:47:42,
6a062171,2e01eb05,Piece,1,1,230,11/06/2024,Cash,11/06/2024 17:31:40,
d8f966d7,38488d69,KG,0.25,1,110,11/06/2024,Cash,11/06/2024 19:54:25,
17e1b99b,1905cc15,KG,2.5,1,150,11/06/2024,Cash,11/06/2024 21:27:22,
f67b5273,61deb399,KG,1.5,1,90,11/06/2024,Cash,11/06/2024 21:28:21,
ff81cf88,38488d73,KG,11,3,130,11/06/2024,Cash,11/06/2024 21:28:52,
0a55e26f,533238d5,KG,3,1,90,11/06/2024,Cash,11/06/2024 21:29:24,
5699ced6,7cfdeddd,KG,1.5,1,150,11/06/2024,Cash,11/06/2024 21:29:58,
be0eaee7,38488d78,KG,1,2,100,11/06/2024,Cash,11/06/2024 21:30:35,
888e03df,38488d39,KG,5,1,150,11/06/2024,Cash,11/06/2024 22:03:43,
82c98967,38488d32,Liter,1,3,168,12/06/2024,Cash,12/06/2024 11:49:07,
b39a3709,38488d48,KG,1.5,2,110,12/06/2024,Cash,12/06/2024 11:49:39,
d15db6fa,a208793d,Piece,1,1,280,12/06/2024,Cash,12/06/2024 20:48:33,
ceb320d1,7d25c092,Piece,1,3,10,12/06/2024,Cash,12/06/2024 20:51:20,
b1d49c02,38488d48,KG,0.2,1,19,12/06/2024,Cash,12/06/2024 21:21:43,
dc117968,1870042c,KG,5,1,110,12/06/2024,Cash,12/06/2024 21:33:59,
a0ed8964,38488d46,Liter,0.75,1,40,12/06/2024,Cash,12/06/2024 22:10:45,
12965438,38488d32,Liter,1,3,168,13/06/2024,Cash,13/06/2024 09:31:13,
00984c06,38488d48,KG,1,3,225,13/06/2024,Cash,13/06/2024 09:31:30,
ed06a4e5,38488d73,KG,4,1,60,13/06/2024,Cash,13/06/2024 09:32:05,
4907bf08,38488d48,KG,0.5,1,35,13/06/2024,Cash,13/06/2024 19:18:43,
e2d587fd,38488d48,KG,0.2,1,19,13/06/2024,Cash,13/06/2024 19:19:24,
ae30e5bd,38488d71,KG,3.5,2,100,13/06/2024,Cash,13/06/2024 19:19:44,
67dbaff2,608e4a15,Piece,1,1,120,13/06/2024,Cash,13/06/2024 19:20:11,
6ec1d011,4cb0d65e,Piece,1,1,100,13/06/2024,Cash,13/06/2024 19:22:52,
d8506d16,316fcd40,KG,5,1,275,13/06/2024,Cash,13/06/2024 19:23:13,
87d97fb5,38488d59,KG,1,1,160,13/06/2024,Cash,13/06/2024 19:25:28,
f254201d,38488d60,KG,1,1,160,13/06/2024,Cash,13/06/2024 19:25:47,
f4c0c6f0,1c8c560e,KG,0.25,1,35,13/06/2024,Cash,13/06/2024 19:26:06,
38cda7c5,52cdaa61,KG,50,1,1400,13/06/2024,Cash,13/06/2024 19:27:02,
f952d5aa,38488d75,Piece,1,6,360,13/06/2024,Cash,13/06/2024 21:13:15,
b95223d0,38488d32,Liter,1,3,168,14/06/2024,Cash,14/06/2024 11:12:11,
d6e8d996,38488d48,KG,1,2,150,14/06/2024,Cash,14/06/2024 11:12:35,
442c9983,38488d38,KG,0.6,1,50,14/06/2024,Cash,14/06/2024 11:13:08,
f35e7c7c,38488d34,KG,0.25,1,25,14/06/2024,Cash,14/06/2024 11:13:33,
6f786661,38488d68,KG,0.5,1,70,14/06/2024,Cash,14/06/2024 11:13:51,
eb99f5d9,38488d57,KG,3,1,120,14/06/2024,Cash,14/06/2024 19:25:34,
00abcc06,38488d32,Liter,1,2,112,15/06/2024,Cash,15/06/2024 10:02:57,
8502bafa,38488d48,KG,1,2,150,15/06/2024,Cash,15/06/2024 10:03:22,
adfcd801,38488d36,KG,0.25,1,70,15/06/2024,Cash,15/06/2024 10:03:38,
05884a05,1870042c,KG,2,1,55,15/06/2024,Cash,15/06/2024 10:03:59,
d37c479a,38488d74,KG,3,1,100,15/06/2024,Cash,15/06/2024 10:04:34,
43aebeb9,38488d43,KG,1,1,50,15/06/2024,Cash,15/06/2024 19:12:37,
a8279b36,38488d54,KG,3,1,100,15/06/2024,Cash,15/06/2024 19:12:59,
2ff0bd6a,38488d39,KG,2.5,1,100,15/06/2024,Cash,15/06/2024 21:36:29,
8924a7e3,38488d32,Liter,1,3,168,16/06/2024,Cash,16/06/2024 10:15:32,
23908fd9,38488d43,Piece,1,15,150,16/06/2024,Cash,16/06/2024 10:16:36,
13b935d7,38488d48,KG,0.5,1,35,16/06/2024,Cash,16/06/2024 10:17:00,
e01df736,c8847587,Piece,1,1,3500,16/06/2024,Cash,16/06/2024 19:50:49,
5e022bc2,15ed5402,KG,1,1,100,16/06/2024,Cash,16/06/2024 19:52:48,
fd9d8fd5,38488d82,KG,0.25,1,20,16/06/2024,Cash,16/06/2024 19:53:47,
6d6bd7c6,38488d32,Liter,1,4,224,16/06/2024,Cash,16/06/2024 21:31:15,
6cd2e601,38488d77,Piece,1,1,220,16/06/2024,Cash,16/06/2024 21:32:50,
feffa542,38488d32,Liter,1,3,168,17/06/2024,Cash,17/06/2024 11:24:02,
013589be,38488d48,KG,1.5,2,110,17/06/2024,Cash,17/06/2024 11:24:51,
5f7b31b3,38488d38,KG,0.6,1,50,17/06/2024,Cash,17/06/2024 11:26:25,
1fe7922d,38488d48,KG,0.2,1,19,17/06/2024,Cash,17/06/2024 18:59:43,
5bbd99b6,38488d50,KG,2,1,80,17/06/2024,Cash,17/06/2024 19:01:23,
8997a5c2,8fe4d6eb,Piece,1,1,50,17/06/2024,Cash,17/06/2024 22:06:57,
bbd832c4,38488d32,Liter,1,2,112,18/06/2024,Cash,18/06/2024 12:17:34,
f5e4b3b7,38488d48,KG,1.5,2,110,18/06/2024,Cash,18/06/2024 12:18:05,
26ddcb87,38488d48,KG,0.2,1,19,18/06/2024,Cash,18/06/2024 21:51:37,
42c4901e,a92f80eb,KG,3,1,90,18/06/2024,Cash,18/06/2024 21:52:09,
fc2b214a,38488d69,KG,0.25,1,110,18/06/2024,Cash,18/06/2024 21:52:27,
0119ec97,3ff538e9,Piece,1,1,300,18/06/2024,Cash,18/06/2024 21:53:32,
c7374c9d,38488d78,KG,1,2,100,18/06/2024,Cash,18/06/2024 22:57:12,
b8abd2b5,533238d5,KG,2.5,1,80,18/06/2024,Cash,18/06/2024 22:57:50,
7d103c33,7cfdeddd,KG,1,1,100,18/06/2024,Cash,18/06/2024 22:59:17,
002f5c04,38488d60,KG,0.5,1,100,18/06/2024,Cash,18/06/2024 22:59:48,
4adfddf9,38488d59,KG,1,1,160,18/06/2024,Cash,18/06/2024 23:00:14,
9bf08bcc,38488d32,Liter,1,3,168,19/06/2024,Cash,19/06/2024 14:06:04,
62b65474,38488d48,KG,2.5,3,185,19/06/2024,Cash,19/06/2024 14:06:30,
561916b2,1870042c,KG,1,1,45,19/06/2024,Cash,19/06/2024 14:07:48,
95038432,38488d34,KG,0.25,1,30,19/06/2024,Cash,19/06/2024 14:08:20,
6392176c,61deb399,KG,2,1,110,19/06/2024,Cash,19/06/2024 14:08:35,
382fa450,38488d82,KG,0.5,1,40,19/06/2024,Cash,19/06/2024 14:09:01,
742a5819,38488d38,KG,0.6,1,50,19/06/2024,Cash,19/06/2024 14:09:31,
f7c28689,81cb458e,Piece,1,1,110,19/06/2024,Cash,19/06/2024 18:42:30,
9a4ad8ae,38488d55,Piece,1,4,40,19/06/2024,Cash,19/06/2024 18:43:01,
57266a02,38488d51,KG,1.5,1,390,19/06/2024,Cash,19/06/2024 18:43:31,
3178cea3,52cdaa61,KG,0.5,1,35,19/06/2024,Cash,19/06/2024 18:45:00,
25631f54,38488d34,KG,1,1,100,19/06/2024,Cash,19/06/2024 18:45:24,
7ac03eab,38488d48,KG,0.5,1,35,19/06/2024,Cash,19/06/2024 18:45:44,
12c8557c,070c1507,Piece,1,5,60,19/06/2024,Cash,19/06/2024 18:46:00,
13ef2517,38488d32,Liter,1,3,168,20/06/2024,Cash,20/06/2024 10:46:13,
8fe6ed9b,38488d48,KG,1.5,2,110,20/06/2024,Cash,20/06/2024 10:46:34,
75b3539e,38488d73,KG,6.5,1,130,20/06/2024,Cash,20/06/2024 10:47:31,
a52663e7,3f40d071,Piece,12,8,320,20/06/2024,Cash,20/06/2024 10:48:10,
98ee7c64,0601c3cb,Piece,1,2,20,20/06/2024,Cash,20/06/2024 18:22:40,
52de3951,38488d84,KG,2,1,120,20/06/2024,Cash,20/06/2024 18:24:32,
6f31627f,a92f80eb,KG,3,1,90,20/06/2024,Cash,20/06/2024 18:25:01,
16312ce2,1870042c,KG,5,1,180,20/06/2024,Cash,20/06/2024 21:45:25,
341a26fc,38488d32,Liter,1,3,168,21/06/2024,Cash,21/06/2024 12:54:08,
d7c36c3a,38488d48,KG,1.5,2,110,21/06/2024,Cash,21/06/2024 12:54:34,
feecac76,38488d38,KG,0.6,1,50,21/06/2024,Cash,21/06/2024 12:56:18,
13be7845,38488d63,KG,2,1,100,21/06/2024,Cash,21/06/2024 12:57:30,
30d4ea18,a92f80eb,KG,47,1,1175,21/06/2024,Cash,21/06/2024 17:54:43,
498ce043,38488d34,KG,1,1,80,21/06/2024,Cash,21/06/2024 17:56:44,
9da25e15,38488d46,Piece,30,2,1020,21/06/2024,Cash,21/06/2024 21:04:54,
b8480e95,074f02cb,Piece,1,2,36,21/06/2024,Cash,21/06/2024 21:05:45,
915d7f25,38488d39,KG,1,1,60,21/06/2024,Cash,21/06/2024 21:59:11,
513abf42,38488d48,KG,0.2,1,19,21/06/2024,Cash,21/06/2024 21:59:58,
c8d07693,38488d32,Liter,1,2,112,22/06/2024,Cash,22/06/2024 13:02:39,
718f9d7c,38488d48,KG,1,3,225,22/06/2024,Cash,22/06/2024 13:02:59,
535c2d0b,7211596c,Piece,12,1,110,22/06/2024,Cash,22/06/2024 20:56:12,
d87e4cd3,0601c3cb,Piece,1,2,20,22/06/2024,Cash,22/06/2024 21:02:59,
625d01e7,38488d32,Liter,1,3,168,23/06/2024,Cash,23/06/2024 13:57:30,
79905785,38488d48,KG,0.5,3,105,23/06/2024,Cash,23/06/2024 13:57:44,
05bc7962,1870042c,KG,5,1,130,23/06/2024,Cash,23/06/2024 13:58:27,
f12291e3,38488d45,KG,20,1,720,23/06/2024,Cash,23/06/2024 13:59:13,
397f07e9,15ed5402,KG,0.5,4,180,23/06/2024,Cash,23/06/2024 14:58:37,
9865ca9f,e73a4f6b,Piece,1,10,50,23/06/2024,Cash,23/06/2024 20:58:51,
05ce9bce,38488d32,KG,0.5,4,112,23/06/2024,Cash,23/06/2024 21:00:56,
a1c9ad7c,38488d32,Liter,1,3,168,24/06/2024,Cash,24/06/2024 18:54:34,
b768f866,38488d38,KG,0.6,1,50,24/06/2024,Cash,24/06/2024 18:54:49,
5bdf142b,89e823ea,KG,0.5,1,100,24/06/2024,Cash,24/06/2024 18:55:14,
d563a5ce,38488d48,KG,1.5,1,110,24/06/2024,Cash,24/06/2024 18:55:57,
08ee4235,38488d57,KG,4,1,130,24/06/2024,Cash,24/06/2024 18:56:49,
55c89158,38488d68,KG,0.5,1,70,24/06/2024,Cash,24/06/2024 18:57:09,
416aef16,38488d37,KG,0.5,1,20,24/06/2024,Cash,24/06/2024 18:57:37,
2d0f0b9c,38488d71,KG,1,1,30,24/06/2024,Cash,24/06/2024 19:06:20,
200046dd,38488d84,KG,0.3,1,20,24/06/2024,Cash,24/06/2024 19:06:43,
ab5040f6,38488d34,KG,0.25,1,15,24/06/2024,Cash,24/06/2024 19:12:45,
7e4429e4,38488d35,KG,0.25,1,15,24/06/2024,Cash,24/06/2024 19:13:28,
fa832b94,38488d70,Piece,12,6,210,24/06/2024,Cash,24/06/2024 19:15:09,
194dcc6a,cae57605,Piece,1,4,20,24/06/2024,Cash,24/06/2024 22:07:32,
a901ba26,38488d32,,1,3,168,25/06/2024,Cash,25/06/2024 15:21:16,
f670e83a,38488d43,KG,1,1,50,25/06/2024,Cash,25/06/2024 15:21:45,
f7adb80e,15ed5402,KG,0.5,1,60,25/06/2024,Cash,25/06/2024 15:22:32,
90729af9,ce05468e,Piece,1,1,10,25/06/2024,Cash,25/06/2024 15:23:26,
a8b5af64,38488d32,Liter,1,2,112,25/06/2024,Cash,25/06/2024 19:57:10,
0d2a9779,38488d69,KG,0.25,1,110,25/06/2024,Cash,25/06/2024 19:57:46,
060c6890,38488d36,KG,1,1,180,25/06/2024,Cash,25/06/2024 21:09:45,
844dca3b,38488d82,KG,0.5,1,40,25/06/2024,Cash,25/06/2024 21:21:06,
598ee4ff,38488d72,KG,0.75,1,70,25/06/2024,Cash,25/06/2024 21:22:45,
c114aef1,7cfdeddd,KG,1,1,110,25/06/2024,Cash,25/06/2024 21:23:17,
444e27af,38488d39,KG,6,1,150,25/06/2024,Cash,25/06/2024 21:23:49,
6a97799e,533238d5,KG,2,1,60,25/06/2024,Cash,25/06/2024 21:24:26,
0ccb40fe,38488d84,KG,1.5,1,60,25/06/2024,Cash,25/06/2024 21:25:29,
fbab50a4,5040fe86,KG,2.5,1,70,25/06/2024,Cash,25/06/2024 21:26:15,
94ed1f50,38488d84,KG,2,1,70,25/06/2024,Cash,25/06/2024 21:26:52,
a5d75e42,b689393c,Piece,1,1,20,25/06/2024,Cash,25/06/2024 21:48:45,
afbf1395,38488d32,Liter,1,2,112,26/06/2024,Cash,26/06/2024 17:10:42,
b72d4a04,38488d48,KG,1,1,75,26/06/2024,Cash,26/06/2024 17:11:10,
ee0cd4bc,ee4c7cc6,Piece,1,1,250,26/06/2024,Cash,26/06/2024 17:11:36,
f78457b3,18374158,Piece,1,2,400,26/06/2024,Cash,26/06/2024 17:17:29,
2fb59e12,1a4280e2,KG,1,1,200,26/06/2024,Cash,26/06/2024 17:18:08,
98077a5a,38488d32,Liter,1,2,112,27/06/2024,Cash,27/06/2024 10:45:52,
e40695cc,38488d38,KG,0.6,1,50,27/06/2024,Cash,27/06/2024 10:46:09,
203ee91a,1870042c,KG,2,1,80,27/06/2024,Cash,27/06/2024 10:46:32,
71d09deb,38488d48,KG,1,2,150,27/06/2024,Cash,27/06/2024 10:47:13,
813f5f64,38488d78,KG,0.5,1,35,27/06/2024,Cash,27/06/2024 21:40:40,
2aeb37da,38488d32,Liter,1,2,112,28/06/2024,Cash,28/06/2024 11:08:13,
d7d13e4c,38488d38,KG,0.6,1,50,28/06/2024,Cash,28/06/2024 11:08:53,
8641c345,38488d48,KG,1,1,75,28/06/2024,Cash,28/06/2024 11:09:20,
2dc557be,9130d9d3,Piece,1,1,90,28/06/2024,Cash,28/06/2024 11:09:44,
6e0732c4,0601c3cb,Piece,1,2,20,28/06/2024,Cash,28/06/2024 21:35:28,
2fbf2710,38488d32,Liter,1,2,112,29/06/2024,Cash,29/06/2024 08:59:25,
bca55258,38488d48,KG,1,3,225,29/06/2024,Cash,29/06/2024 09:00:07,
bc42c3d3,38488d71,KG,4,2,120,29/06/2024,Cash,29/06/2024 21:28:08,
ec20c9e6,38488d32,Liter,1,3,168,30/06/2024,Cash,30/06/2024 17:34:29,
130a63e1,38488d43,KG,0.5,15,150,30/06/2024,Cash,30/06/2024 17:34:53,
adddb7c6,38488d48,KG,0.2,1,19,30/06/2024,Cash,30/06/2024 17:35:48,
729e8bc0,38488d34,KG,1,1,80,30/06/2024,Cash,30/06/2024 17:39:20,
9b9d8fad,38488d47,KG,2.5,1,130,30/06/2024,Cash,30/06/2024 17:41:15,
6a6acb62,38488d51,KG,1.5,1,420,30/06/2024,Cash,30/06/2024 17:42:23,
4cd377e7,38488d55,Piece,1,4,40,30/06/2024,Cash,30/06/2024 17:44:49,
bc8d9767,38488d47,KG,10,1,400,30/06/2024,Cash,30/06/2024 22:02:17,
5befa442,38488d32,KG,0.5,5,140,30/06/2024,Cash,30/06/2024 22:03:11,
a56e3c7e,38488d32,Liter,1,3,168,01/07/2024,Cash,01/07/2024 11:17:32,
0d307d9e,38488d48,KG,1,1,75,01/07/2024,Cash,01/07/2024 11:17:46,
016ad931,38488d38,KG,0.6,1,50,01/07/2024,Cash,01/07/2024 11:18:02,
672038ac,1870042c,KG,2,1,100,01/07/2024,Cash,01/07/2024 11:18:27,
18165709,38488d63,KG,2.5,1,100,01/07/2024,Cash,01/07/2024 11:19:02,
e863839e,38488d39,KG,2.5,1,100,01/07/2024,Cash,01/07/2024 19:58:08,
c9a4a827,38488d84,KG,1.5,1,60,01/07/2024,Cash,01/07/2024 19:58:49,
516056a6,38488d32,Liter,1,3,168,02/07/2024,Cash,02/07/2024 10:11:12,
b616f436,38488d48,KG,1,1,75,02/07/2024,Cash,02/07/2024 10:11:29,
d4e7cd98,38488d38,KG,0.6,3,150,02/07/2024,Cash,02/07/2024 10:11:48,
1c526348,1870042c,KG,2,1,100,02/07/2024,Cash,02/07/2024 10:12:24,
ab8da02e,61deb399,KG,2.3,1,130,02/07/2024,Cash,02/07/2024 10:12:51,
a2669263,38488d48,KG,0.2,1,19,02/07/2024,Cash,02/07/2024 18:49:48,
d1a8ecf6,38488d33,KG,1.5,1,120,02/07/2024,Cash,02/07/2024 18:50:13,
4ec3318a,38488d69,KG,0.25,1,110,02/07/2024,Cash,02/07/2024 18:50:40,
f94d709d,38488d72,KG,0.5,1,100,02/07/2024,Cash,02/07/2024 22:50:10,
813a7c28,a31d5abb,KG,1,1,250,02/07/2024,Cash,02/07/2024 22:55:01,
58d31bc0,38488d84,KG,2.5,1,100,02/07/2024,Cash,02/07/2024 22:55:51,
e63900ee,38488d57,KG,4,1,140,02/07/2024,Cash,02/07/2024 22:57:42,
9008ae96,3ed563fc,Piece,1,10,300,02/07/2024,Cash,02/07/2024 22:59:27,
c1d3dbaa,090f0992,KG,0.75,3,210,02/07/2024,Cash,02/07/2024 22:59:51,
f84122a9,bf503910,Piece,1,1,40,02/07/2024,Cash,02/07/2024 23:12:32,
bd3ddb9d,38488d73,KG,3,1,60,02/07/2024,Cash,02/07/2024 23:13:41,
10510d0a,38488d71,KG,3,1,60,02/07/2024,Cash,02/07/2024 23:14:29,
f121b84f,fcde63e0,Piece,1,4,20,02/07/2024,Cash,02/07/2024 23:15:18,
9a6d51ff,7cfdeddd,KG,1.5,1,120,02/07/2024,Cash,02/07/2024 23:17:09,
28b79c49,38488d78,KG,1,2,100,02/07/2024,Cash,02/07/2024 23:35:00,
b9b17b02,38488d77,Piece,1,1,140,02/07/2024,Cash,02/07/2024 23:35:30,
0b4d845e,38488d32,Liter,1,3,168,03/07/2024,Cash,03/07/2024 15:30:05,
7462a630,c8847587,Piece,1,1,100,03/07/2024,Cash,03/07/2024 15:36:16,
fba26443,35cf7f7d,Piece,1,1,250,03/07/2024,Cash,03/07/2024 15:37:08,
58e1cd18,38488d43,KG,1,1,50,03/07/2024,Cash,03/07/2024 15:39:31,
2c61fc11,b3474f73,Piece,1,2,70,03/07/2024,Cash,03/07/2024 16:55:30,
af2d8cf2,38488d81,KG,0.15,1,69,03/07/2024,Cash,03/07/2024 16:58:12,
dc9e16bc,7110fbe1,Piece,1,2,200,03/07/2024,Cash,03/07/2024 16:59:54,
816d264a,38488d32,Liter,1,3,168,04/07/2024,Cash,04/07/2024 10:30:28,
bdfc4766,38488d48,KG,1.5,2,110,04/07/2024,Cash,04/07/2024 10:30:43,
b08a25ec,3f40d071,Piece,12,10,400,04/07/2024,Cash,04/07/2024 10:31:23,
486b14a0,1870042c,KG,2,1,100,04/07/2024,Cash,04/07/2024 10:41:33,
35480e9e,89e823ea,KG,0.5,1,100,04/07/2024,Cash,04/07/2024 10:41:51,
e38b1fde,38488d48,KG,0.2,1,19,04/07/2024,Cash,04/07/2024 21:15:57,
2dd66ec8,38488d68,KG,0.5,1,70,04/07/2024,Cash,04/07/2024 21:16:39,
6eb79c35,070c1507,Piece,1,5,60,04/07/2024,Cash,04/07/2024 21:29:56,
5857bfd4,38488d32,Liter,1,3,168,05/07/2024,Cash,05/07/2024 11:55:00,
1ae32229,38488d48,KG,3.5,1,260,05/07/2024,Cash,05/07/2024 11:56:27,
9b66cb1c,38488d38,KG,0.6,1,50,05/07/2024,Cash,05/07/2024 11:57:14,
ebb6b2b4,38488d75,Piece,1,6,60,05/07/2024,Cash,05/07/2024 11:58:36,
91ac651b,1905cc15,KG,2,1,160,05/07/2024,Cash,05/07/2024 18:01:40,
058c1742,38488d47,KG,2,1,100,05/07/2024,Cash,05/07/2024 18:02:30,
610ececc,38488d50,KG,1.25,1,50,05/07/2024,Cash,05/07/2024 18:02:57,
70adbc87,1870042c,KG,5,1,230,05/07/2024,Cash,05/07/2024 21:32:44,
50bb17b0,38488d38,KG,0.6,1,50,05/07/2024,Cash,05/07/2024 21:48:26,
982ebf98,38488d32,Piece,1,3,168,06/07/2024,Cash,06/07/2024 09:29:21,
8c8a3530,38488d48,KG,1.5,2,110,06/07/2024,Cash,06/07/2024 09:29:41,
4459f545,66645b81,KG,2,1,100,06/07/2024,Cash,06/07/2024 09:30:12,
67019f81,38488d82,KG,0.5,1,40,06/07/2024,Cash,06/07/2024 09:30:42,
1898a5f7,38488d32,Liter,1,3,168,07/07/2024,Cash,07/07/2024 17:31:35,
b339c6f1,38488d48,KG,1,2,150,07/07/2024,Cash,07/07/2024 17:31:58,
d4ba3751,6d43a33d,KG,3.5,1,330,07/07/2024,Cash,07/07/2024 17:44:18,
7622b557,1266f89f,Piece,1,1,450,07/07/2024,Cash,07/07/2024 21:38:27,
8fac4693,38488d36,KG,0.25,1,70,07/07/2024,Cash,07/07/2024 21:39:05,
8918188e,38488d32,Liter,1,3,168,08/07/2024,Cash,08/07/2024 11:38:36,
c1ae1c82,38488d48,KG,1,3,225,08/07/2024,Cash,08/07/2024 11:39:18,
1bdd380b,38488d38,KG,0.6,1,50,08/07/2024,Cash,08/07/2024 12:07:05,
63d75c1b,1870042c,KG,5,1,300,08/07/2024,Cash,08/07/2024 19:55:55,
91dea57c,38488d39,KG,4,1,120,08/07/2024,Cash,08/07/2024 19:56:34,
4539619d,38488d63,KG,2,1,100,08/07/2024,Cash,08/07/2024 19:57:38,
8022c526,cce54458,KG,0.5,1,90,08/07/2024,Cash,08/07/2024 20:48:38,
9df73d6d,38488d48,Liter,1,3,112,09/07/2024,Cash,09/07/2024 10:39:29,
89402ca3,38488d48,KG,1.5,2,110,09/07/2024,Cash,09/07/2024 10:40:42,
ae129651,38488d66,KG,3,2,210,09/07/2024,Cash,09/07/2024 10:41:05,
22912582,6d43a33d,KG,5,1,200,09/07/2024,Cash,09/07/2024 21:43:40,
69b29652,38488d39,KG,5,1,150,09/07/2024,Cash,09/07/2024 21:46:59,
1b340f66,38488d51,KG,1.5,1,420,09/07/2024,Cash,09/07/2024 21:47:47,
af551653,38488d68,KG,1,1,120,09/07/2024,Cash,09/07/2024 21:48:50,
5e3a4da6,38488d55,Piece,1,3,30,09/07/2024,Cash,09/07/2024 21:49:19,
10231d0a,66645b81,KG,3,1,120,09/07/2024,Cash,09/07/2024 21:49:41,
a0e35767,38488d63,KG,2.5,1,100,09/07/2024,Cash,09/07/2024 21:50:31,
9650cd45,38488d72,KG,0.5,1,70,09/07/2024,Cash,09/07/2024 21:51:25,
e52ba0d3,38488d36,KG,1,1,240,09/07/2024,Cash,09/07/2024 21:52:11,
c6285ac8,533238d5,KG,2,1,100,09/07/2024,Cash,09/07/2024 21:53:18,
6c533c17,1870042c,KG,2.5,1,150,09/07/2024,Cash,09/07/2024 21:53:56,
eb83e110,38488d69,KG,0.25,1,110,09/07/2024,Cash,09/07/2024 21:54:42,
56f5d8f3,524a0b85,Piece,12,1,100,09/07/2024,Cash,09/07/2024 21:58:25,
e348f039,a92f80eb,KG,50,1,1350,09/07/2024,Cash,09/07/2024 23:33:17,
1f67a4fe,38488d32,Liter,1,3,168,10/07/2024,Cash,10/07/2024 16:21:34,
ddcb1ca8,38488d60,KG,1,1,180,10/07/2024,Cash,10/07/2024 16:22:04,
59409232,38488d48,KG,1.5,1,110,10/07/2024,Cash,10/07/2024 16:24:35,
0fd51ffd,38488d59,KG,1,1,160,10/07/2024,Cash,10/07/2024 16:27:47,
2b189efc,070c1507,Piece,1,5,60,10/07/2024,Cash,10/07/2024 21:33:11,
bfa7ec42,38488d32,KG,1,3,168,11/07/2024,Cash,11/07/2024 19:03:56,
51311c91,38488d48,KG,2.5,3,185,11/07/2024,Cash,11/07/2024 19:04:16,
88b9bb36,38488d38,KG,0.6,1,50,11/07/2024,Cash,11/07/2024 19:05:29,
60a6d67c,8dd8ac34,Piece,1,1,145,11/07/2024,Cash,11/07/2024 19:06:21,
bfd555df,6eac27e1,Piece,1,2,120,11/07/2024,Cash,11/07/2024 19:07:34,
e0f473d7,becc6a8c,Piece,1,1,140,11/07/2024,Cash,11/07/2024 19:09:11,
0231ad94,38488d34,KG,0.25,1,20,11/07/2024,Cash,11/07/2024 21:57:46,
1ad2a865,38488d32,Liter,1,2,112,12/07/2024,Cash,12/07/2024 15:18:07,
f93b1c0f,38488d48,KG,1.5,2,110,12/07/2024,Cash,12/07/2024 15:19:21,
547aa63c,38488d38,KG,0.6,1,50,12/07/2024,Cash,12/07/2024 15:19:43,
403fc7e8,1870042c,KG,2,1,200,12/07/2024,Cash,12/07/2024 15:20:13,
fdd98477,38488d47,KG,25,1,1000,12/07/2024,Cash,12/07/2024 19:57:32,
ec1295fd,1870042c,KG,3,1,180,12/07/2024,Cash,12/07/2024 19:58:11,
2facbc3c,38488d84,KG,1.5,1,80,12/07/2024,Cash,12/07/2024 19:59:14,
49db783c,38488d32,KG,0.5,1,28,12/07/2024,Cash,12/07/2024 20:00:42,
554fc1bb,38488d32,Liter,1,3,168,13/07/2024,Cash,13/07/2024 21:26:50,
ec61ac7e,38488d48,KG,3.5,4,260,13/07/2024,Cash,13/07/2024 21:27:06,
b5002700,38488d50,KG,1.5,1,70,13/07/2024,Cash,13/07/2024 21:27:56,
a830ccf6,38488d38,KG,0.6,1,50,13/07/2024,Cash,13/07/2024 21:30:04,
b0d93442,38488d39,KG,5,1,150,13/07/2024,Cash,13/07/2024 21:33:45,
4f86f1b0,38488d57,KG,3,1,150,13/07/2024,Cash,13/07/2024 21:34:11,
bfbfe020,6d43a33d,KG,7,1,300,13/07/2024,Cash,13/07/2024 21:34:31,
b889397b,38488d82,KG,0.5,1,40,13/07/2024,Cash,13/07/2024 21:44:13,
af060050,38488d32,Liter,1,3,168,14/07/2024,Cash,14/07/2024 12:14:52,
da58ba33,38488d48,KG,1.5,2,110,14/07/2024,Cash,14/07/2024 12:15:09,
c6da4e9a,38488d50,KG,1,1,50,14/07/2024,Cash,14/07/2024 12:16:03,
629642ef,2bdbfdb8,Piece,1,3,30,14/07/2024,Cash,14/07/2024 12:16:27,
aece5bbe,2bdbfdb6,KG,1.5,1,150,14/07/2024,Cash,14/07/2024 12:16:57,
a6c78b3f,38488d32,Liter,1,2,112,14/07/2024,Cash,14/07/2024 19:45:08,
423cc8d0,9e80589b,Piece,1,1,70,14/07/2024,Cash,14/07/2024 22:01:11,
a9f7b4f8,aadb68ed,Piece,1,1,40,14/07/2024,Cash,14/07/2024 22:03:50,
d24f6945,8fe4d6eb,Piece,1,1,50,14/07/2024,Cash,14/07/2024 22:09:50,
d8911046,38488d32,Liter,1,2,112,15/07/2024,Cash,15/07/2024 12:01:08,
bffe6c70,38488d38,KG,0.6,1,50,15/07/2024,Cash,15/07/2024 12:01:23,
ad1d1647,533238d5,KG,2,1,100,15/07/2024,Cash,15/07/2024 12:01:51,
d4d9a3fe,1870042c,KG,2,1,160,15/07/2024,Cash,15/07/2024 20:13:48,
747ae27d,38488d78,KG,1,1,75,15/07/2024,Cash,15/07/2024 20:14:22,
ba6eeef1,38488d39,KG,5,1,150,15/07/2024,Cash,15/07/2024 20:15:00,
5c6973d4,38488d71,KG,3,1,90,15/07/2024,Cash,15/07/2024 20:15:29,
81078db4,a31d5abb,KG,0.1,1,35,15/07/2024,Cash,15/07/2024 20:18:09,
54f5f1a4,38488d32,KG,0.5,1,28,15/07/2024,Cash,15/07/2024 21:37:32,
ec1a5f80,38488d32,Liter,1,3,168,16/07/2024,Cash,16/07/2024 13:36:47,
db33dbdd,38488d48,KG,3.5,1,260,16/07/2024,Cash,16/07/2024 13:37:02,
03f37432,38488d38,KG,0.6,1,50,16/07/2024,Cash,16/07/2024 13:37:38,
51bc6ad5,0601c3cb,Piece,1,2,20,16/07/2024,Cash,16/07/2024 22:02:05,
9bdf92cb,38488d32,Liter,1,2,112,16/07/2024,Cash,16/07/2024 22:02:53,
fc587228,38488d69,KG,0.25,1,110,16/07/2024,Cash,16/07/2024 22:03:41,
82e7acfd,38488d33,KG,2.5,1,150,16/07/2024,Cash,16/07/2024 22:04:32,
e010976e,38488d34,KG,1,1,70,16/07/2024,Cash,16/07/2024 22:06:26,
7fbd352c,38488d36,KG,1,1,240,16/07/2024,Cash,16/07/2024 22:06:41,
b745d4ee,38488d39,KG,3,1,60,16/07/2024,Cash,16/07/2024 22:07:19,
cec5bbdc,38488d72,KG,1,1,130,16/07/2024,Cash,16/07/2024 22:07:38,
e944dcba,38488d82,KG,0.5,1,40,16/07/2024,Cash,16/07/2024 22:08:51,
53bc7502,533238d5,KG,3,1,80,16/07/2024,Cash,16/07/2024 22:09:16,
db2557ad,38488d84,KG,2.5,1,80,16/07/2024,Cash,16/07/2024 22:10:07,
155d2f3c,7cfdeddd,KG,1,1,100,16/07/2024,Cash,16/07/2024 22:10:46,
b1a805b2,a31d5abb,KG,0.5,1,120,16/07/2024,Cash,16/07/2024 22:11:13,
49e47f7f,e9fd60e0,Piece,12,2,60,16/07/2024,Cash,16/07/2024 22:11:40,
dbbcc031,38488d71,KG,5,1,100,16/07/2024,Cash,16/07/2024 22:21:16,
56c14988,1870042c,KG,2,1,120,16/07/2024,Cash,16/07/2024 22:35:05,
b730661e,38488d32,Liter,1,1,168,17/07/2024,Cash,17/07/2024 16:01:22,
f38af8d6,38488d48,KG,1.5,1,110,17/07/2024,Cash,17/07/2024 16:01:39,
090c5daf,3f40d071,Piece,12,10,400,17/07/2024,Cash,17/07/2024 16:02:00,
bbff1af7,18374158,Piece,1,2,300,17/07/2024,Cash,17/07/2024 16:04:03,
3fcdd5b1,1a4280e2,KG,1,1,200,17/07/2024,Cash,17/07/2024 16:07:08,
eb236e8e,b689393c,Piece,1,2,40,17/07/2024,Cash,17/07/2024 16:13:53,
87949015,38488d32,Liter,1,2,112,17/07/2024,Cash,17/07/2024 21:35:43,
7dc2a6f5,3f5a9999,KG,5,1,80,17/07/2024,Cash,17/07/2024 22:10:54,
bc7f21ac,38488d32,Liter,1,3,168,18/07/2024,Cash,18/07/2024 10:57:26,
b3d6c054,38488d48,KG,1,1,75,18/07/2024,Cash,18/07/2024 10:58:08,
dae5ab61,6d43a33d,KG,5,1,250,18/07/2024,Cash,18/07/2024 11:00:10,
e1ce3b53,38488d70,Piece,12,9,360,18/07/2024,Cash,18/07/2024 20:32:09,
568a9441,1870042c,KG,5,1,300,18/07/2024,Cash,18/07/2024 20:35:41,
2998d940,38488d34,,0.2,1,20,18/07/2024,Cash,18/07/2024 20:35:59,
c64582bf,38488d35,KG,0.25,1,20,18/07/2024,Cash,18/07/2024 20:36:18,
54c340e8,38488d84,KG,0.25,1,20,18/07/2024,Cash,18/07/2024 20:36:41,
092743d5,ee4c7cc6,KG,1,1,250,18/07/2024,Cash,18/07/2024 20:37:09,
ec46193c,070c1507,Piece,1,5,60,18/07/2024,Cash,18/07/2024 20:37:46,
d9588e5c,38488d37,KG,1,1,50,18/07/2024,Cash,18/07/2024 20:42:20,
8209a55a,38488d68,KG,0.5,1,70,18/07/2024,Cash,18/07/2024 20:42:34,
b4683009,e9fd60e0,Piece,1,2,15,18/07/2024,Cash,18/07/2024 20:44:46,
31dd1656,c066447f,Piece,1,1,30,18/07/2024,Cash,18/07/2024 20:46:09,
b925463b,cae57605,Piece,1,2,20,18/07/2024,Cash,18/07/2024 20:49:11,
087fdf01,38488d32,Liter,1,3,168,19/07/2024,Cash,19/07/2024 19:01:11,
48a36d37,38488d48,KG,1.5,2,110,19/07/2024,Cash,19/07/2024 19:01:38,
d3181538,38488d68,KG,1.5,1,150,19/07/2024,Cash,19/07/2024 19:13:32,
c77b3e5f,38488d51,KG,1.5,1,420,19/07/2024,Cash,19/07/2024 19:16:37,
8b943f41,38488d55,KG,1,2,20,19/07/2024,Cash,19/07/2024 19:17:14,
6c88b5e1,1905cc15,KG,2,1,150,19/07/2024,Cash,19/07/2024 19:18:32,
f7ac81c2,38488d39,KG,5,1,100,19/07/2024,Cash,19/07/2024 19:19:10,
6a3d9586,6d43a33d,KG,2.5,1,130,19/07/2024,Cash,19/07/2024 19:19:38,
759f1dae,38488d42,Piece,1,2,56,19/07/2024,Cash,19/07/2024 20:47:16,
b7b53f43,38488d32,Liter,1,3,168,20/07/2024,Cash,20/07/2024 11:34:59,
a02881ab,38488d48,KG,1.5,2,110,20/07/2024,Cash,20/07/2024 11:35:36,
2387f05a,38488d74,KG,4,1,160,20/07/2024,Cash,20/07/2024 21:13:36,
7a73e4c7,38488d39,KG,2,1,60,20/07/2024,Cash,20/07/2024 21:15:54,
a1540faa,608e4a15,Piece,1,1,200,20/07/2024,Cash,20/07/2024 21:16:57,
6208011c,1870042c,KG,5,1,300,20/07/2024,Cash,20/07/2024 21:56:00,
d00011db,38488d32,Liter,1,3,168,21/07/2024,Cash,21/07/2024 19:10:36,
437ea11e,38488d48,KG,1.5,2,110,21/07/2024,Cash,21/07/2024 19:11:20,
74a7e1b1,6d43a33d,KG,3,1,150,21/07/2024,Cash,21/07/2024 21:46:17,
479f06e6,38488d32,Liter,1,3,168,21/07/2024,Cash,21/07/2024 21:47:23,
689ca2ed,8fe4d6eb,Piece,1,1,50,21/07/2024,Cash,21/07/2024 21:48:49,
d775ed6a,e73a4f6b,Piece,1,10,50,21/07/2024,Cash,21/07/2024 22:19:02,
82202f53,38488d32,Liter,1,3,168,22/07/2024,Cash,22/07/2024 11:41:50,
2158859c,38488d48,KG,3.5,4,260,22/07/2024,Cash,22/07/2024 11:42:13,
d5df1a0f,38488d38,KG,0.6,1,50,22/07/2024,Cash,22/07/2024 11:48:09,
65e10c70,38488d57,KG,4,1,120,22/07/2024,Cash,22/07/2024 11:50:01,
9c6cf3c5,38488d82,KG,0.5,1,40,22/07/2024,Cash,22/07/2024 11:53:18,
05823f78,38488d51,KG,1,1,280,22/07/2024,Cash,22/07/2024 11:54:32,
cc4fa824,cada76f2,Piece,1,1,20,22/07/2024,Cash,22/07/2024 21:51:41,
2908d229,38488d32,Liter,1,3,168,23/07/2024,Cash,23/07/2024 09:47:16,
38a2d6fd,38488d48,KG,4.5,2,90,23/07/2024,Cash,23/07/2024 09:48:03,
39b183d2,38488d48,KG,1.5,1,110,23/07/2024,Cash,23/07/2024 09:49:19,
3b96e605,38488d34,KG,0.2,1,20,23/07/2024,Cash,23/07/2024 09:49:56,
2b8d0356,38488d69,KG,0.25,1,110,23/07/2024,Cash,23/07/2024 18:13:22,
22c14b8d,38488d32,Liter,2.5,1,140,23/07/2024,Cash,23/07/2024 18:13:50,
aa0c50a2,38488d82,KG,1,1,60,23/07/2024,Cash,23/07/2024 21:53:29,
c85edb8f,38488d74,KG,5,1,150,23/07/2024,Cash,23/07/2024 21:55:22,
c8ad48f9,38488d63,KG,3,1,100,23/07/2024,Cash,23/07/2024 21:55:44,
b7a3cd65,7cfdeddd,KG,1,1,100,23/07/2024,Cash,23/07/2024 21:56:56,
70a3c860,38488d78,KG,1,2,90,23/07/2024,Cash,23/07/2024 21:57:28,
3dffccdb,533238d5,KG,3,1,100,23/07/2024,Cash,23/07/2024 22:02:19,
a1b5a1dc,52cdaa61,KG,50,1,1480,23/07/2024,Cash,23/07/2024 22:08:28,
53550602,38488d32,Liter,1,3,168,24/07/2024,Cash,24/07/2024 10:07:24,
010cd3a0,38488d48,KG,1.5,1,110,24/07/2024,Cash,24/07/2024 10:08:15,
4922d3e9,38488d38,KG,0.6,1,50,24/07/2024,Cash,24/07/2024 10:09:55,
c1d09c76,38488d48,KG,0.2,1,19,24/07/2024,Cash,24/07/2024 21:03:09,
248cc9f4,38488d32,Liter,1,3,168,25/07/2024,Cash,25/07/2024 13:14:36,
d67aca34,38488d48,KG,1.5,2,110,25/07/2024,Cash,25/07/2024 13:17:47,
5e4ac3bb,38488d66,KG,3,4,200,25/07/2024,Cash,25/07/2024 13:18:11,
5687ff1f,3f40d071,Piece,12,10,400,25/07/2024,Cash,25/07/2024 13:19:49,
b16c3113,38488d84,KG,3,1,100,25/07/2024,Cash,25/07/2024 20:00:50,
54d395e2,0e8ad1b5,Piece,1,3,450,25/07/2024,Cash,25/07/2024 20:02:34,
e7248c92,38488d32,Liter,1,3,168,26/07/2024,Cash,26/07/2024 11:07:59,
986ff2b6,38488d43,KG,1,1,50,26/07/2024,Cash,26/07/2024 11:08:42,
0c92f7d6,15ed5402,KG,0.5,1,60,26/07/2024,Cash,26/07/2024 11:29:12,
15a46aa2,38488d32,Liter,1,3,168,27/07/2024,Cash,27/07/2024 10:28:52,
e8c17ca8,38488d48,KG,1,4,300,27/07/2024,Cash,27/07/2024 10:29:08,
e9a7c9bd,38488d38,KG,0.6,1,50,27/07/2024,Cash,27/07/2024 10:30:30,
9e2ffd28,8fe4d6eb,Piece,1,1,50,27/07/2024,Cash,27/07/2024 14:22:39,
f746e78f,acfc8632,KG,2,1,310,27/07/2024,Cash,27/07/2024 14:23:16,
ce171e4c,72333f40,Piece,1,2,140,27/07/2024,Cash,27/07/2024 14:23:37,
8e2a15aa,38488d34,KG,1.5,1,120,27/07/2024,Cash,27/07/2024 21:54:25,
406d57d5,1870042c,KG,5,1,300,27/07/2024,Cash,27/07/2024 21:56:11,
2a9b577d,6d43a33d,KG,8,1,400,27/07/2024,Cash,27/07/2024 21:56:58,
c1bec609,38488d54,KG,5,1,190,27/07/2024,Cash,27/07/2024 21:57:58,
012a5d9a,8fe4d6eb,Piece,1,1,50,27/07/2024,Cash,27/07/2024 22:07:21,
a189d969,38488d32,Liter,1,3,168,28/07/2024,Cash,28/07/2024 17:37:33,
989fb5c9,38488d48,KG,1.7,3,130,28/07/2024,Cash,28/07/2024 17:40:03,
2b519ba6,38488d50,KG,1,1,60,28/07/2024,Cash,28/07/2024 17:41:12,
65c2c90d,608e4a15,Piece,1,1,2400,28/07/2024,Cash,28/07/2024 19:38:58,
01f65915,2bdbfdb6,KG,1.5,1,150,28/07/2024,Cash,28/07/2024 19:39:53,
3c90678b,2bdbfdb8,Piece,1,3,30,28/07/2024,Cash,28/07/2024 19:41:14,
b38a5e49,38488d37,KG,0.4,1,20,28/07/2024,Cash,28/07/2024 19:41:59,
12445f7b,38488d34,KG,0.25,1,20,28/07/2024,Cash,28/07/2024 19:42:25,
b1af4893,38488d35,KG,0.15,1,10,28/07/2024,Cash,28/07/2024 19:42:45,
81466012,38488d32,Liter,1,3,168,28/07/2024,Cash,28/07/2024 20:30:11,
4ce9092f,38488d80,KG,1.5,1,60,28/07/2024,Cash,28/07/2024 21:31:40,
1d00407a,38488d32,Liter,1,3,168,29/07/2024,Cash,29/07/2024 09:45:06,
7a311933,38488d48,KG,1.5,2,110,29/07/2024,Cash,29/07/2024 09:45:28,
4454f5e6,66645b81,KG,2,1,80,29/07/2024,Cash,29/07/2024 09:46:07,
4bbf73c0,38488d36,KG,0.25,1,40,29/07/2024,Cash,29/07/2024 09:47:11,
445120d7,38488d38,KG,0.6,1,50,29/07/2024,Cash,29/07/2024 09:48:02,
0906de2c,9130d9d3,Piece,1,1,90,29/07/2024,Cash,29/07/2024 19:17:00,
9daa7917,3f5a9999,Liter,5,1,80,29/07/2024,Cash,29/07/2024 19:23:36,
b100dcfa,070c1507,Piece,1,6,60,29/07/2024,Cash,29/07/2024 19:24:32,
20ed5a86,ee4c7cc6,KG,1,1,250,29/07/2024,Cash,29/07/2024 19:25:27,
f5be8d7b,38488d40,KG,1.5,1,120,29/07/2024,Cash,29/07/2024 19:26:05,
0e77f092,38488d32,Liter,1,3,168,30/07/2024,Cash,30/07/2024 09:45:42,
a841a5f6,38488d48,KG,1.5,1,110,30/07/2024,Cash,30/07/2024 09:46:18,
c8ab45b5,38488d63,KG,2.5,1,70,30/07/2024,Cash,30/07/2024 09:46:49,
5f5ebea0,38488d72,KG,0.5,1,80,30/07/2024,Cash,30/07/2024 09:47:57,
0a71d855,38488d66,KG,2,1,140,30/07/2024,Cash,30/07/2024 09:48:25,
58f97cff,38488d69,KG,0.25,1,110,30/07/2024,Cash,30/07/2024 21:43:35,
40883d68,38488d47,KG,2.5,1,100,30/07/2024,Cash,30/07/2024 21:44:03,
c6a9eed8,1870042c,KG,7,1,420,30/07/2024,Cash,30/07/2024 21:44:51,
c39d0bb1,38488d34,KG,1.5,1,120,30/07/2024,Cash,30/07/2024 21:46:16,
1deca090,38488d33,KG,4,1,240,30/07/2024,Cash,30/07/2024 21:46:39,
48c03fa5,38488d32,KG,2.5,1,140,30/07/2024,Cash,30/07/2024 21:47:15,
4871f9fe,38488d72,KG,1,1,100,30/07/2024,Cash,30/07/2024 21:48:04,
580e25f6,38488d82,KG,1,1,30,30/07/2024,Cash,30/07/2024 21:48:36,
3c4fd828,533238d5,KG,3,1,100,30/07/2024,Cash,30/07/2024 21:48:58,
e1182578,38488d51,KG,1.5,1,420,30/07/2024,Cash,30/07/2024 21:52:10,
b25453d0,38488d55,Piece,1,2,20,30/07/2024,Cash,30/07/2024 21:52:32,
342c1e93,7cfdeddd,KG,1,1,100,30/07/2024,Cash,30/07/2024 21:53:48,
ed1b8e47,a92f80eb,KG,50,1,1260,30/07/2024,Cash,30/07/2024 22:10:55,
6c242d3d,38488d32,Liter,1,3,168,31/07/2024,Cash,31/07/2024 18:36:15,
ec65e1bf,38488d48,KG,1.5,1,110,31/07/2024,Cash,31/07/2024 18:36:31,
a00d5300,38488d36,KG,0.25,1,40,31/07/2024,Cash,31/07/2024 18:39:00,
8947dab7,38488d38,KG,0.6,1,50,31/07/2024,Cash,31/07/2024 18:40:15,
a8649aef,38488d68,KG,0.5,1,70,31/07/2024,Cash,31/07/2024 18:42:40,
a23e6e46,3095f6ad,KG,5,1,220,31/07/2024,Cash,31/07/2024 18:45:11,
782af3e6,52cdaa61,KG,50,1,1480,31/07/2024,Cash,31/07/2024 18:49:48,
8d6e49d7,38488d32,KG,1.5,3,84,31/07/2024,Cash,31/07/2024 21:10:18,
e5b24306,38488d32,Liter,1,3,168,01/08/2024,Cash,01/08/2024 10:29:37,
d2e1128b,38488d48,Liter,1.5,2,110,01/08/2024,Cash,01/08/2024 10:30:04,
b508ba6f,38488d38,KG,0.6,1,50,01/08/2024,Cash,01/08/2024 10:30:34,
51f2271d,38488d32,Liter,1,3,168,02/08/2024,Cash,02/08/2024 13:09:14,
557ba275,38488d48,KG,1.5,2,110,02/08/2024,Cash,02/08/2024 13:09:33,
b7432480,3f40d071,Piece,12,10,400,02/08/2024,Cash,02/08/2024 13:11:11,
30c81476,1870042c,KG,3,1,150,02/08/2024,Cash,02/08/2024 13:11:59,
59ca694f,38488d74,KG,5,1,150,02/08/2024,Cash,02/08/2024 17:49:55,
0b91fb2f,38488d32,Liter,1,2,112,02/08/2024,Cash,02/08/2024 21:25:40,
336f99dc,38488d32,Liter,1,3,168,03/08/2024,Cash,03/08/2024 16:37:59,
a7bc08b6,38488d43,KG,1,1,50,03/08/2024,Cash,03/08/2024 16:38:13,
76b9141d,38488d38,KG,0.6,1,50,03/08/2024,Cash,03/08/2024 16:38:31,
4b1724c0,c39b54f2,KG,0.5,1,60,03/08/2024,Cash,03/08/2024 20:41:35,
f935f39b,070c1507,Piece,1,6,60,03/08/2024,Cash,03/08/2024 20:42:02,
e2a6759e,aadb68ed,Piece,1,2,20,03/08/2024,Cash,03/08/2024 21:44:31,
bb1f10dc,1870042c,KG,5,1,250,03/08/2024,Cash,03/08/2024 21:49:19,
5209269a,38488d32,Liter,1,3,168,04/08/2024,Cash,04/08/2024 10:26:35,
ab5be755,38488d48,KG,1,2,150,04/08/2024,Cash,04/08/2024 10:26:48,
6a4ea5c9,38488d68,KG,5,1,485,04/08/2024,Cash,04/08/2024 21:27:16,
64d9a703,38488d51,KG,1.5,1,420,04/08/2024,Cash,04/08/2024 21:28:16,
55584f5d,38488d55,Piece,1,2,20,04/08/2024,Cash,04/08/2024 21:29:03,
927e2c6d,e73a4f6b,Piece,1,12,60,04/08/2024,Cash,04/08/2024 21:29:55,
296a2445,38488d32,Liter,1,3,168,04/08/2024,Cash,04/08/2024 21:34:31,
afeb0c32,38488d32,Liter,1,3,168,05/08/2024,Cash,05/08/2024 10:25:34,
04d04133,38488d48,KG,1.5,2,110,05/08/2024,Cash,05/08/2024 10:25:56,
cfcfcebc,38488d38,KG,0.6,1,50,05/08/2024,Cash,05/08/2024 10:27:30,
86ecb95b,66645b81,KG,3,1,120,05/08/2024,Cash,05/08/2024 10:27:50,
fb823939,38488d33,KG,2.25,1,140,05/08/2024,Cash,05/08/2024 17:53:44,
5e3608e8,38488d59,KG,1,1,160,05/08/2024,Cash,05/08/2024 21:23:35,
f071b0da,38488d60,KG,1,1,180,05/08/2024,Cash,05/08/2024 21:23:55,
6c987220,e091ecdf,Piece,1,1,250,05/08/2024,Cash,05/08/2024 21:25:06,
54fc78c5,38488d78,KG,1,1,55,05/08/2024,Cash,05/08/2024 21:41:06,
a34e9cfc,38488d32,Liter,1,3,168,06/08/2024,Cash,06/08/2024 14:33:28,
d68e12b5,38488d48,KG,1.5,1,110,06/08/2024,Cash,06/08/2024 14:33:43,
c00a5f7a,1905cc15,KG,2,1,160,06/08/2024,Cash,06/08/2024 14:34:42,
a8ef83c1,1870042c,KG,2,1,120,06/08/2024,Cash,06/08/2024 14:35:29,
09242b65,38488d51,KG,0.1,1,32,06/08/2024,Cash,06/08/2024 14:37:47,
2b7d3b1b,38488d48,Piece,1,2,40,06/08/2024,Cash,06/08/2024 20:31:28,
073a22cc,38488d69,KG,0.25,1,110,06/08/2024,Cash,06/08/2024 20:34:47,
d9d34fea,1870042c,KG,5,1,200,06/08/2024,Cash,06/08/2024 20:35:45,
b1fc348e,38488d32,Liter,1,2,112,06/08/2024,Cash,06/08/2024 20:38:05,
3acc0912,38488d57,KG,4,1,240,06/08/2024,Cash,06/08/2024 22:05:54,
90c2d181,38488d63,KG,2.5,1,50,06/08/2024,Cash,06/08/2024 22:06:54,
0919f963,1905cc15,KG,2.5,1,150,06/08/2024,Cash,06/08/2024 22:07:18,
1a0559f0,2174fb78,KG,1.5,1,50,06/08/2024,Cash,06/08/2024 22:08:15,
adf8795e,7211596c,Piece,12,1,100,06/08/2024,Cash,06/08/2024 22:09:13,
c3750587,66645b81,KG,3.5,1,100,06/08/2024,Cash,06/08/2024 22:28:25,
c495f799,38488d32,Liter,1,3,168,07/08/2024,Cash,07/08/2024 19:30:41,
a7d9fbf2,38488d48,KG,1,2,150,07/08/2024,Cash,07/08/2024 19:30:57,
3a19db1b,38488d38,KG,0.6,1,50,07/08/2024,Cash,07/08/2024 19:31:12,
adb654bb,38488d82,KG,0.5,1,25,07/08/2024,Cash,07/08/2024 19:31:38,
dc29ac5c,38488d36,Liter,0.25,1,50,07/08/2024,Cash,07/08/2024 19:34:17,
446d0796,81cb458e,Liter,1,1,105,07/08/2024,Cash,07/08/2024 19:35:39,
34001e6e,38488d32,Liter,1,3,168,08/08/2024,Cash,08/08/2024 09:53:56,
b32ac3df,38488d48,KG,1,2,150,08/08/2024,Cash,08/08/2024 09:54:16,
84d0e8df,38488d36,KG,0.25,1,50,08/08/2024,Cash,08/08/2024 09:54:38,
110d92c9,a31d5abb,KG,0.175,1,50,08/08/2024,Cash,08/08/2024 20:46:00,
85bd5e2f,38488d72,KG,0.5,1,80,08/08/2024,Cash,08/08/2024 20:46:31,
29c61785,8fe4d6eb,Piece,1,1,50,08/08/2024,Cash,08/08/2024 20:48:59,
20b6ae8d,7110fbe1,Piece,1,2,200,08/08/2024,Cash,08/08/2024 21:01:08,
963b2c54,671a7101,Piece,1,1,50,08/08/2024,Cash,08/08/2024 21:04:37,
ec37bc46,38488d77,Piece,1,1,220,08/08/2024,Cash,08/08/2024 22:25:55,
62dd3de2,38488d32,Liter,1,3,168,09/08/2024,Cash,09/08/2024 09:56:25,
36e0a882,38488d48,KG,1,2,150,09/08/2024,Cash,09/08/2024 09:57:07,
30b428da,38488d34,KG,1.5,1,100,09/08/2024,Cash,09/08/2024 09:57:41,
73427f4c,7cfdeddd,KG,0.5,1,70,09/08/2024,Cash,09/08/2024 09:58:25,
5a5ca9fd,3f40d071,Piece,12,10,400,09/08/2024,Cash,09/08/2024 09:59:07,
ae2a27df,1870042c,KG,5,1,200,09/08/2024,Cash,09/08/2024 13:28:33,
ff51cd88,38488d47,KG,56,1,2100,09/08/2024,Cash,09/08/2024 16:22:34,
8dffba3f,38488d51,Liter,1.5,1,420,09/08/2024,Cash,09/08/2024 20:27:12,
dc77fdbe,38488d55,Piece,1,2,20,09/08/2024,Cash,09/08/2024 20:28:17,
c81c255e,070c1507,Piece,1,10,120,09/08/2024,Cash,09/08/2024 20:28:47,
8880bdae,38488d32,Liter,1,2,112,09/08/2024,Cash,09/08/2024 20:30:50,
6665121c,38488d42,Piece,1,3,84,09/08/2024,Cash,09/08/2024 20:37:33,
77fec26f,52cdaa61,KG,50,1,1480,09/08/2024,Cash,09/08/2024 21:06:59,
a2b2745d,38488d32,Liter,1,3,168,10/08/2024,Cash,10/08/2024 11:13:29,
d07af263,38488d48,KG,1,2,150,10/08/2024,Cash,10/08/2024 11:13:48,
dd257cb4,38488d38,KG,0.6,1,50,10/08/2024,Cash,10/08/2024 11:14:14,
fbe5ab86,38488d71,KG,4,1,120,10/08/2024,Cash,10/08/2024 11:17:30,
ac080f47,38488d82,KG,0.5,1,20,10/08/2024,Cash,10/08/2024 11:19:18,
6f04640a,15a3cdc4,Piece,1,1,50,10/08/2024,Cash,10/08/2024 21:29:35,
9fcb7d96,7836518d,Piece,1,1,30,10/08/2024,Cash,10/08/2024 21:33:53,
ef922759,0601c3cb,Liter,1,2,20,10/08/2024,Cash,10/08/2024 21:34:59,
7bb2a401,38488d77,Piece,1,1,220,10/08/2024,Cash,10/08/2024 21:36:48,
f88b5c0b,38488d78,KG,0.5,1,36,10/08/2024,Cash,10/08/2024 21:38:26,
e6071af3,2ae6a732,Piece,1,4,80,10/08/2024,Cash,10/08/2024 21:39:09,
a79bf804,38488d32,Liter,1,3,168,11/08/2024,Cash,11/08/2024 19:41:38,
f57e2d57,38488d48,KG,1,2,150,11/08/2024,Cash,11/08/2024 19:42:13,
0a241a66,38488d43,KG,0.5,20,200,11/08/2024,Cash,11/08/2024 19:42:50,
c6a9a8af,38488d84,KG,3,1,150,11/08/2024,Cash,11/08/2024 19:43:30,
ea66597d,38488d32,KG,0.5,3,84,11/08/2024,Cash,11/08/2024 21:18:13,
5db2d94f,38488d32,Liter,1,3,168,12/08/2024,Cash,12/08/2024 12:45:42,
2d135102,38488d48,KG,1,2,150,12/08/2024,Cash,12/08/2024 12:45:58,
a0c2311d,1870042c,KG,4,1,160,12/08/2024,Cash,12/08/2024 12:46:19,
1b7f51db,38488d63,KG,2.5,1,80,12/08/2024,Cash,12/08/2024 12:46:54,
2975fda7,38488d82,KG,0.5,1,30,12/08/2024,Cash,12/08/2024 12:47:32,
670f12e0,38488d57,KG,4.5,1,200,12/08/2024,Cash,12/08/2024 20:58:36,
770577c4,6e08e9a1,Piece,1,1,450,12/08/2024,Cash,12/08/2024 21:40:11,
801ec824,93b88f5b,Piece,1,1,190,12/08/2024,Cash,12/08/2024 21:43:35,
c11ff92b,38488d32,Liter,1,3,168,13/08/2024,Cash,13/08/2024 12:51:14,
768b1ae1,38488d48,KG,1,4,295,13/08/2024,Cash,13/08/2024 12:52:31,
e056214d,38488d72,KG,0.25,1,50,13/08/2024,Cash,13/08/2024 12:54:06,
1ae3a526,38488d38,KG,0.6,1,50,13/08/2024,Cash,13/08/2024 12:56:11,
8dbca4ef,8fe4d6eb,Piece,1,1,30,13/08/2024,Cash,13/08/2024 13:56:41,
ab6e4669,38488d33,KG,2.5,1,200,13/08/2024,Cash,13/08/2024 17:05:29,
7fd7e132,38488d72,KG,1,1,100,13/08/2024,Cash,13/08/2024 21:06:04,
092dba3a,38488d36,KG,1,1,100,13/08/2024,Cash,13/08/2024 21:07:12,
fc70e17d,38488d82,KG,1,1,60,13/08/2024,Cash,13/08/2024 21:07:29,
6ec7b20c,533238d5,KG,3,1,100,13/08/2024,Cash,13/08/2024 21:12:47,
4449f864,7cfdeddd,KG,1.5,1,150,13/08/2024,Cash,13/08/2024 21:13:15,
852f2e7a,1905cc15,KG,3,1,150,13/08/2024,Cash,13/08/2024 21:23:47,
349141af,38488d78,KG,1,2,90,13/08/2024,Cash,13/08/2024 21:24:53,
f09813b6,38488d69,KG,0.25,1,110,13/08/2024,Cash,13/08/2024 21:44:35,
1e5cc393,38488d32,Liter,1,2,112,13/08/2024,Cash,13/08/2024 21:45:53,
733b9820,a92f80eb,KG,50,1,1260,13/08/2024,Cash,13/08/2024 21:54:09,
de270403,3095f6ad,KG,1,1,46,13/08/2024,Cash,13/08/2024 22:06:15,
365f6f00,38488d32,Liter,1,3,168,14/08/2024,Cash,14/08/2024 10:05:17,
215ad6d2,38488d48,KG,1,2,150,14/08/2024,Cash,14/08/2024 10:07:25,
36b8af86,38488d38,KG,0.6,1,50,14/08/2024,Cash,14/08/2024 10:09:44,
1ff32be5,316fcd40,KG,2,1,120,14/08/2024,Cash,14/08/2024 20:47:01,
e304f740,38488d59,KG,1,1,160,14/08/2024,Cash,14/08/2024 20:48:31,
bd157e57,38488d60,KG,0.5,1,80,14/08/2024,Cash,14/08/2024 20:49:40,
a00afb41,fdfe568c,KG,1.5,1,300,14/08/2024,Cash,14/08/2024 20:50:08,
d96ac6fc,38488d46,KG,1,4,260,14/08/2024,Cash,14/08/2024 20:50:40,
41ee9048,38488d48,KG,5,1,310,14/08/2024,Cash,14/08/2024 20:51:02,
beeff737,38488d33,KG,1,1,100,14/08/2024,Cash,14/08/2024 20:52:57,
ca127ccc,38488d35,KG,0.5,1,20,14/08/2024,Cash,14/08/2024 20:53:26,
6fead3ef,38488d68,KG,0.2,1,35,14/08/2024,Cash,14/08/2024 20:53:56,
5a22e210,074f02cb,Piece,1,1,45,14/08/2024,Cash,14/08/2024 20:57:03,
88b97344,f578c988,Piece,1,1,100,14/08/2024,Cash,14/08/2024 21:00:57,
7d08755a,a31d5abb,KG,0.25,1,60,14/08/2024,Cash,14/08/2024 21:52:12,
09354a07,38488d32,Liter,1,3,224,15/08/2024,Cash,15/08/2024 15:34:41,
493031fa,38488d38,KG,0.6,1,50,15/08/2024,Cash,15/08/2024 15:36:10,
85926f0f,fcde63e0,Piece,1,2,20,15/08/2024,Cash,15/08/2024 15:36:36,
315ce7bc,a30cd5cc,Piece,1,4,360,15/08/2024,Cash,15/08/2024 15:39:24,
794670fa,38488d51,KG,0.5,1,140,15/08/2024,Cash,15/08/2024 15:45:14,
293cc66e,0601c3cb,Piece,1,2,20,15/08/2024,Cash,15/08/2024 16:25:39,
4e1dbc3e,38488d32,Liter,1,3,168,16/08/2024,Cash,16/08/2024 17:19:09,
c2f6545a,38488d38,KG,0.6,1,50,16/08/2024,Cash,16/08/2024 17:19:28,
00b2d6a4,38488d43,KG,1,1,50,16/08/2024,Cash,16/08/2024 17:19:55,
265e6a16,15ed5402,KG,0.5,1,60,16/08/2024,Cash,16/08/2024 17:29:56,
4d5c84dd,1870042c,KG,10,2,400,16/08/2024,Cash,16/08/2024 19:25:50,
bf67b57d,9efdfdb6,KG,5,1,230,16/08/2024,Cash,16/08/2024 19:27:33,
083decef,ee4c7cc6,KG,1,1,250,16/08/2024,Cash,16/08/2024 21:57:25,
744a399f,38488d79,Piece,8,1,173,16/08/2024,Cash,16/08/2024 22:01:35,
e95377e7,38488d32,Liter,1,3,168,17/08/2024,Cash,17/08/2024 13:20:14,
b6c06912,38488d48,KG,1.5,2,110,17/08/2024,Cash,17/08/2024 13:21:10,
b3b97cc0,a31d5abb,KG,0.25,1,90,17/08/2024,Cash,17/08/2024 16:09:40,
43e425e3,38488d51,KG,0.8,1,280,17/08/2024,Cash,17/08/2024 16:10:45,
c4782cfc,38488d72,KG,0.25,1,50,17/08/2024,Cash,17/08/2024 16:11:36,
3aaaec58,38488d57,KG,3,1,150,17/08/2024,Cash,17/08/2024 16:12:23,
f42ad655,38488d63,KG,2,1,70,17/08/2024,Cash,17/08/2024 18:47:48,
b2850b9e,910b2e49,Piece,1,2,40,17/08/2024,Cash,17/08/2024 21:20:57,
91a70923,38488d32,Liter,1,3,168,18/08/2024,Cash,18/08/2024 13:21:32,
78518515,38488d48,KG,1,2,150,18/08/2024,Cash,18/08/2024 13:21:50,
c5c82774,38488d33,KG,1.5,1,200,18/08/2024,Cash,18/08/2024 13:22:30,
6e7d6ce3,7987abff,KG,0.2,1,40,18/08/2024,Cash,18/08/2024 13:23:32,
04d635e7,38488d50,KG,1,1,60,18/08/2024,Cash,18/08/2024 13:25:03,
f9deb23f,aadb68ed,KG,0.2,1,80,18/08/2024,Cash,18/08/2024 13:26:42,
ba9e5b22,c4721744,Piece,1,1,120,18/08/2024,Cash,18/08/2024 21:28:33,
6eefc779,8fe4d6eb,Piece,1,1,50,18/08/2024,Cash,18/08/2024 21:37:23,
83c1fecf,38488d51,KG,1.25,1,350,18/08/2024,Cash,18/08/2024 21:38:41,
35bdc753,38488d79,Piece,1,5,110,18/08/2024,Cash,18/08/2024 22:03:18,
2dceb308,38488d32,Liter,1,3,168,19/08/2024,Cash,19/08/2024 18:16:42,
1864d46c,38488d48,KG,1,3,225,19/08/2024,Cash,19/08/2024 18:17:15,
2d2734d6,38488d38,KG,0.6,1,50,19/08/2024,Cash,19/08/2024 18:17:54,
deb57dac,38488d51,KG,0.1,1,32,19/08/2024,Cash,19/08/2024 21:36:13,
042ba64e,ce05a0dc,Piece,1,5,10,19/08/2024,Cash,19/08/2024 21:57:40,
6d9d7710,38488d55,Piece,1,2,20,19/08/2024,Cash,19/08/2024 22:02:03,
000edf6d,1870042c,KG,5,1,200,19/08/2024,Cash,19/08/2024 22:02:53,
d991319f,38488d32,Liter,1,3,168,20/08/2024,Cash,20/08/2024 12:36:08,
8e46bd22,38488d48,KG,1,1,75,20/08/2024,Cash,20/08/2024 12:37:14,
7af34d82,38488d34,KG,1.5,1,100,20/08/2024,Cash,20/08/2024 18:54:41,
b13dd6f0,38488d38,KG,0.6,1,50,20/08/2024,Cash,20/08/2024 18:57:38,
96e0b921,38488d36,KG,0.5,1,70,20/08/2024,Cash,20/08/2024 18:57:58,
bad0626d,38488d69,KG,0.25,1,110,20/08/2024,Cash,20/08/2024 19:02:55,
661c21fc,533238d5,KG,2,1,120,20/08/2024,Cash,20/08/2024 19:04:13,
b2150960,38488d72,KG,0.25,1,40,20/08/2024,Cash,20/08/2024 19:05:15,
c8891a7a,38488d82,Piece,0.25,1,20,20/08/2024,Cash,20/08/2024 19:05:54,
f5ec6583,3ed563fc,Piece,1,10,300,20/08/2024,Cash,20/08/2024 19:49:26,
c72e031e,bf503910,Piece,1,2,80,20/08/2024,Cash,20/08/2024 19:50:13,
f98847a3,38488d78,KG,1,2,100,20/08/2024,Cash,20/08/2024 19:50:34,
6633cb58,e73a4f6b,Piece,1,2,25,20/08/2024,Cash,20/08/2024 21:14:29,
c3e73321,7cfdeddd,KG,1,1,100,20/08/2024,Cash,20/08/2024 21:14:55,
be30c88e,38488d36,KG,1,1,100,20/08/2024,Cash,20/08/2024 21:15:44,
338dfe23,a31d5abb,KG,0.5,1,150,20/08/2024,Cash,20/08/2024 21:16:01,
3e5333e4,38488d72,KG,0.75,1,100,20/08/2024,Cash,20/08/2024 21:17:30,
bac8253e,38488d33,KG,2,1,160,20/08/2024,Cash,20/08/2024 21:30:30,
ffad6eb1,38488d57,KG,4,1,200,20/08/2024,Cash,20/08/2024 21:31:02,
56dc76d4,66645b81,KG,3,1,100,20/08/2024,Cash,20/08/2024 21:31:29,
8979f26c,38488d82,KG,0.5,1,30,20/08/2024,Cash,20/08/2024 21:34:02,
0836bb80,524a0b85,KG,18,1,150,20/08/2024,Cash,20/08/2024 21:34:30,
df1e363f,31814ad8,Piece,1,1,35,20/08/2024,Cash,20/08/2024 21:36:04,
b0c7b27d,070c1507,Piece,1,5,70,20/08/2024,Cash,20/08/2024 22:59:55,
fb8e6a4e,38488d32,Liter,1,3,168,21/08/2024,Cash,21/08/2024 11:05:58,
2aa4dc87,38488d48,KG,1.5,1,110,21/08/2024,Cash,21/08/2024 11:07:01,
3d1fd3c5,38488d77,Piece,1,2,110,21/08/2024,Cash,21/08/2024 22:09:44,
c1431f3f,38488d77,Piece,1,1,100,21/08/2024,Cash,21/08/2024 22:18:48,
ffb9b357,38488d32,Liter,1,3,168,22/08/2024,Cash,22/08/2024 11:34:04,
ead93030,38488d48,KG,1.5,2,110,22/08/2024,Cash,22/08/2024 11:34:24,
18e77e5b,38488d34,KG,0.25,1,25,22/08/2024,Cash,22/08/2024 11:36:41,
4dc330cb,38488d33,KG,1.5,1,120,22/08/2024,Cash,22/08/2024 11:37:12,
435392ec,3f40d071,Piece,12,10,400,22/08/2024,Cash,22/08/2024 11:38:25,
694a2b07,38488d68,KG,0.5,1,70,22/08/2024,Cash,22/08/2024 11:39:50,
20f76310,38488d35,KG,0.25,1,20,22/08/2024,Cash,22/08/2024 19:49:43,
6d6700c6,38488d63,KG,2,1,80,22/08/2024,Cash,22/08/2024 19:50:21,
d4aa26ff,2f5f74e8,Piece,1,1,40,22/08/2024,Cash,22/08/2024 19:50:50,
a96bf8bc,38488d57,KG,0.25,1,10,22/08/2024,Cash,22/08/2024 19:52:35,
4763aa2a,2c4d95ef,KG,0.5,1,70,22/08/2024,Cash,22/08/2024 19:52:51,
0ba53a33,ee72568a,Piece,1,1,55,22/08/2024,Cash,22/08/2024 19:53:53,
43f54656,38488d62,KG,1,6,330,22/08/2024,Cash,22/08/2024 19:54:33,
aa43bf43,38488d68,KG,0.5,2,140,22/08/2024,Cash,22/08/2024 19:56:29,
edb1e3b4,557cb1a3,Piece,1,3,60,22/08/2024,Cash,22/08/2024 20:46:55,
3d406f79,5f26f005,KG,1,2,195,22/08/2024,Cash,22/08/2024 21:25:43,
9a03fcb8,52cdaa61,KG,0.5,1,35,22/08/2024,Cash,22/08/2024 21:57:05,
6f5d6522,38488d32,Liter,1,4,224,23/08/2024,Cash,23/08/2024 18:29:11,
9dae70ca,38488d48,KG,1.5,1,110,23/08/2024,Cash,23/08/2024 18:29:47,
ee338fe4,38488d38,KG,0.6,5,250,23/08/2024,Cash,23/08/2024 18:30:47,
bf0615af,38488d39,KG,2,1,80,23/08/2024,Cash,23/08/2024 18:31:16,
a623c26d,1870042c,KG,5,1,180,23/08/2024,Cash,23/08/2024 18:33:11,
21fe6ec5,38488d71,KG,4,1,160,23/08/2024,Cash,23/08/2024 18:52:23,
97094c4b,38488d77,Piece,1,1,105,23/08/2024,Cash,23/08/2024 21:36:53,
6b7c897e,38488d32,KG,0.5,1,28,23/08/2024,Cash,23/08/2024 21:38:29,
38156b57,38488d32,Liter,1,3,168,24/08/2024,Cash,24/08/2024 17:09:16,
348b0c6d,38488d48,KG,3,1,100,24/08/2024,Cash,24/08/2024 17:10:08,
1b619737,38488d48,KG,1,2,160,24/08/2024,Cash,24/08/2024 17:12:32,
d5f36ba5,38488d63,KG,3,1,100,24/08/2024,Cash,24/08/2024 17:13:38,
549eb8b1,38488d38,KG,0.6,1,50,24/08/2024,Cash,24/08/2024 17:14:33,
8208c1a6,38488d33,KG,1,1,80,24/08/2024,Cash,24/08/2024 17:16:59,
249d7903,38488d34,KG,0.75,1,60,24/08/2024,Cash,24/08/2024 17:17:40,
e3b1e78c,38488d35,KG,0.5,1,30,24/08/2024,Cash,24/08/2024 17:18:10,
2c1c4abc,38488d77,Piece,1,1,230,24/08/2024,Cash,24/08/2024 17:19:39,
493acc3d,38488d54,KG,1.5,3,100,24/08/2024,Cash,24/08/2024 21:46:53,
983067f9,38488d82,KG,0.5,1,40,24/08/2024,Cash,24/08/2024 22:15:51,
4b995a66,38488d32,Liter,1,3,168,25/08/2024,Cash,25/08/2024 18:04:30,
cdbbf0a3,38488d48,KG,1,2,150,25/08/2024,Cash,25/08/2024 18:07:18,
a084f5e9,38488d66,KG,1.5,1,100,25/08/2024,Cash,25/08/2024 18:21:24,
9313c215,38488d79,Piece,1,23,230,25/08/2024,Cash,25/08/2024 18:23:54,
5f5236e3,38488d32,Liter,1,3,168,25/08/2024,Cash,25/08/2024 22:10:07,
92747b01,38488d32,Liter,1,3,168,26/08/2024,Cash,26/08/2024 11:06:33,
71320daf,38488d48,KG,1.5,2,110,26/08/2024,Cash,26/08/2024 11:07:44,
17b96e2e,38488d39,KG,5,1,175,26/08/2024,Cash,26/08/2024 11:08:30,
1fc40c56,38488d57,KG,3,1,100,26/08/2024,Cash,26/08/2024 11:09:02,
64354c43,38488d82,KG,0.25,1,30,26/08/2024,Cash,26/08/2024 11:09:54,
4b947f9a,38488d47,KG,60,1,2880,26/08/2024,Cash,26/08/2024 13:30:18,
ca69f625,1870042c,KG,5,1,180,26/08/2024,Cash,26/08/2024 13:32:20,
7c7c8a39,38488d68,KG,3,1,420,26/08/2024,Cash,26/08/2024 17:25:47,
441b9b89,38488d51,KG,1.5,1,420,26/08/2024,Cash,26/08/2024 19:17:39,
29b0eebe,38488d55,Piece,1,2,20,26/08/2024,Cash,26/08/2024 19:26:21,
6820bb21,c066447f,Piece,1,1,30,26/08/2024,Cash,26/08/2024 19:27:12,
1623c604,070c1507,Piece,1,6,60,26/08/2024,Cash,26/08/2024 19:31:07,
2ec1e8ae,36d8d1b3,KG,1,1,30,26/08/2024,Cash,26/08/2024 19:32:01,
df910870,f4eeda21,Liter,1,2,40,26/08/2024,Cash,26/08/2024 19:36:45,
46777d89,38488d32,Liter,2.5,1,140,26/08/2024,Cash,26/08/2024 19:40:08,
870c0a1e,38488d32,Liter,1,2,112,27/08/2024,Cash,27/08/2024 12:19:07,
f2d2ee6e,38488d48,KG,3.5,1,260,27/08/2024,Cash,27/08/2024 12:19:36,
2e9a838f,38488d38,KG,0.6,1,50,27/08/2024,Cash,27/08/2024 12:20:29,
5fa35a2d,38488d71,KG,4,1,120,27/08/2024,Cash,27/08/2024 12:21:32,
f999d589,38488d69,KG,0.25,1,110,27/08/2024,Cash,27/08/2024 22:16:22,
02b4087f,38488d33,KG,2,1,160,27/08/2024,Cash,27/08/2024 22:16:59,
1e1126b7,38488d36,KG,1,1,80,27/08/2024,Cash,27/08/2024 22:17:45,
d620c288,38488d82,KG,1,1,80,27/08/2024,Cash,27/08/2024 22:18:01,
dc47b61a,38488d63,KG,3,1,100,27/08/2024,Cash,27/08/2024 22:18:21,
42fc9363,533238d5,KG,3,1,100,27/08/2024,Cash,27/08/2024 22:18:57,
9d35beca,38488d84,KG,3,1,100,27/08/2024,Cash,27/08/2024 22:20:08,
de85ce7f,1905cc15,KG,5,1,250,27/08/2024,Cash,27/08/2024 22:21:41,
87c149ca,38488d32,Liter,1,3,168,28/08/2024,Cash,28/08/2024 19:11:50,
b6c60282,38488d48,KG,1.5,2,110,28/08/2024,Cash,28/08/2024 19:12:25,
d2b85c19,1870042c,KG,5,1,180,28/08/2024,Cash,28/08/2024 19:12:55,
d9811d6d,38488d48,Piece,1,1,20,28/08/2024,Cash,28/08/2024 20:36:55,
75937747,3a2e4d70,Piece,1,1,20,28/08/2024,Cash,28/08/2024 20:40:05,
def3e972,38488d32,Liter,1,3,168,29/08/2024,Cash,29/08/2024 19:53:49,
c667ddd4,38488d48,KG,1.5,1,110,29/08/2024,Cash,29/08/2024 19:54:02,
4a676663,38488d34,KG,0.25,1,20,29/08/2024,Cash,29/08/2024 19:54:29,
b5be58cf,38488d68,KG,0.5,1,80,29/08/2024,Cash,29/08/2024 19:54:55,
92b18ed0,e015cd8b,KG,0.25,1,50,29/08/2024,Cash,29/08/2024 19:55:29,
1d4642cd,49bab0db,Liter,2,1,50,29/08/2024,Cash,29/08/2024 21:50:55,
1bf73467,38488d32,Liter,1,3,168,30/08/2024,Cash,30/08/2024 09:24:18,
5c4009d9,38488d48,KG,3.5,1,260,30/08/2024,Cash,30/08/2024 09:24:36,
f474ef0b,38488d38,KG,0.6,1,50,30/08/2024,Cash,30/08/2024 09:25:32,
a5693ea1,a31d5abb,KG,0.25,1,100,30/08/2024,Cash,30/08/2024 09:25:49,
e609a53b,38488d37,KG,1.5,1,90,30/08/2024,Cash,30/08/2024 09:26:10,
50f5eccf,38488d34,KG,0.5,1,40,30/08/2024,Cash,30/08/2024 09:27:16,
5e722d03,38488d35,KG,0.5,1,40,30/08/2024,Cash,30/08/2024 09:27:37,
7c188d44,0c53ef5a,KG,0.1,1,20,30/08/2024,Cash,30/08/2024 09:28:03,
304cb72f,c8599a42,Piece,1,1,65,30/08/2024,Cash,30/08/2024 09:28:30,
1bf7954c,e9a8e3b3,Piece,1,1,65,30/08/2024,Cash,30/08/2024 09:29:30,
1fb7f670,7db874e1,Piece,1,4,40,30/08/2024,Cash,30/08/2024 16:46:52,
34cf946c,1870042c,KG,6,1,180,30/08/2024,Cash,30/08/2024 16:47:35,
cff7d2d8,42f6d331,Piece,1,2,400,30/08/2024,Cash,30/08/2024 18:08:51,
686a3f74,f4eeda21,Piece,1,1,10,30/08/2024,Cash,30/08/2024 18:11:24,
4bc87c6c,070c1507,Piece,1,5,60,30/08/2024,Cash,30/08/2024 18:15:45,
58c866df,0601c3cb,Piece,1,2,20,30/08/2024,Cash,30/08/2024 18:17:27,
18a4695c,38488d32,Liter,1,3,168,31/08/2024,Cash,31/08/2024 13:00:46,
15735391,38488d63,KG,2.5,1,75,31/08/2024,Cash,31/08/2024 13:00:59,
c1da94ca,38488d43,KG,1,1,50,31/08/2024,Cash,31/08/2024 20:40:23,
8c8d750f,23b9f5a5,Piece,1,2,20,31/08/2024,Cash,31/08/2024 22:56:03,
188fbd12,38488d32,Liter,1,3,168,01/09/2024,Cash,01/09/2024 12:16:28,
cdaf8447,38488d48,KG,1,2,150,01/09/2024,Cash,01/09/2024 12:17:15,
138cf8eb,38488d35,KG,0.5,1,40,01/09/2024,Cash,01/09/2024 12:17:50,
392591ce,38488d34,KG,1,1,80,01/09/2024,Cash,01/09/2024 12:18:26,
1c9cf8ad,38488d33,KG,1,1,100,01/09/2024,Cash,01/09/2024 12:18:56,
ff3a53ea,38488d40,KG,0.25,1,30,01/09/2024,Cash,01/09/2024 12:19:10,
58bf457b,38488d82,KG,0.25,1,20,01/09/2024,Cash,01/09/2024 12:19:53,
351e1b63,38488d68,KG,0.5,1,70,01/09/2024,Cash,01/09/2024 13:09:57,
26991c84,38488d54,KG,3,1,120,01/09/2024,Cash,01/09/2024 13:12:11,
097f1f99,38488d66,KG,4,2,280,01/09/2024,Cash,01/09/2024 13:37:01,
2cce56d1,38488d50,KG,1,1,60,01/09/2024,Cash,01/09/2024 13:39:08,
228a5970,7110fbe1,Piece,1,2,200,01/09/2024,Cash,01/09/2024 14:41:12,
a45a0eaf,38488d42,Piece,1,2,130,01/09/2024,Cash,01/09/2024 17:32:43,
f6b9ea4e,38488d32,Liter,1,3,168,01/09/2024,Cash,01/09/2024 19:05:29,
0cf514d1,96715a96,KG,0.25,1,40,01/09/2024,Cash,01/09/2024 21:57:20,
1d12b9aa,ce05a0dc,Piece,1,5,50,01/09/2024,Cash,01/09/2024 22:05:41,
a4255fd9,38488d32,Liter,1,3,168,02/09/2024,Cash,02/09/2024 19:22:45,
540cdd82,38488d48,KG,1.5,1,110,02/09/2024,Cash,02/09/2024 19:23:08,
cd1d4bc1,38488d57,KG,4,1,120,02/09/2024,Cash,02/09/2024 19:25:03,
9c0725ee,38488d74,KG,4,1,120,02/09/2024,Cash,02/09/2024 19:26:13,
562d40e9,1870042c,KG,5,1,120,02/09/2024,Cash,02/09/2024 19:26:45,
a4f99fa6,ee4c7cc6,Piece,1,1,70,02/09/2024,Cash,02/09/2024 19:27:14,
00933a75,38488d38,KG,0.6,1,50,02/09/2024,Cash,02/09/2024 21:15:00,
e31edd55,13a4f998,Piece,1,1,150,02/09/2024,Cash,02/09/2024 21:15:32,
e66d23a7,8f2b10eb,Piece,1,1,50,02/09/2024,Cash,02/09/2024 21:17:34,
8d6547c7,38488d32,Liter,1,3,168,03/09/2024,Cash,03/09/2024 13:57:57,
4c8decbb,38488d48,KG,3.5,1,260,03/09/2024,Cash,03/09/2024 13:58:16,
63e027be,38488d36,KG,0.25,1,30,03/09/2024,Cash,03/09/2024 13:59:57,
9bd3d884,38488d82,KG,0.25,1,20,03/09/2024,Cash,03/09/2024 14:00:38,
b7e88c08,38488d38,KG,0.6,1,50,03/09/2024,Cash,03/09/2024 14:02:21,
c761a44b,38488d69,KG,0.25,1,110,03/09/2024,Cash,03/09/2024 20:48:07,
1472d8c5,38488d84,KG,3,1,100,03/09/2024,Cash,03/09/2024 20:49:51,
19cc5c8f,3ed563fc,Piece,1,8,240,03/09/2024,Cash,03/09/2024 21:01:08,
262faf96,bf503910,Piece,1,2,80,03/09/2024,Cash,03/09/2024 21:17:13,
e17dc124,090f0992,KG,0.7,4,240,03/09/2024,Cash,03/09/2024 21:22:26,
a99712da,38488d33,KG,3.5,1,200,03/09/2024,Cash,03/09/2024 21:24:56,
2487cc00,38488d36,KG,1,1,80,03/09/2024,Cash,03/09/2024 21:25:55,
7a48000c,38488d82,KG,1,1,80,03/09/2024,Cash,03/09/2024 21:26:11,
3074d190,7cfdeddd,KG,1,1,140,03/09/2024,Cash,03/09/2024 21:27:09,
1ef20017,a31d5abb,KG,0.5,1,150,03/09/2024,Cash,03/09/2024 21:27:34,
d718795b,b689393c,Piece,1,3,30,03/09/2024,Cash,03/09/2024 21:29:02,
e9124f8d,a31d5abb,KG,1,1,250,03/09/2024,Cash,03/09/2024 22:15:29,
16315039,ee4c7cc6,Piece,1,1,140,03/09/2024,Cash,03/09/2024 22:24:02,
2c15ab35,38488d32,Liter,1,3,168,04/09/2024,Cash,04/09/2024 10:36:34,
1099d7d0,38488d48,KG,4.5,1,335,04/09/2024,Cash,04/09/2024 10:37:11,
7c33c80b,38488d38,KG,0.6,1,50,04/09/2024,Cash,04/09/2024 10:39:03,
2e1a1dc3,0a777579,Piece,1,4,40,04/09/2024,Cash,04/09/2024 10:39:52,
85979a8c,1d9fc2aa,Piece,1,3,30,04/09/2024,Cash,04/09/2024 10:43:52,
d111a888,aadb68ed,Piece,1,1,15,04/09/2024,Cash,04/09/2024 10:45:07,
16eda1bd,72333f40,KG,1,1,160,04/09/2024,Cash,04/09/2024 19:58:47,
5c5a5437,38488d51,KG,1.5,1,420,04/09/2024,Cash,04/09/2024 20:22:38,
8821d461,38488d55,Piece,1,2,20,04/09/2024,Cash,04/09/2024 20:23:13,
eab50caa,38488d34,KG,1,1,100,04/09/2024,Cash,04/09/2024 20:23:33,
63f4583a,5b074625,KG,0.1,1,12,04/09/2024,Cash,04/09/2024 20:23:56,
8759924e,13a4f998,Piece,1,1,150,04/09/2024,Cash,04/09/2024 20:24:41,
83a6e439,38488d32,Liter,1,1,56,04/09/2024,Cash,04/09/2024 21:40:22,
cc955368,910b2e49,Piece,1,2,40,04/09/2024,Cash,04/09/2024 22:15:59,
3c01e69f,38488d68,KG,1,1,140,04/09/2024,Cash,04/09/2024 22:26:08,
be10c631,38488d32,Liter,1,3,168,05/09/2024,Cash,05/09/2024 12:11:53,
da9f33da,38488d48,KG,1.5,1,110,05/09/2024,Cash,05/09/2024 12:12:08,
b62af7d1,3f40d071,Piece,12,8,320,05/09/2024,Cash,05/09/2024 12:12:34,
e861f487,38488d33,KG,1,1,70,05/09/2024,Cash,05/09/2024 12:13:29,
be8acff7,38488d63,KG,2,1,60,05/09/2024,Cash,05/09/2024 20:48:42,
baab3978,52cdaa61,KG,50,1,1480,05/09/2024,Cash,05/09/2024 20:49:08,
a66c0454,38488d48,KG,0.2,1,19,05/09/2024,Cash,05/09/2024 20:53:36,
7a03ea18,38488d32,Liter,1,3,168,06/09/2024,Cash,06/09/2024 14:21:07,
a7895472,38488d48,KG,1.5,1,110,06/09/2024,Cash,06/09/2024 14:21:24,
40ab61d4,38488d68,KG,1,1,140,06/09/2024,Cash,06/09/2024 14:21:47,
6f803314,1870042c,KG,5,1,180,06/09/2024,Cash,06/09/2024 14:22:23,
caa11129,a92f80eb,KG,55,1,1320,06/09/2024,Cash,06/09/2024 14:23:47,
8461b0a5,38488d57,KG,0.25,1,10,06/09/2024,Cash,06/09/2024 14:24:11,
d43bf28c,38488d63,KG,5,1,60,06/09/2024,Cash,06/09/2024 14:24:40,
e7511e56,38488d35,KG,0.5,1,30,06/09/2024,Cash,06/09/2024 14:25:24,
368a78fd,38488d62,KG,1,6,360,06/09/2024,Cash,06/09/2024 19:41:03,
2e8a93ec,2c4d95ef,KG,0.5,1,70,06/09/2024,Cash,06/09/2024 19:45:13,
d9868c4b,2f5f74e8,Piece,1,1,40,06/09/2024,Cash,06/09/2024 19:46:13,
d1959823,ee72568a,Piece,1,3,30,06/09/2024,Cash,06/09/2024 19:46:46,
edfa9546,31170873,Piece,1,1,200,06/09/2024,Cash,06/09/2024 19:52:03,
dd356e61,23b9f5a5,Piece,1,2,20,06/09/2024,Cash,06/09/2024 19:53:26,
7ef593f5,38488d48,KG,0.2,1,19,06/09/2024,Cash,06/09/2024 21:53:33,
877f155c,38488d32,Liter,1,4,224,07/09/2024,Cash,07/09/2024 13:39:03,
9ca2abc3,38488d48,KG,1.5,1,110,07/09/2024,Cash,07/09/2024 13:39:41,
c73b231d,38488d38,KG,0.6,3,150,07/09/2024,Cash,07/09/2024 13:41:20,
d56e0a9f,52cdaa61,KG,8,1,232,07/09/2024,Cash,07/09/2024 19:00:03,
3c947155,38488d39,KG,1.5,1,60,07/09/2024,Cash,07/09/2024 19:03:15,
a250e61c,38488d36,KG,0.25,1,40,07/09/2024,Cash,07/09/2024 19:05:08,
5c948631,38488d48,KG,0.2,1,19,07/09/2024,Cash,07/09/2024 19:06:46,
3354baf6,38488d54,KG,5,1,185,07/09/2024,Cash,07/09/2024 19:08:04,
61467b20,070c1507,Piece,1,5,60,07/09/2024,Cash,07/09/2024 19:09:07,
dbf898d8,38488d48,KG,3,1,220,07/09/2024,Cash,07/09/2024 19:10:00,
55325f39,a208793d,Piece,1,1,20,07/09/2024,Cash,07/09/2024 21:27:04,
260809eb,38488d32,Liter,1,3,168,08/09/2024,Cash,08/09/2024 11:44:19,
90f28346,38488d48,KG,1.5,1,110,08/09/2024,Cash,08/09/2024 11:44:55,
9bf743ec,38488d43,KG,0.5,20,200,08/09/2024,Cash,08/09/2024 11:47:01,
7310a0a6,38488d50,KG,1,1,60,08/09/2024,Cash,08/09/2024 11:50:17,
f9cd5fcb,2bdbfdb6,KG,1.5,1,150,08/09/2024,Cash,08/09/2024 12:05:56,
98975070,2bdbfdb8,KG,1,3,30,08/09/2024,Cash,08/09/2024 12:07:45,
6a623cae,1870042c,KG,3,1,150,08/09/2024,Cash,08/09/2024 12:10:25,
747b8c0b,38488d34,KG,0.25,1,20,08/09/2024,Cash,08/09/2024 18:53:16,
ed337685,38488d37,KG,0.5,1,30,08/09/2024,Cash,08/09/2024 18:53:43,
deecdacc,38488d35,KG,0.25,1,20,08/09/2024,Cash,08/09/2024 18:54:05,
2e5ddbd1,38488d80,KG,1.5,1,60,08/09/2024,Cash,08/09/2024 18:55:01,
8f4922c6,3ed563fc,Liter,5,1,200,08/09/2024,Cash,08/09/2024 20:31:42,
6b07815d,38488d32,Liter,2.5,1,140,08/09/2024,Cash,08/09/2024 20:32:11,
789b1bc3,38488d32,Liter,1,3,168,09/09/2024,Cash,09/09/2024 09:38:43,
0c5a7fed,38488d48,KG,3.5,1,260,09/09/2024,Cash,09/09/2024 09:39:21,
998c5308,38488d34,KG,1,1,90,09/09/2024,Cash,09/09/2024 09:39:55,
ed78041a,38488d57,KG,4,1,140,09/09/2024,Cash,09/09/2024 20:54:33,
26faa1b3,1870042c,KG,5,1,150,09/09/2024,Cash,09/09/2024 20:56:25,
0c0a5340,ee4c7cc6,Piece,1,1,140,09/09/2024,Cash,09/09/2024 20:57:22,
9587436c,38488d75,Piece,1,5,50,09/09/2024,Cash,09/09/2024 21:41:50,
d2dc309a,38488d32,Liter,1,2,112,10/09/2024,Cash,10/09/2024 18:36:17,
5bd52e42,38488d38,KG,0.6,1,50,10/09/2024,Cash,10/09/2024 18:36:41,
2b226dee,38488d36,KG,0.25,1,40,10/09/2024,Cash,10/09/2024 18:37:08,
4466565a,38488d63,KG,3,1,100,10/09/2024,Cash,10/09/2024 18:37:37,
5782353b,38488d82,KG,0.25,1,20,10/09/2024,Cash,10/09/2024 18:38:16,
5e7e0bb2,38488d32,Liter,1,2,112,10/09/2024,Cash,10/09/2024 18:39:26,
7994e0a1,fcd75bd5,Piece,1,2,20,10/09/2024,Cash,10/09/2024 18:39:44,
74861a79,38488d69,KG,0.25,1,110,10/09/2024,Cash,10/09/2024 18:41:29,
0936d468,38488d68,KG,0.5,1,80,10/09/2024,Cash,10/09/2024 19:55:06,
a3e9f7c1,38488d32,KG,0.5,1,28,10/09/2024,Cash,10/09/2024 19:55:32,
7148f878,38488d33,KG,2,1,130,10/09/2024,Cash,10/09/2024 21:33:48,
034322fd,38488d34,KG,0.25,1,30,10/09/2024,Cash,10/09/2024 21:34:09,
3b7dde26,38488d40,KG,1,1,55,10/09/2024,Cash,10/09/2024 21:34:24,
c50d3739,38488d36,KG,2,1,150,10/09/2024,Cash,10/09/2024 21:34:39,
625459d5,a31d5abb,KG,1,1,300,10/09/2024,Cash,10/09/2024 21:35:03,
daff67ab,38488d82,KG,1,1,70,10/09/2024,Cash,10/09/2024 21:35:31,
5b47f425,38488d71,KG,4,1,80,10/09/2024,Cash,10/09/2024 21:36:13,
e8c0f579,38488d84,KG,2,1,60,10/09/2024,Cash,10/09/2024 21:36:44,
300f9ce3,7cfdeddd,KG,1,1,150,10/09/2024,Cash,10/09/2024 21:37:20,
69f9009d,38488d32,Liter,1,3,168,11/09/2024,Cash,11/09/2024 12:14:21,
9fe6c65d,38488d48,KG,2,1,150,11/09/2024,Cash,11/09/2024 12:14:39,
07c32527,38488d38,KG,0.6,1,50,11/09/2024,Cash,11/09/2024 12:15:24,
a0bdfded,070c1507,Piece,1,5,60,11/09/2024,Cash,11/09/2024 21:17:19,
9fda1a54,38488d51,KG,0.75,1,210,11/09/2024,Cash,11/09/2024 22:01:06,
ed040db9,38488d32,Liter,1,3,168,12/09/2024,Cash,12/09/2024 12:46:08,
5a99c3fe,38488d48,KG,5,1,270,12/09/2024,Cash,12/09/2024 12:48:11,
1d28ebe9,38488d75,Piece,1,1,40,12/09/2024,Cash,12/09/2024 12:49:12,
8c5d73fb,38488d47,KG,51,1,2448,12/09/2024,Cash,12/09/2024 12:51:50,
072af007,1870042c,KG,5,1,170,12/09/2024,Cash,12/09/2024 12:53:36,
557c2add,0601c3cb,Piece,1,6,55,12/09/2024,Cash,12/09/2024 18:23:44,
ce40eb4a,38488d32,Liter,1,2,112,13/09/2024,Cash,13/09/2024 11:43:00,
42e7d58d,38488d48,KG,5,1,270,13/09/2024,Cash,13/09/2024 11:43:21,
3a74559f,38488d34,KG,0.2,1,20,13/09/2024,Cash,13/09/2024 11:43:49,
e438adb4,859c1eff,Piece,1,1,20,13/09/2024,Cash,13/09/2024 11:44:38,
1da11a29,72333f40,Piece,1,2,120,13/09/2024,Cash,13/09/2024 17:53:01,
84e5eef2,52cdaa61,KG,0.5,1,35,13/09/2024,Cash,13/09/2024 21:53:06,
3282f509,38488d32,Liter,1,3,168,14/09/2024,Cash,14/09/2024 12:54:57,
65d69d7c,9e6ad656,KG,0.5,1,120,14/09/2024,Cash,14/09/2024 12:55:12,
d13098fd,38488d48,KG,5,1,270,14/09/2024,Cash,14/09/2024 19:17:38,
596d48a4,38488d33,KG,1.8,1,180,14/09/2024,Cash,14/09/2024 19:17:58,
6c34773e,38488d39,KG,1,1,50,14/09/2024,Cash,14/09/2024 19:18:48,
76321a29,1870042c,KG,5,1,170,14/09/2024,Cash,14/09/2024 21:40:57,
8e51a8b3,38488d32,Liter,1,3,168,15/09/2024,Cash,15/09/2024 12:22:32,
4713c221,38488d82,KG,0.5,1,50,15/09/2024,Cash,15/09/2024 12:25:37,
9c66d9d4,2bdbfdb6,KG,1.5,1,150,15/09/2024,Cash,15/09/2024 12:26:13,
04c24e31,2bdbfdb8,Piece,1,3,30,15/09/2024,Cash,15/09/2024 12:27:31,
de85dc2b,38488d50,KG,1,1,100,15/09/2024,Cash,15/09/2024 12:28:07,
ab67068e,38488d78,KG,0.5,1,35,15/09/2024,Cash,15/09/2024 12:28:24,
8c0d4d6c,38488d32,Liter,1,1,56,15/09/2024,Cash,15/09/2024 20:11:58,
2da26ef1,38488d79,Piece,1,12,120,15/09/2024,Cash,15/09/2024 21:17:07,
6ac4e89b,38488d32,Liter,1,3,168,16/09/2024,Cash,16/09/2024 10:18:00,
09ad5cb5,38488d38,KG,0.6,1,50,16/09/2024,Cash,16/09/2024 10:18:14,
fec35b59,2174fb78,KG,1.25,1,100,16/09/2024,Cash,16/09/2024 10:18:35,
ffc8490d,533238d5,KG,2.5,1,120,16/09/2024,Cash,16/09/2024 19:59:10,
b7183b72,38488d59,KG,1,1,160,16/09/2024,Cash,16/09/2024 20:00:04,
5d8fb6f5,38488d60,KG,1,1,160,16/09/2024,Cash,16/09/2024 20:00:22,
0babba6a,38488d32,Liter,1,3,168,17/09/2024,Cash,17/09/2024 10:50:58,
b419791f,38488d48,KG,1.5,1,110,17/09/2024,Cash,17/09/2024 10:51:18,
dbed3c6b,3f40d071,Piece,12,9,360,17/09/2024,Cash,17/09/2024 10:52:01,
513ebc57,38488d66,KG,3,2,210,17/09/2024,Cash,17/09/2024 10:52:40,
4db33383,38488d82,KG,0.5,1,40,17/09/2024,Cash,17/09/2024 10:53:16,
f1fcc008,7cfdeddd,KG,0.25,1,50,17/09/2024,Cash,17/09/2024 10:54:00,
e58cd39b,e9fd60e0,Piece,12,5,400,17/09/2024,Cash,17/09/2024 14:03:19,
f74aa38c,6b5d3659,KG,3,1,1520,17/09/2024,Cash,17/09/2024 14:04:04,
a09f1898,38488d68,KG,5,1,530,17/09/2024,Cash,17/09/2024 18:35:37,
faf6fb25,38488d51,KG,1,1,260,17/09/2024,Cash,17/09/2024 18:37:06,
fb9f65a6,38488d55,Piece,1,2,20,17/09/2024,Cash,17/09/2024 18:39:38,
8864fcf6,38488d71,KG,5,1,100,17/09/2024,Cash,17/09/2024 19:08:37,
d4be60e4,1870042c,KG,2,1,120,17/09/2024,Cash,17/09/2024 19:09:11,
ad3f183e,38488d69,KG,0.25,1,110,17/09/2024,Cash,17/09/2024 19:10:10,
40aada7b,38488d36,KG,1.5,1,110,17/09/2024,Cash,17/09/2024 22:15:59,
a051ae4c,38488d63,KG,2,1,60,17/09/2024,Cash,17/09/2024 22:17:11,
ff19ef92,7cfdeddd,KG,0.8,1,100,17/09/2024,Cash,17/09/2024 22:17:52,
883ff190,38488d82,KG,1,1,80,17/09/2024,Cash,17/09/2024 22:20:38,
ec089725,38488d84,KG,2.5,1,100,17/09/2024,Cash,17/09/2024 22:21:02,
a148d637,38488d78,KG,1,2,90,17/09/2024,Cash,17/09/2024 22:21:38,
6c91431d,070c1507,Piece,1,5,60,17/09/2024,Cash,17/09/2024 22:22:05,
fbb56947,38488d40,KG,1,1,50,17/09/2024,Cash,17/09/2024 22:22:56,
64706ed4,38488d32,Liter,1,3,168,18/09/2024,Cash,18/09/2024 11:16:03,
13c50919,38488d48,KG,5,1,270,18/09/2024,Cash,18/09/2024 11:16:26,
1fa5ade2,1870042c,KG,5,1,250,18/09/2024,Cash,18/09/2024 21:29:45,
7694ccdd,38488d32,Liter,1,2,112,19/09/2024,Cash,19/09/2024 14:22:07,
b6b4a3b6,38488d48,KG,1,1,75,19/09/2024,Cash,19/09/2024 14:22:23,
13f86dbf,38488d38,KG,0.6,1,50,19/09/2024,Cash,19/09/2024 14:22:41,
ae1cc4a2,89e823ea,Piece,1,1,20,19/09/2024,Cash,19/09/2024 14:22:58,
60469b8b,38488d70,Liter,12,12,360,19/09/2024,Cash,19/09/2024 19:32:21,
92c85b9c,38488d34,KG,0.25,1,30,19/09/2024,Cash,19/09/2024 20:05:39,
535f1883,38488d71,KG,1.5,1,45,19/09/2024,Cash,19/09/2024 20:06:00,
4aa4169b,38488d37,KG,0.7,1,40,19/09/2024,Cash,19/09/2024 20:06:42,
2a21ccd9,38488d35,KG,0.25,1,15,19/09/2024,Cash,19/09/2024 20:07:00,
7d669690,38488d84,KG,0.5,1,40,19/09/2024,Cash,19/09/2024 20:07:21,
6bc825ad,074f02cb,Piece,1,2,40,19/09/2024,Cash,19/09/2024 21:17:10,
3c3aefe6,cae57605,Piece,1,2,20,19/09/2024,Cash,19/09/2024 21:18:20,
738a2a9d,38488d32,Liter,1,3,168,20/09/2024,Cash,20/09/2024 09:49:41,
97bf9d50,38488d34,KG,1,1,80,20/09/2024,Cash,20/09/2024 09:50:07,
0a29e5a7,859c1eff,Piece,1,2,20,20/09/2024,Cash,20/09/2024 09:50:33,
716ba235,38488d48,KG,5,1,270,20/09/2024,Cash,20/09/2024 17:59:48,
0217d539,38488d37,KG,1.8,1,90,20/09/2024,Cash,20/09/2024 18:00:19,
f7c419f2,38488d35,KG,0.25,1,15,20/09/2024,Cash,20/09/2024 18:01:06,
653ffeea,1870042c,KG,5,1,240,20/09/2024,Cash,20/09/2024 18:01:31,
3a7d58ba,38488d34,KG,0.25,1,30,20/09/2024,Cash,20/09/2024 18:02:00,
dcd7020f,0c53ef5a,KG,0.25,1,40,20/09/2024,Cash,20/09/2024 18:02:27,
7caa145a,859c1eff,Piece,1,5,50,20/09/2024,Cash,20/09/2024 18:03:06,
004f4b57,aadb68ed,Piece,1,1,45,20/09/2024,Cash,20/09/2024 22:05:46,
3c0a9b18,38488d32,Liter,1,3,168,21/09/2024,Cash,21/09/2024 13:07:21,
0b915a60,38488d34,KG,0.25,1,25,21/09/2024,Cash,21/09/2024 13:10:14,
f66d36b1,38488d57,KG,3,1,165,21/09/2024,Cash,21/09/2024 13:11:46,
d8c5c795,38488d38,KG,0.6,2,100,21/09/2024,Cash,21/09/2024 13:12:16,
58a82fc9,cce54458,KG,0.5,2,160,21/09/2024,Cash,21/09/2024 19:46:39,
bd1764af,38488d42,Piece,1,2,42,21/09/2024,Cash,21/09/2024 21:21:14,
10d57b12,38488d32,Liter,1,3,168,22/09/2024,Cash,22/09/2024 19:01:16,
8695da9b,38488d50,KG,1,1,100,22/09/2024,Cash,22/09/2024 19:02:10,
9eb4745d,2bdbfdb6,KG,1.5,1,150,22/09/2024,Cash,22/09/2024 19:03:13,
bdfa29e8,2bdbfdb8,Piece,1,2,20,22/09/2024,Cash,22/09/2024 19:03:57,
227e81af,6e08e9a1,Piece,1,1,450,22/09/2024,Cash,22/09/2024 19:04:42,
c929dd6e,6e08e9a1,Piece,1,1,100,22/09/2024,Cash,22/09/2024 19:08:52,
6cce760a,1870042c,KG,5,1,240,22/09/2024,Cash,22/09/2024 19:11:49,
1d60604f,38488d79,Piece,1,12,120,22/09/2024,Cash,22/09/2024 19:12:08,
fbaa02d1,1266f89f,Piece,1,1,350,22/09/2024,Cash,22/09/2024 19:15:42,
27b1b4f5,38488d32,KG,0.5,5,140,22/09/2024,Cash,22/09/2024 20:14:39,
607fd0d0,38488d32,Liter,1,3,168,23/09/2024,Cash,23/09/2024 11:00:44,
be414216,38488d68,KG,1,1,140,23/09/2024,Cash,23/09/2024 11:01:11,
7fe5607a,38488d48,KG,5,1,270,23/09/2024,Cash,23/09/2024 11:01:54,
27cc4e47,38488d39,KG,1,1,40,23/09/2024,Cash,23/09/2024 11:02:15,
79b6465c,0a777579,Piece,1,4,20,23/09/2024,Cash,23/09/2024 11:02:32,
9645a982,1d9fc2aa,Piece,1,4,40,23/09/2024,Cash,23/09/2024 11:03:03,
38c6ec07,c39b54f2,KG,0.5,1,60,23/09/2024,Cash,23/09/2024 11:03:34,
5aa894cf,9f37f7c4,KG,1,1,140,23/09/2024,Cash,23/09/2024 20:49:39,
55c9dec9,f4eeda21,Piece,1,1,10,23/09/2024,Cash,23/09/2024 20:51:30,
4ca236bc,38488d32,Liter,1,3,168,24/09/2024,Cash,24/09/2024 11:14:29,
3e439a25,38488d63,KG,2,1,80,24/09/2024,Cash,24/09/2024 11:14:45,
5561d06b,7cfdeddd,KG,0.25,1,50,24/09/2024,Cash,24/09/2024 11:15:07,
48fe9412,38488d66,KG,2.2,1,150,24/09/2024,Cash,24/09/2024 11:15:36,
7e2cdf07,3f40d071,Piece,12,10,400,24/09/2024,Cash,24/09/2024 11:16:07,
8b2763aa,38488d36,KG,0.25,1,20,24/09/2024,Cash,24/09/2024 18:37:23,
b31b9b94,a31d5abb,KG,0.25,1,80,24/09/2024,Cash,24/09/2024 18:37:37,
2af89fec,38488d82,KG,0.25,1,20,24/09/2024,Cash,24/09/2024 18:41:37,
6cc677f4,38488d69,KG,0.25,1,110,24/09/2024,Cash,24/09/2024 19:08:09,
7b26ad64,38488d32,Liter,1,1,56,24/09/2024,Cash,24/09/2024 19:08:30,
f2df7ff5,1870042c,KG,5,1,240,24/09/2024,Cash,24/09/2024 19:10:26,
c1b776e1,38488d36,KG,2,1,80,24/09/2024,Cash,24/09/2024 21:58:37,
b9371b23,a31d5abb,KG,0.5,1,150,24/09/2024,Cash,24/09/2024 21:59:32,
459fc81a,533238d5,KG,3,1,100,24/09/2024,Cash,24/09/2024 22:00:36,
e74711d5,38488d71,KG,5,2,100,24/09/2024,Cash,24/09/2024 22:01:36,
b0cc6513,38488d63,KG,2.5,1,70,24/09/2024,Cash,24/09/2024 22:02:08,
5bd2a44e,38488d82,KG,1,1,60,24/09/2024,Cash,24/09/2024 22:02:37,
fa913c57,38488d32,KG,0.5,1,28,24/09/2024,Cash,24/09/2024 22:05:24,
d33fdd38,a92f80eb,KG,50,1,1300,24/09/2024,Cash,24/09/2024 22:05:40,
2e6545fd,7cfdeddd,KG,1,1,100,24/09/2024,Cash,24/09/2024 22:24:11,
766d033f,38488d32,Liter,0.5,5,140,25/09/2024,Cash,25/09/2024 09:21:22,
92b85a09,38488d48,KG,5,1,270,25/09/2024,Cash,25/09/2024 09:22:05,
53aecd98,38488d38,KG,0.6,1,50,25/09/2024,Cash,25/09/2024 09:22:25,
4d8d2245,e9913fc2,Piece,1,1,120,25/09/2024,Cash,25/09/2024 18:52:02,
d81334a2,4cb0d65e,Piece,1,1,90,25/09/2024,Cash,25/09/2024 18:55:20,
1d4e55e7,0601c3cb,Piece,1,6,55,25/09/2024,Cash,25/09/2024 21:30:22,
e4074330,070c1507,Piece,1,5,60,25/09/2024,Cash,25/09/2024 22:00:18,
ab0e828a,38488d32,Liter,1,3,168,26/09/2024,Cash,26/09/2024 12:09:04,
debcc466,38488d48,KG,5,1,270,26/09/2024,Cash,26/09/2024 12:09:40,
d480f241,38488d47,KG,49.5,1,2510,26/09/2024,Cash,26/09/2024 18:24:01,
a10e3d30,38488d43,KG,1,1,50,26/09/2024,Cash,26/09/2024 18:25:25,
d892a038,38488d32,Liter,1,3,112,27/09/2024,Cash,27/09/2024 17:30:43,
817a50ab,38488d34,KG,0.25,1,30,27/09/2024,Cash,27/09/2024 17:31:20,
5c73aafc,38488d78,KG,1,2,90,27/09/2024,Cash,27/09/2024 17:31:48,
b8c54098,38488d33,KG,2.5,1,200,27/09/2024,Cash,27/09/2024 17:32:43,
8fa3f516,38488d38,KG,0.6,2,100,27/09/2024,Cash,27/09/2024 17:33:11,
23a3f27a,38488d42,Piece,1,2,56,27/09/2024,Cash,27/09/2024 20:01:32,
697c3aee,38488d51,KG,0.75,1,210,27/09/2024,Cash,27/09/2024 21:58:55,
e77b3d3e,38488d32,Liter,1,3,168,28/09/2024,Cash,28/09/2024 10:27:37,
909316db,38488d48,KG,2,1,270,28/09/2024,Cash,28/09/2024 10:27:54,
3d499597,38488d57,KG,3,1,100,28/09/2024,Cash,28/09/2024 10:28:27,
62136124,38488d75,Piece,1,1,50,28/09/2024,Cash,28/09/2024 11:27:03,
94f025b0,1905cc15,Liter,2.5,1,150,28/09/2024,Cash,28/09/2024 18:32:48,
7d68c699,38488d54,KG,3,1,108,28/09/2024,Cash,28/09/2024 21:50:31,
a7bcf0bb,38488d32,Liter,1,3,168,29/09/2024,Cash,29/09/2024 12:30:02,
95c8a7f1,2bdbfdb6,KG,1.5,1,150,29/09/2024,Cash,29/09/2024 12:30:22,
0f707f9e,2bdbfdb8,Piece,1,2,20,29/09/2024,Cash,29/09/2024 12:32:05,
46469858,38488d80,KG,1,1,60,29/09/2024,Cash,29/09/2024 12:33:07,
a24e087d,38488d37,KG,0.5,1,30,29/09/2024,Cash,29/09/2024 12:33:38,
50f11cfd,38488d34,KG,0.25,1,30,29/09/2024,Cash,29/09/2024 12:34:37,
38c1268a,38488d35,KG,0.25,1,20,29/09/2024,Cash,29/09/2024 12:35:11,
cc9b6c47,38488d32,Liter,0.5,5,140,29/09/2024,Cash,29/09/2024 21:11:52,
baae8367,38488d50,KG,1,1,100,29/09/2024,Cash,29/09/2024 21:29:27,
37f6cf70,1870042c,KG,5,1,250,29/09/2024,Cash,29/09/2024 21:46:49,
b8c938d3,38488d32,Liter,1,3,168,30/09/2024,Cash,30/09/2024 09:29:29,
9ccd7fc8,38488d84,KG,1.5,1,90,30/09/2024,Cash,30/09/2024 09:29:45,
6836e15b,38488d38,KG,0.6,1,50,30/09/2024,Cash,30/09/2024 09:30:21,
836f9998,1a4280e2,KG,2,1,300,30/09/2024,Cash,30/09/2024 18:34:27,
4d751fae,18374158,Piece,1,2,300,30/09/2024,Cash,30/09/2024 18:36:56,
bbc8d33e,8fece4e2,Piece,1,2,80,30/09/2024,Cash,30/09/2024 18:38:24,
f2a11afb,38488d63,KG,2,1,80,30/09/2024,Cash,30/09/2024 18:44:08,
2649df30,38488d35,KG,0.5,1,30,30/09/2024,Cash,30/09/2024 18:44:54,
aa6c4693,38488d57,KG,0.25,1,10,30/09/2024,Cash,30/09/2024 18:45:18,
56c6f67c,2c4d95ef,KG,0.5,1,70,30/09/2024,Cash,30/09/2024 19:27:30,
52e3e52c,38488d62,KG,6,1,360,30/09/2024,Cash,30/09/2024 19:32:25,
02f7963a,2f5f74e8,Piece,1,1,45,30/09/2024,Cash,30/09/2024 19:33:22,
94303215,38488d68,KG,1,1,140,30/09/2024,Cash,30/09/2024 19:34:09,
978f5572,ce05468e,Piece,1,1,20,30/09/2024,Cash,30/09/2024 19:38:07,
6ad3136f,8b22178e,KG,1,1,140,30/09/2024,Cash,30/09/2024 19:38:55,
386642f4,ee72568a,Piece,1,1,55,30/09/2024,Cash,30/09/2024 19:46:33,
ad49770a,9e6ad656,KG,0.5,1,120,30/09/2024,Cash,30/09/2024 19:48:06,
cadfb6c0,38488d46,Liter,0.5,1,40,30/09/2024,Cash,30/09/2024 21:20:31,
635d1f09,070c1507,Piece,1,5,60,30/09/2024,Cash,30/09/2024 21:28:29,
fbd1149b,38488d32,Liter,1,3,168,01/10/2024,Cash,01/10/2024 09:34:35,
58fbfd7b,38488d48,KG,5,1,270,01/10/2024,Cash,01/10/2024 09:35:48,
ee4d33c6,38488d82,KG,0.25,1,30,01/10/2024,Cash,01/10/2024 09:37:18,
00460a0e,f0b3998d,Piece,1,1,50,01/10/2024,Cash,01/10/2024 16:40:18,
d2578d91,38488d32,Liter,0.5,4,116,01/10/2024,Cash,01/10/2024 18:54:36,
c00798dd,bf503910,Piece,1,2,80,01/10/2024,Cash,01/10/2024 18:55:14,
4bd52445,090f0992,KG,0.75,3,210,01/10/2024,Cash,01/10/2024 21:16:52,
9e19e346,38488d78,KG,1,2,100,01/10/2024,Cash,01/10/2024 21:17:52,
67b3aa58,38488d69,KG,0.25,1,110,01/10/2024,Cash,01/10/2024 21:18:17,
5c4c6ca3,38488d36,KG,1,1,70,01/10/2024,Cash,01/10/2024 23:13:02,
31fdc7a3,38488d82,KG,1,1,80,01/10/2024,Cash,01/10/2024 23:13:48,
20dda587,a31d5abb,KG,0.5,1,140,01/10/2024,Cash,01/10/2024 23:15:39,
87ca0e2e,7cfdeddd,KG,1,1,120,01/10/2024,Cash,01/10/2024 23:17:14,
605d94b4,38488d71,KG,4.5,1,100,01/10/2024,Cash,01/10/2024 23:17:43,
150c67bc,38488d84,KG,2.5,1,100,01/10/2024,Cash,01/10/2024 23:18:54,
0b83351c,38488d40,KG,1,1,50,01/10/2024,Cash,01/10/2024 23:19:33,
e159f51a,38488d32,Liter,1,3,168,02/10/2024,Cash,02/10/2024 18:55:53,
8e8d008a,38488d38,KG,0.6,1,50,02/10/2024,Cash,02/10/2024 18:56:31,
bca8ce0e,524a0b85,Piece,12,1,100,01/10/2024,Cash,02/10/2024 18:58:58,
04b5e118,38488d48,KG,0.5,1,35,02/10/2024,Cash,02/10/2024 19:16:04,
5adfb071,38488d75,Piece,1,1,40,02/10/2024,Cash,02/10/2024 19:17:02,
902d9289,38488d70,Piece,12,10,400,02/10/2024,Cash,02/10/2024 19:23:15,
3bc4757f,38488d37,KG,0.9,1,40,02/10/2024,Cash,02/10/2024 19:24:31,
bd27ac4a,38488d34,KG,0.25,1,30,02/10/2024,Cash,02/10/2024 19:24:50,
9a72387a,38488d35,KG,0.25,1,10,02/10/2024,Cash,02/10/2024 19:25:06,
49611d96,38488d46,Piece,1,1,20,02/10/2024,Cash,02/10/2024 19:25:24,
a4983097,ed69c25d,Piece,1,2,60,02/10/2024,Cash,02/10/2024 19:25:55,
e9fd66e5,13a4f998,Piece,1,1,150,02/10/2024,Cash,02/10/2024 19:26:37,
5f3f66ac,1266f89f,Piece,1,1,50,02/10/2024,Cash,02/10/2024 19:27:59,
4b4b6790,cae57605,Piece,1,2,20,02/10/2024,Cash,02/10/2024 19:31:00,
dfec7dd7,38488d38,KG,0.4,1,50,02/10/2024,Cash,02/10/2024 19:43:41,
3989e40b,38488d48,KG,0.2,1,19,02/10/2024,Cash,02/10/2024 19:44:05,
4ec3ff86,38488d84,KG,0.3,1,30,02/10/2024,Cash,02/10/2024 20:43:28,
af6e6fbd,38488d32,Liter,1,3,168,03/10/2024,Cash,03/10/2024 11:46:03,
113ec0ca,38488d48,KG,5,1,270,03/10/2024,Cash,03/10/2024 11:47:13,
02fc1584,38488d75,Piece,1,6,380,03/10/2024,Cash,03/10/2024 11:49:01,
34a244a7,52cdaa61,KG,50,1,1580,03/10/2024,Cash,03/10/2024 11:54:41,
b775a7c6,38488d51,KG,1.5,1,420,03/10/2024,Cash,03/10/2024 18:59:33,
d5daec48,38488d32,Liter,1,3,168,03/10/2024,Cash,03/10/2024 19:03:03,
bfdf32d9,e091ecdf,Piece,1,1,250,03/10/2024,Cash,03/10/2024 19:05:12,
0579cbd3,30b20781,Piece,1,4,1120,03/10/2024,Cash,03/10/2024 19:09:02,
24a9d4cd,db6e2124,Piece,1,2,240,03/10/2024,Cash,03/10/2024 19:12:42,
5e20dc4f,3f5a9999,KG,5,1,295,03/10/2024,Cash,03/10/2024 19:18:56,
870021f0,38488d55,Piece,1,2,20,03/10/2024,Cash,03/10/2024 19:20:04,
6cd04c35,38488d32,Liter,1,3,168,04/10/2024,Cash,04/10/2024 11:58:42,
74485027,38488d48,KG,5,1,270,04/10/2024,Cash,04/10/2024 12:02:05,
2505ac29,52cdaa61,KG,6,2,238,04/10/2024,Cash,04/10/2024 13:44:17,
dd4a8614,38488d33,KG,2,1,150,04/10/2024,Cash,04/10/2024 18:29:29,
77298b9d,38488d43,KG,1,1,50,05/10/2024,Cash,05/10/2024 12:01:02,
dee835a3,38488d32,Liter,1,1,56,05/10/2024,Cash,05/10/2024 16:13:04,
db664396,e73a4f6b,Piece,1,2,20,05/10/2024,Cash,05/10/2024 21:26:00,
467fa6d8,910b2e49,Piece,1,2,40,05/10/2024,Cash,05/10/2024 21:26:24,
d4eb91a9,38488d32,Liter,1,3,168,06/10/2024,Cash,06/10/2024 13:54:49,
900fc541,38488d43,KG,0.5,15,150,06/10/2024,Cash,06/10/2024 13:55:11,
18a1b95d,38488d50,KG,1.25,1,70,06/10/2024,Cash,06/10/2024 13:56:01,
5120ea44,1870042c,KG,0.5,1,40,06/10/2024,Cash,06/10/2024 13:57:34,
c2c21edf,38488d34,Liter,0.2,1,20,06/10/2024,Cash,06/10/2024 14:00:21,
64b8a20b,38488d37,KG,0.6,1,30,06/10/2024,Cash,06/10/2024 14:01:14,
9e4dc68c,38488d35,KG,0.25,1,10,06/10/2024,Cash,06/10/2024 14:01:33,
57533011,2bdbfdb6,KG,1.5,1,150,06/10/2024,Cash,06/10/2024 14:02:39,
ab7bbd93,2bdbfdb8,Piece,1,2,20,06/10/2024,Cash,06/10/2024 14:06:25,
8aedafad,38488d80,KG,1,1,60,06/10/2024,Cash,06/10/2024 21:47:28,
e3b2f7e2,38488d32,Liter,1,3,168,07/10/2024,Cash,07/10/2024 08:52:24,
05c9286b,38488d57,KG,3,1,120,07/10/2024,Cash,07/10/2024 08:53:44,
1781c2ea,1870042c,KG,10,2,550,07/10/2024,Cash,07/10/2024 18:49:57,
0eb959aa,38488d32,Liter,1,3,168,08/10/2024,Cash,08/10/2024 10:46:41,
0201312e,38488d34,KG,0.25,1,30,08/10/2024,Cash,08/10/2024 10:47:12,
b1e10fc0,38488d36,KG,0.25,1,30,08/10/2024,Cash,08/10/2024 10:48:09,
42fedddd,38488d82,KG,0.25,1,20,08/10/2024,Cash,08/10/2024 10:48:26,
12806cde,7cfdeddd,KG,0.25,1,40,08/10/2024,Cash,08/10/2024 10:49:04,
30bdde3d,3f40d071,Piece,12,8,320,08/10/2024,Cash,08/10/2024 10:49:34,
b368164c,38488d48,KG,0.5,1,35,08/10/2024,Cash,08/10/2024 10:50:07,
38b6815e,38488d36,KG,1.5,1,100,08/10/2024,Cash,08/10/2024 21:27:27,
88cda55f,a31d5abb,Liter,0.5,1,140,08/10/2024,Cash,08/10/2024 21:27:52,
f6fdcffb,7cfdeddd,KG,1,1,80,08/10/2024,Cash,08/10/2024 21:28:32,
325eefdf,7211596c,Piece,12,1,100,08/10/2024,Cash,08/10/2024 21:28:57,
cd41f5e2,38488d69,KG,0.25,1,110,08/10/2024,Cash,08/10/2024 21:30:02,
3df6ce28,2f5f74e8,Piece,1,1,50,08/10/2024,Cash,08/10/2024 21:30:30,
ebd89ac5,38488d63,KG,2,1,60,08/10/2024,Cash,08/10/2024 22:02:47,
d513faf1,e9fd60e0,KG,3.5,1,100,08/10/2024,Cash,08/10/2024 22:24:14,
8d50b527,38488d33,KG,3,1,180,08/10/2024,Cash,08/10/2024 22:24:54,
1b2484a7,38488d72,KG,1,1,100,08/10/2024,Cash,08/10/2024 22:26:44,
4be25e55,38488d82,KG,1,1,100,08/10/2024,Cash,08/10/2024 22:27:10,
3a500847,38488d71,KG,4.5,1,90,08/10/2024,Cash,08/10/2024 22:37:38,
4627eab2,38488d84,KG,2.5,1,70,08/10/2024,Cash,08/10/2024 22:38:16,
a95629d5,38488d32,Liter,1,3,168,09/10/2024,Cash,09/10/2024 11:08:50,
e6010f05,38488d48,KG,5,1,270,09/10/2024,Cash,09/10/2024 11:09:15,
ff31f58f,38488d38,Liter,0.6,1,50,09/10/2024,Cash,09/10/2024 17:10:48,
bff1df48,38488d32,Liter,1,3,168,10/10/2024,Cash,10/10/2024 09:20:52,
f78df6f6,aadb68ed,Piece,1,1,42,10/10/2024,Cash,10/10/2024 09:21:26,
2ed9addb,35cf7f7d,Piece,1,1,250,10/10/2024,Cash,10/10/2024 19:19:37,
0df56660,38488d68,KG,5,1,550,10/10/2024,Cash,10/10/2024 21:15:49,
515f1d32,38488d51,KG,1.5,1,420,10/10/2024,Cash,10/10/2024 21:16:28,
76bc99cc,38488d55,Piece,1,2,20,10/10/2024,Cash,10/10/2024 21:17:31,
2f772632,69950bff,Piece,1,18,120,10/10/2024,Cash,10/10/2024 21:55:47,
b841d7ba,38488d32,Liter,1,1,56,10/10/2024,Cash,10/10/2024 22:01:28,
4bbeb355,38488d32,Liter,1,3,168,11/10/2024,Cash,11/10/2024 17:21:55,
6cd20945,38488d37,KG,1.5,1,105,11/10/2024,Cash,11/10/2024 17:23:33,
dc5f9449,38488d34,KG,0.25,1,30,11/10/2024,Cash,11/10/2024 17:23:53,
e68d0b7e,38488d35,KG,0.25,1,20,11/10/2024,Cash,11/10/2024 17:24:14,
5da031f0,38488d68,Liter,1,1,140,11/10/2024,Cash,11/10/2024 17:24:30,
91f8ba90,0c53ef5a,KG,0.15,1,20,11/10/2024,Cash,11/10/2024 17:24:58,
67bd8703,38488d51,KG,1.5,1,420,11/10/2024,Cash,11/10/2024 18:29:52,
1a29644e,38488d55,Piece,1,2,20,11/10/2024,Cash,11/10/2024 18:35:49,
3bf1dcb7,38488d32,Liter,1,1,56,11/10/2024,Cash,11/10/2024 18:36:13,
e7de0ee9,2f5f74e8,Liter,1,1,50,11/10/2024,Cash,11/10/2024 18:36:35,
48f4c331,1870042c,KG,5,1,250,11/10/2024,Cash,11/10/2024 18:51:07,
98629af5,910b2e49,Piece,1,4,80,11/10/2024,Cash,11/10/2024 20:05:21,
da2d4bc4,38488d32,Liter,1,3,168,12/10/2024,Cash,12/10/2024 17:22:04,
2c6a5475,38488d34,KG,0.75,1,80,12/10/2024,Cash,12/10/2024 17:22:36,
a30c7e78,38488d35,KG,0.5,1,30,12/10/2024,Cash,12/10/2024 17:23:23,
cb248b5a,38488d40,KG,0.2,1,20,12/10/2024,Cash,12/10/2024 17:23:46,
b8692f8a,38488d39,KG,0.5,1,20,12/10/2024,Cash,12/10/2024 17:55:43,
305d27c2,38488d51,KG,0.5,1,140,12/10/2024,Cash,12/10/2024 17:56:10,
17647ef3,38488d78,KG,1,2,90,12/10/2024,Cash,12/10/2024 18:00:02,
91e96e65,070c1507,Piece,1,5,60,12/10/2024,Cash,12/10/2024 18:00:28,
3e0ccf13,fbea4932,Piece,1,1,300,12/10/2024,Cash,12/10/2024 18:03:16,
d51591b6,38488d79,Piece,1,15,150,12/10/2024,Cash,12/10/2024 19:50:37,
5cc72dc8,38488d42,Piece,1,1,28,12/10/2024,Cash,12/10/2024 22:15:22,
84c9440a,38488d55,Piece,1,2,20,12/10/2024,Cash,12/10/2024 22:26:53,
5a69878f,38488d32,Liter,1,2,112,13/10/2024,Cash,13/10/2024 18:38:11,
5c68909c,1870042c,KG,5,1,300,13/10/2024,Cash,13/10/2024 18:38:42,
46b52678,38488d79,Piece,1,10,100,13/10/2024,Cash,13/10/2024 18:41:40,
80290b6a,38488d32,Liter,1,2,112,13/10/2024,Cash,13/10/2024 18:42:08,
ba3e72df,38488d32,Liter,1,3,168,14/10/2024,Cash,14/10/2024 10:39:45,
7300282b,38488d48,KG,5,1,270,14/10/2024,Cash,14/10/2024 10:40:28,
f5b09e6a,38488d38,KG,0.6,1,50,14/10/2024,Cash,14/10/2024 10:41:08,
02f6bea3,38488d34,KG,0.15,1,10,14/10/2024,Cash,14/10/2024 10:42:04,
bf3fe908,38488d50,Liter,1.25,1,50,14/10/2024,Cash,14/10/2024 10:42:25,
69bd3f06,38488d57,KG,3,1,100,14/10/2024,Cash,14/10/2024 10:43:04,
2f37458a,38488d47,KG,2,1,120,14/10/2024,Cash,14/10/2024 19:22:58,
f7ecb20a,38488d59,KG,1,1,160,14/10/2024,Cash,14/10/2024 21:58:32,
6e344cf9,38488d60,KG,1,1,160,14/10/2024,Cash,14/10/2024 21:59:08,
04f94585,38488d32,Liter,1,2,112,15/10/2024,Cash,15/10/2024 13:40:37,
e01affae,38488d47,KG,1,1,60,15/10/2024,Cash,15/10/2024 13:40:52,
0aeaeeec,38488d47,KG,46,1,2160,15/10/2024,Cash,15/10/2024 13:41:34,
9ed4c504,38488d69,KG,0.25,1,110,15/10/2024,Cash,15/10/2024 21:07:02,
da5d7f01,2f5f74e8,Piece,1,1,50,15/10/2024,Cash,15/10/2024 21:07:21,
6d7f9bff,38488d33,KG,3.5,1,200,15/10/2024,Cash,15/10/2024 21:11:57,
6dccd21f,38488d82,KG,1,1,120,15/10/2024,Cash,15/10/2024 21:13:09,
6304693e,38488d36,KG,1.5,1,120,15/10/2024,Cash,15/10/2024 21:14:27,
8ca8f89f,7cfdeddd,KG,1,1,100,15/10/2024,Cash,15/10/2024 21:15:01,
98e30adb,38488d72,KG,1,1,80,15/10/2024,Cash,15/10/2024 21:22:22,
f462f6b4,38488d32,Liter,1,1,56,15/10/2024,Cash,15/10/2024 21:23:12,
6edfb1c6,66645b81,KG,3,1,100,15/10/2024,Cash,15/10/2024 21:51:42,
6d42c2ce,38488d84,KG,2,1,60,15/10/2024,Cash,15/10/2024 21:56:29,
5012dced,38488d77,Piece,1,4,160,15/10/2024,Cash,15/10/2024 21:58:40,
f0833b66,38488d32,Liter,1,3,168,16/10/2024,Cash,16/10/2024 18:53:55,
c655b8cd,38488d34,KG,0.25,1,40,16/10/2024,Cash,16/10/2024 19:39:44,
5d67ff7f,38488d35,KG,0.25,1,20,16/10/2024,Cash,16/10/2024 19:40:45,
b71a453a,38488d37,KG,0.5,1,50,16/10/2024,Cash,16/10/2024 19:42:34,
2fab5245,38488d84,KG,0.25,1,20,16/10/2024,Cash,16/10/2024 19:43:03,
bd0db36e,38488d70,Piece,12,6,240,16/10/2024,Cash,16/10/2024 19:43:59,
507de4c7,cae57605,Piece,1,2,20,16/10/2024,Cash,16/10/2024 21:41:56,
c44c550d,38488d32,Liter,1,3,168,17/10/2024,Cash,17/10/2024 09:58:59,
7339cfa3,1870042c,KG,0.5,1,40,17/10/2024,Cash,17/10/2024 09:59:45,
edc9dc21,89e823ea,Piece,1,4,80,17/10/2024,Cash,17/10/2024 10:00:05,
a5d28bbe,a92f80eb,KG,50,1,1200,17/10/2024,Cash,17/10/2024 10:37:09,
638b015f,1870042c,KG,5,1,250,17/10/2024,Cash,17/10/2024 10:37:28,
f7b9e90e,c8847587,Piece,1,1,200,17/10/2024,Cash,17/10/2024 18:10:10,
33d58ed6,689b748c,Piece,1,1,250,17/10/2024,Cash,17/10/2024 18:21:30,
4f3ee481,f4eeda21,Piece,1,2,40,17/10/2024,Cash,17/10/2024 18:24:37,
ed2050fc,38488d51,KG,1.5,1,420,17/10/2024,Cash,17/10/2024 18:46:00,
9b0d5a03,38488d55,Piece,1,2,20,17/10/2024,Cash,17/10/2024 18:48:40,
1e0f5e96,38488d32,Liter,1.5,3,84,17/10/2024,Cash,17/10/2024 18:54:20,
785c4897,38488d32,Liter,1,3,168,18/10/2024,Cash,18/10/2024 16:56:44,
3c649123,38488d48,KG,1.5,1,110,18/10/2024,Cash,18/10/2024 16:57:07,
244b63d3,0601c3cb,Piece,1,2,20,18/10/2024,Cash,18/10/2024 16:57:39,
7882bb14,38488d63,KG,2.5,1,100,18/10/2024,Cash,18/10/2024 17:58:34,
5ca08e06,38488d32,Liter,1,3,168,19/10/2024,Cash,19/10/2024 07:54:08,
ff8833ea,38488d72,KG,0.5,1,60,19/10/2024,Cash,19/10/2024 07:54:24,
6c4a85ef,a31d5abb,KG,0.25,1,100,19/10/2024,Cash,19/10/2024 07:55:30,
47d2911f,38488d38,KG,0.6,2,100,19/10/2024,Cash,19/10/2024 10:27:10,
a4a05313,38488d38,KG,0.6,1,55,19/10/2024,Cash,19/10/2024 10:28:01,
64400f5a,557cb1a3,Piece,1,3,60,19/10/2024,Cash,19/10/2024 20:23:02,
f936d3ca,38488d57,KG,3.5,1,140,19/10/2024,Cash,19/10/2024 20:30:07,
392e13a8,38488d84,Liter,3,1,120,19/10/2024,Cash,19/10/2024 20:31:14,
d4beb48a,070c1507,,1,12,120,19/10/2024,Cash,19/10/2024 20:32:28,
35faeaa1,38488d32,Liter,1,3,168,20/10/2024,Cash,20/10/2024 12:22:15,
e9159008,1870042c,KG,1.5,1,100,20/10/2024,Cash,20/10/2024 12:22:32,
8ca8eb4d,38488d50,KG,1,1,40,20/10/2024,Cash,20/10/2024 12:23:50,
b010391e,38488d72,KG,0.4,1,40,20/10/2024,Cash,20/10/2024 12:24:03,
98f76fe1,1870042c,KG,5,1,300,20/10/2024,Cash,20/10/2024 21:44:33,
857e21d9,38488d32,KG,1.5,3,84,20/10/2024,Cash,20/10/2024 21:52:21,
cd71db80,a8c7009f,Piece,1,1,1500,20/10/2024,Cash,20/10/2024 22:05:11,
ed04c75e,38488d32,Liter,1,3,168,21/10/2024,Cash,21/10/2024 10:04:10,
69b8a166,38488d63,KG,2,1,70,21/10/2024,Cash,21/10/2024 12:58:59,
babbd780,9130d9d3,Piece,1,1,90,21/10/2024,Cash,21/10/2024 17:52:59,
58a18b73,a92f80eb,KG,3,1,100,21/10/2024,Cash,21/10/2024 17:55:16,
f291f534,e015cd8b,KG,0.25,1,50,21/10/2024,Cash,21/10/2024 18:13:08,
28b68f14,38488d32,Liter,1,2,112,22/10/2024,Cash,22/10/2024 10:03:33,
83239828,38488d48,KG,1,1,75,22/10/2024,Cash,22/10/2024 10:04:02,
e4b32150,38488d34,KG,0.15,1,20,22/10/2024,Cash,22/10/2024 10:04:27,
8a96c86f,38488d82,KG,0.25,1,30,22/10/2024,Cash,22/10/2024 10:05:07,
8b4f7fb5,38488d38,KG,0.6,1,55,22/10/2024,Cash,22/10/2024 10:05:38,
5c59e797,0c53ef5a,KG,1,1,60,22/10/2024,Cash,22/10/2024 10:06:39,
c1d8903d,38488d69,KG,0.25,1,110,22/10/2024,Cash,22/10/2024 18:11:22,
97f769fb,38488d33,KG,2,1,120,22/10/2024,Cash,22/10/2024 18:14:28,
e2e1b035,38488d35,KG,0.5,1,30,22/10/2024,Cash,22/10/2024 18:15:01,
a67d0289,38488d40,KG,0.25,1,30,22/10/2024,Cash,22/10/2024 18:15:19,
48fefcef,38488d34,KG,0.5,1,80,22/10/2024,Cash,22/10/2024 18:15:44,
40430a5c,38488d33,KG,2.5,1,150,22/10/2024,Cash,22/10/2024 21:56:56,
886baad7,5040fe86,KG,3,1,90,22/10/2024,Cash,22/10/2024 22:00:33,
6d468d0b,1905cc15,KG,1.8,1,150,22/10/2024,Cash,22/10/2024 22:02:18,
fbacddcb,38488d72,KG,1,1,80,22/10/2024,Cash,22/10/2024 22:05:00,
a2b445a5,818ce46b,KG,1,1,60,22/10/2024,Cash,22/10/2024 22:05:47,
7b819849,38488d36,KG,1,1,80,22/10/2024,Cash,22/10/2024 22:06:28,
e9bae7b7,38488d82,KG,1,1,100,22/10/2024,Cash,22/10/2024 22:06:45,
c037f0e8,38488d78,KG,1,2,90,23/10/2024,Cash,23/10/2024 21:44:58,
f2b1e7d8,0601c3cb,Piece,1,2,20,23/10/2024,Cash,23/10/2024 21:45:45,
2413b978,38488d32,Liter,1,3,168,24/10/2024,Cash,24/10/2024 15:39:44,
7a7a6dfc,38488d43,KG,1,1,50,24/10/2024,Cash,24/10/2024 15:40:15,
f3ce0f0f,38488d84,KG,3,1,100,24/10/2024,Cash,24/10/2024 18:59:07,
e4d3f92a,f4eeda21,Piece,1,1,10,24/10/2024,Cash,24/10/2024 21:04:00,
47c78169,7836518d,Piece,1,1,10,24/10/2024,Cash,24/10/2024 21:06:51,
99c92554,070c1507,Piece,1,9,110,24/10/2024,Cash,24/10/2024 21:37:08,
0725ad1d,38488d36,Liter,1,2,112,25/10/2024,Cash,25/10/2024 19:08:41,
dee14615,38488d50,KG,1.5,1,50,25/10/2024,Cash,25/10/2024 19:09:32,
f8801d59,38488d72,KG,0.5,1,50,25/10/2024,Cash,25/10/2024 19:10:37,
586ec972,a31d5abb,KG,0.25,1,100,25/10/2024,Cash,25/10/2024 21:30:48,
1368dcc3,df878bc5,KG,1.5,1,120,25/10/2024,Cash,25/10/2024 21:36:15,
8b8ba64d,1870042c,KG,5,1,300,25/10/2024,Cash,25/10/2024 21:59:51,
c8510673,38488d32,Liter,1,2,112,26/10/2024,Cash,26/10/2024 16:13:00,
605d23ff,38488d34,KG,0.15,1,20,26/10/2024,Cash,26/10/2024 16:13:33,
15bae52c,7cfdeddd,KG,0.25,1,40,26/10/2024,Cash,26/10/2024 16:14:08,
1dd005bb,3f40d071,Piece,12,7,280,26/10/2024,Cash,26/10/2024 16:44:40,
56b6fab5,c8c75f8b,Piece,1,3,140,26/10/2024,Cash,26/10/2024 16:51:36,
95609a4f,3f5a9999,Liter,5,1,290,26/10/2024,Cash,26/10/2024 17:21:11,
98ba17cb,38488d33,KG,2,1,130,26/10/2024,Cash,26/10/2024 17:47:06,
9e6f892c,3239911a,KG,1,1,160,26/10/2024,Cash,26/10/2024 21:54:38,
17162e2b,38488d32,Liter,1,2,112,27/10/2024,Cash,27/10/2024 11:48:12,
57a42461,38488d34,KG,0.5,1,50,27/10/2024,Cash,27/10/2024 11:48:53,
f7b4eac3,38488d51,KG,1,1,280,27/10/2024,Cash,27/10/2024 11:50:01,
63ad0b50,38488d55,Piece,1,2,20,27/10/2024,Cash,27/10/2024 22:12:49,
c58eea10,38488d79,Piece,1,8,80,27/10/2024,Cash,27/10/2024 22:13:21,
e0923243,38488d78,KG,1,2,90,27/10/2024,Cash,27/10/2024 22:22:14,
eeae27dd,38488d48,KG,0.2,1,19,27/10/2024,Cash,27/10/2024 23:10:28,
b1679132,38488d32,Liter,1,1,56,28/10/2024,Cash,28/10/2024 14:18:44,
00d823fa,38488d84,KG,1,1,40,28/10/2024,Cash,28/10/2024 14:20:05,
3655b362,38488d71,KG,3.25,1,130,28/10/2024,Cash,28/10/2024 18:48:46,
44498a04,1870042c,KG,5,1,200,28/10/2024,Cash,28/10/2024 20:51:28,
d576ac42,38488d32,Liter,1,1,56,29/10/2024,Cash,29/10/2024 21:25:54,
888609c6,38488d72,KG,0.5,1,50,29/10/2024,Cash,29/10/2024 21:26:55,
04dc9bc9,38488d82,KG,0.25,1,30,29/10/2024,Cash,29/10/2024 21:30:59,
bde470c2,38488d37,KG,0.9,1,80,29/10/2024,Cash,29/10/2024 23:06:19,
7cf550c1,38488d34,KG,0.25,1,30,29/10/2024,Cash,29/10/2024 23:07:08,
a72c213d,38488d35,KG,0.25,1,20,29/10/2024,Cash,29/10/2024 23:08:23,
fe921b10,0c53ef5a,KG,1,1,10,29/10/2024,Cash,29/10/2024 23:08:45,
7cfebf0a,0d604b3e,KG,0.5,1,100,29/10/2024,Cash,29/10/2024 23:10:12,
fb6a6def,c8599a42,Piece,1,1,55,29/10/2024,Cash,29/10/2024 23:16:11,
c16f0dbb,38488d82,KG,0.5,1,50,29/10/2024,Cash,29/10/2024 23:17:32,
70960d45,7836518d,Piece,1,1,20,29/10/2024,Cash,29/10/2024 23:26:24,
e4abb3e9,38488d32,Liter,0.5,1,28,30/10/2024,Cash,30/10/2024 10:43:14,
2f8d7f1f,38488d48,KG,0.2,2,38,30/10/2024,Cash,30/10/2024 10:44:36,
3aa0bce4,608e4a15,Piece,1,1,600,30/10/2024,Cash,30/10/2024 19:49:57,
138d2776,38488d32,Liter,1,1,56,31/10/2024,Cash,31/10/2024 14:59:01,
d895c669,38488d62,KG,1,5,300,14/11/2024,Cash,14/11/2024 19:41:16,
ee871319,2f5f74e8,Piece,1,1,40,14/11/2024,Cash,14/11/2024 19:41:52,
95830c42,ee72568a,Piece,1,1,50,14/11/2024,Cash,14/11/2024 19:42:34,
4e6c9b25,38488d35,KG,0.308,1,20,14/11/2024,Cash,14/11/2024 19:43:38,
36af825a,38488d57,KG,0.25,1,20,14/11/2024,Cash,14/11/2024 19:44:03,
4f657ab1,38488d63,KG,1.5,1,70,14/11/2024,Cash,14/11/2024 19:44:27,
d36e3f69,38488d68,KG,0.5,2,140,14/11/2024,Cash,14/11/2024 19:45:08,
22a67ce8,5d1b38c3,KG,2,1,330,14/11/2024,Cash,14/11/2024 19:54:44,
1b1ec3c9,7836518d,Piece,1,1,20,14/11/2024,Cash,14/11/2024 20:04:53,
5c171756,f4eeda21,Piece,1,0,20,14/11/2024,Cash,14/11/2024 20:05:33,
6f54b58d,38488d32,Liter,1,2,112,15/11/2024,Cash,15/11/2024 09:58:43,
80606c3f,38488d48,KG,1.5,1,110,15/11/2024,Cash,15/11/2024 09:59:01,
ffc96e41,35cf7f7d,Piece,1,2,500,15/11/2024,Cash,15/11/2024 12:49:33,
a0de03ec,b530d255,Piece,1,4,160,15/11/2024,Cash,15/11/2024 21:27:35,
176e485d,38488d32,Liter,1,2,112,16/11/2024,Cash,16/11/2024 09:30:01,
37ea0b2d,38488d33,KG,2,1,60,16/11/2024,Cash,16/11/2024 09:30:31,
3dc2dc32,38488d72,KG,1,1,50,16/11/2024,Cash,16/11/2024 09:30:58,
298c1ae2,38488d82,KG,0.5,1,30,16/11/2024,Cash,16/11/2024 09:31:18,
01ab8cfb,38488d43,KG,1,1,50,16/11/2024,Cash,16/11/2024 19:04:28,
e1f48778,3239911a,KG,1,3,390,16/11/2024,Cash,16/11/2024 19:05:00,
8e61831f,38488d54,KG,5,1,200,16/11/2024,Cash,16/11/2024 19:07:52,
8285cee4,ce05468e,Piece,1,1,10,16/11/2024,Cash,16/11/2024 19:09:14,
0a0e6b89,38488d32,KG,0.5,1,28,16/11/2024,Cash,16/11/2024 19:15:16,
68800d14,e70283ee,Piece,1,1,54,16/11/2024,Cash,16/11/2024 21:42:02,
3adcb27d,8fe4d6eb,Piece,1,1,60,16/11/2024,Cash,16/11/2024 21:43:35,
6ab0aeb6,38488d32,Liter,1,2,112,17/11/2024,Cash,17/11/2024 11:58:33,
6eaf0d63,38488d43,KG,0.5,10,100,17/11/2024,Cash,17/11/2024 11:59:50,
6a930668,38488d37,KG,0.5,1,20,17/11/2024,Cash,17/11/2024 12:00:31,
3873de2f,38488d34,KG,0.2,1,15,17/11/2024,Cash,17/11/2024 12:00:55,
12377fdf,38488d35,KG,0.15,1,15,17/11/2024,Cash,17/11/2024 12:01:12,
beb3ac69,1870042c,KG,5,1,200,17/11/2024,Cash,17/11/2024 12:04:26,
1b901e7d,2bdbfdb6,KG,1,1,100,17/11/2024,Cash,17/11/2024 12:04:42,
764501bb,2bdbfdb8,Piece,1,2,20,17/11/2024,Cash,17/11/2024 12:05:16,
293cf9aa,38488d80,KG,1,1,60,17/11/2024,Cash,17/11/2024 12:05:47,
d0d252d0,070c1507,Piece,5,1,60,17/11/2024,Cash,17/11/2024 12:50:34,
5b058ccb,38488d78,KG,1,1,45,17/11/2024,Cash,17/11/2024 12:51:09,
eda80648,38488d32,Liter,1,3,168,17/11/2024,Cash,17/11/2024 18:41:19,
68a4b763,38488d32,Liter,1,2,112,18/11/2024,Cash,18/11/2024 09:26:49,
e66c981c,38488d36,KG,0.5,1,50,18/11/2024,Cash,18/11/2024 09:27:07,
77a57077,818ce46b,KG,1,1,60,18/11/2024,Cash,18/11/2024 20:08:11,
0a8d4de1,df878bc5,KG,1,1,50,18/11/2024,Cash,18/11/2024 20:11:24,
bbbc0a40,38488d32,Liter,1,2,112,19/11/2024,Cash,19/11/2024 09:50:43,
e417309c,38488d50,KG,1.5,1,55,19/11/2024,Cash,19/11/2024 09:51:05,
2fc4c0bb,38488d82,KG,0.5,1,30,19/11/2024,Cash,19/11/2024 09:52:36,
a57b8285,38488d32,Liter,2.5,1,140,19/11/2024,Cash,19/11/2024 16:34:07,
704c7414,fcd75bd5,Piece,1,1,10,19/11/2024,Cash,19/11/2024 16:39:50,
07f72816,bf503910,Piece,1,2,80,19/11/2024,Cash,19/11/2024 17:23:48,
6eb0f2e6,38488d77,Piece,1,2,140,19/11/2024,Cash,19/11/2024 17:25:16,
95258ad6,38488d69,KG,0.25,1,110,19/11/2024,Cash,19/11/2024 17:58:42,
87f969c2,38488d60,KG,1,1,180,19/11/2024,Cash,19/11/2024 19:21:10,
51e3eb48,38488d59,KG,1,1,160,19/11/2024,Cash,19/11/2024 19:22:17,
df4a86e7,316fcd40,KG,5,1,300,19/11/2024,Cash,19/11/2024 19:25:22,
9b65acc5,a31d5abb,KG,0.2,1,100,19/11/2024,Cash,19/11/2024 20:48:55,
f3ff15df,38488d72,KG,1,1,40,19/11/2024,Cash,19/11/2024 20:49:28,
34ed8912,38488d33,KG,4,1,120,19/11/2024,Cash,19/11/2024 20:49:50,
1e10b39a,5040fe86,KG,5,1,100,19/11/2024,Cash,19/11/2024 20:50:38,
0fe04609,38488d82,KG,1.5,1,60,19/11/2024,Cash,19/11/2024 20:51:07,
ffb625db,38488d84,KG,1.5,1,60,19/11/2024,Cash,19/11/2024 20:52:00,
036e023a,01a89f1a,KG,0.25,1,20,19/11/2024,Cash,19/11/2024 20:52:38,
8cf5ea03,8adbb5f7,KG,1,1,40,19/11/2024,Cash,19/11/2024 20:56:17,
76ad15e5,38488d34,KG,0.3,1,20,19/11/2024,Cash,19/11/2024 20:57:44,
04331ee8,38488d36,KG,1,1,70,19/11/2024,Cash,19/11/2024 20:58:03,
f92a786c,7cfdeddd,KG,1,1,70,19/11/2024,Cash,19/11/2024 20:58:37,
13cc2011,0c53ef5a,KG,0.1,1,10,19/11/2024,Cash,19/11/2024 20:59:04,
69ae4f5d,1c8c560e,KG,0.1,1,20,19/11/2024,Cash,19/11/2024 21:01:08,
d4fa10d6,533238d5,KG,1.5,1,60,19/11/2024,Cash,19/11/2024 21:03:24,
09199cbe,38488d35,KG,1.5,1,100,19/11/2024,Cash,19/11/2024 21:03:54,
5acd436a,38488d32,Liter,1,2,112,20/11/2024,Cash,20/11/2024 09:28:35,
80724998,1870042c,KG,2,1,100,20/11/2024,Cash,20/11/2024 09:28:52,
c7609b9c,04e745bc,Piece,1,1,350,20/11/2024,Cash,20/11/2024 20:33:13,
e15aa523,38488d32,KG,0.5,1,28,20/11/2024,Cash,20/11/2024 20:36:36,
ca0612c8,7836518d,Piece,1,1,50,20/11/2024,Cash,20/11/2024 21:29:07,
2e5e7c03,38488d32,Liter,1.5,1,84,21/11/2024,Cash,21/11/2024 08:33:32,
a4467112,38488d48,KG,1.5,2,110,21/11/2024,Cash,21/11/2024 08:34:14,
c2827027,89e823ea,KG,0.5,1,100,21/11/2024,Cash,21/11/2024 08:34:52,
ec99d9c4,38488d51,KG,1.5,1,420,21/11/2024,Cash,21/11/2024 19:44:18,
65a0ed78,38488d55,Piece,1,2,20,21/11/2024,Cash,21/11/2024 19:47:20,
e05434d4,38488d68,KG,1.5,1,180,21/11/2024,Cash,21/11/2024 19:54:56,
cc57417f,38488d32,KG,0.5,1,28,21/11/2024,Cash,21/11/2024 20:52:18,
c162e327,38488d32,Liter,1,2,112,22/11/2024,Cash,22/11/2024 13:06:06,
d5775f97,38488d66,KG,2.5,1,150,22/11/2024,Cash,22/11/2024 13:06:25,
65dc591f,3f40d071,KG,6,7,320,22/11/2024,Cash,22/11/2024 13:07:35,
3b21d84a,7836518d,Piece,1,2,220,22/11/2024,Cash,22/11/2024 13:31:04,
22023fed,dea6a6c9,Piece,1,1,220,22/11/2024,Cash,22/11/2024 13:31:45,
8241df9e,6eac27e1,KG,1,1,60,22/11/2024,Cash,22/11/2024 13:33:19,
6026491e,dbb02cb4,Piece,1,1,50,22/11/2024,Cash,22/11/2024 13:35:38,
fd5a4cc2,2e01eb05,Piece,1,1,60,22/11/2024,Cash,22/11/2024 13:40:13,
598354ab,074f02cb,Piece,1,1,20,22/11/2024,Cash,22/11/2024 21:07:02,
971d2a7c,38488d50,KG,0.8,1,50,22/11/2024,Cash,22/11/2024 21:10:02,
5cea2337,38488d32,Liter,1,1,56,22/11/2024,Cash,22/11/2024 21:18:52,
7ef969cf,38488d32,Liter,2.5,1,140,23/11/2024,Cash,23/11/2024 11:23:40,
6763a29f,38488d71,KG,2.5,1,70,23/11/2024,Cash,23/11/2024 11:24:23,
9ab32930,38488d72,KG,0.5,1,30,23/11/2024,Cash,23/11/2024 11:25:26,
f94b9f23,1870042c,KG,10,2,420,23/11/2024,Cash,23/11/2024 18:14:39,
3ec91b29,5ad61e4e,KG,1,1,50,23/11/2024,Cash,23/11/2024 20:49:51,
a6f8f218,38488d32,Liter,2.5,1,140,24/11/2024,Cash,24/11/2024 14:38:12,
514bc285,38488d66,KG,2.5,1,150,24/11/2024,Cash,24/11/2024 14:38:41,
1d8d4d3d,2bdbfdb6,KG,1.5,1,150,24/11/2024,Cash,24/11/2024 14:39:53,
64a64b8c,2bdbfdb8,Piece,1,4,40,24/11/2024,Cash,24/11/2024 14:40:41,
3dd5d3b3,38488d32,Liter,1,3,168,24/11/2024,Cash,24/11/2024 19:53:10,
1d3a98a0,38488d32,Liter,2.5,1,140,25/11/2024,Cash,25/11/2024 11:19:06,
92f4ea39,38488d72,KG,0.5,1,30,25/11/2024,Cash,25/11/2024 11:19:24,
57bc9ee2,38488d63,KG,1.8,1,90,25/11/2024,Cash,25/11/2024 11:20:08,
bdeb51b3,a31d5abb,KG,0.2,1,100,25/11/2024,Cash,25/11/2024 11:20:32,
bfd975b9,38488d38,KG,0.6,1,55,25/11/2024,Cash,25/11/2024 11:21:17,
a1337b81,38488d42,Piece,1,1,70,25/11/2024,Cash,25/11/2024 17:31:45,
1d07fbf6,df878bc5,KG,1.5,1,90,25/11/2024,Cash,25/11/2024 17:32:15,
4a05f468,38488d32,Liter,2.5,1,140,26/11/2024,Cash,26/11/2024 12:54:22,
9a09229f,38488d38,KG,0.6,1,55,26/11/2024,Cash,26/11/2024 12:55:38,
b76e784c,38488d43,KG,0.5,1,50,26/11/2024,Cash,26/11/2024 12:55:58,
4adfd999,38488d54,KG,5,1,200,26/11/2024,Cash,26/11/2024 17:02:00,
96c5bc62,3f5a9999,KG,5,1,195,26/11/2024,Cash,26/11/2024 17:02:46,
b2e0540e,f938eda1,Piece,1,3,90,26/11/2024,Cash,26/11/2024 17:04:12,
4c67e415,38488d32,Liter,1,3,168,26/11/2024,Cash,26/11/2024 17:06:53,
25fc4a36,fcd75bd5,Piece,1,1,10,26/11/2024,Cash,26/11/2024 17:07:14,
a4425021,e0ae4eda,KG,0.25,1,42,26/11/2024,Cash,26/11/2024 17:07:44,
b76a01ce,38488d69,KG,0.25,1,110,26/11/2024,Cash,26/11/2024 20:55:40,
b3be3241,38488d63,KG,2,1,90,26/11/2024,Cash,26/11/2024 21:00:56,
937dcf61,38488d84,KG,3,1,120,26/11/2024,Cash,26/11/2024 21:01:22,
cade591a,38488d72,KG,1,1,40,26/11/2024,Cash,26/11/2024 21:02:14,
fba29731,38488d82,KG,1,1,40,26/11/2024,Cash,26/11/2024 21:04:17,
af4bada6,38488d36,KG,1,1,70,26/11/2024,Cash,26/11/2024 21:04:37,
d4fc5e88,7cfdeddd,KG,1,1,80,26/11/2024,Cash,26/11/2024 21:04:52,
2bf91c9c,a31d5abb,KG,0.25,1,100,26/11/2024,Cash,26/11/2024 21:05:31,
d868007e,5040fe86,KG,5,1,100,26/11/2024,Cash,26/11/2024 21:09:14,
4f4f9bb4,fcde63e0,Piece,1,3,20,26/11/2024,Cash,26/11/2024 21:39:13,
c0a634be,38488d48,KG,0.5,1,35,26/11/2024,Cash,26/11/2024 22:17:07,
a2d24280,38488d32,Liter,1,3,168,27/11/2024,Cash,27/11/2024 11:27:39,
0c39220a,38488d38,KG,0.6,5,280,27/11/2024,Cash,27/11/2024 11:27:57,
2026040f,fcd75bd5,Piece,1,1,10,27/11/2024,Cash,27/11/2024 11:29:21,
a0b8df07,5040fe86,KG,2,1,50,27/11/2024,Cash,27/11/2024 21:18:19,
aab2d58a,070c1507,Piece,1,5,60,27/11/2024,Cash,27/11/2024 21:18:47,
ab9ebc7f,38488d32,Liter,1,3,168,28/11/2024,Cash,28/11/2024 11:03:24,
e2feae23,38488d48,KG,1.5,1,110,28/11/2024,Cash,28/11/2024 11:03:42,
20d4a568,38488d35,KG,0.25,1,20,28/11/2024,Cash,28/11/2024 18:16:16,
6c659f9a,38488d71,KG,1,1,40,28/11/2024,Cash,28/11/2024 18:18:34,
31b1fa34,38488d34,KG,0.25,1,20,28/11/2024,Cash,28/11/2024 18:19:02,
74c3066d,38488d37,KG,0.5,1,40,28/11/2024,Cash,28/11/2024 18:20:15,
888b31cd,38488d70,Piece,12,7,280,28/11/2024,Cash,28/11/2024 18:22:24,
083ae06f,cae57605,Piece,1,2,20,28/11/2024,Cash,28/11/2024 21:30:08,
cb9a6b40,38488d32,Liter,1,3,168,29/11/2024,Cash,29/11/2024 13:24:50,
89bad4d6,38488d35,KG,1.6,1,90,29/11/2024,Cash,29/11/2024 13:25:32,
459aa763,38488d47,KG,20,1,880,29/11/2024,Cash,29/11/2024 13:29:23,
3e5696ba,5040fe86,KG,3.5,1,70,29/11/2024,Cash,29/11/2024 19:11:35,
25b9dc8d,38488d72,KG,0.5,1,20,29/11/2024,Cash,29/11/2024 19:16:46,
5935f756,38488d35,KG,0.5,1,30,29/11/2024,Cash,29/11/2024 19:17:11,
b109f549,38488d57,KG,0.251,1,30,29/11/2024,Cash,29/11/2024 19:18:28,
1f7f8386,38488d63,KG,1.5,1,90,29/11/2024,Cash,29/11/2024 19:20:04,
d9d55d23,2f5f74e8,Piece,1,1,40,29/11/2024,Cash,29/11/2024 19:33:29,
f4293137,2c4d95ef,KG,0.5,1,40,29/11/2024,Cash,29/11/2024 19:37:14,
bfa2bc26,ee72568a,Piece,1,1,50,29/11/2024,Cash,29/11/2024 19:37:59,
ab5f5d97,38488d62,KG,1,4,240,29/11/2024,Cash,29/11/2024 19:39:42,
939ad2e9,5d1b38c3,KG,0.5,1,80,29/11/2024,Cash,29/11/2024 19:44:43,
4593e0bd,608e4a15,Piece,1,1,150,29/11/2024,Cash,29/11/2024 19:46:08,
005f8317,38488d32,Liter,1,3,168,30/11/2024,Cash,30/11/2024 12:32:22,
be3af45a,38488d48,KG,1,1,75,30/11/2024,Cash,30/11/2024 12:32:51,
ae160916,38488d38,KG,0.6,1,55,30/11/2024,Cash,30/11/2024 12:33:17,
0ef86e93,38488d33,KG,2.7,1,140,30/11/2024,Cash,30/11/2024 16:27:19,
34768b5f,38488d38,KG,0.4,1,20,30/11/2024,Cash,30/11/2024 21:09:40,
2e22cab2,38488d48,KG,0.2,1,20,30/11/2024,Cash,30/11/2024 21:11:08,
541ae262,5040fe86,KG,3.5,1,70,30/11/2024,Cash,30/11/2024 21:50:03,
1e7ecbbb,38488d32,Liter,1,3,168,01/12/2024,Cash,01/12/2024 10:31:11,
c04808d3,1870042c,KG,2,1,100,01/12/2024,Cash,01/12/2024 10:33:15,
16518b5f,38488d82,KG,0.5,1,40,01/12/2024,Cash,01/12/2024 10:33:43,
ca7226eb,38488d51,KG,1.5,1,420,01/12/2024,Cash,01/12/2024 10:34:24,
7dc05dc9,38488d68,KG,2,1,240,01/12/2024,Cash,01/12/2024 10:35:10,
ba1de5c2,38488d55,Piece,1,2,30,01/12/2024,Cash,01/12/2024 10:36:10,
f6df86f1,38488d66,KG,3,1,150,01/12/2024,Cash,01/12/2024 17:07:50,
57db6961,38488d79,Piece,1,15,150,01/12/2024,Cash,01/12/2024 20:17:23,
6bf343e6,38488d32,Liter,2.5,1,140,01/12/2024,Cash,01/12/2024 20:17:49,
b89260da,38488d32,Liter,1,3,168,02/12/2024,Cash,02/12/2024 11:45:18,
25b18d21,38488d38,KG,0.6,1,55,02/12/2024,Cash,02/12/2024 11:45:38,
aae5d57c,38488d48,KG,0.5,3,105,02/12/2024,Cash,02/12/2024 11:46:30,
b17a4f1f,38488d75,KG,0.5,1,80,02/12/2024,Cash,02/12/2024 12:26:40,
d6ee02c8,1a4280e2,KG,2,1,400,02/12/2024,Cash,02/12/2024 18:39:12,
edf04ec5,18374158,KG,1,2,300,02/12/2024,Cash,02/12/2024 18:40:33,
dc73b076,38488d63,KG,2,1,80,02/12/2024,Cash,02/12/2024 18:42:48,
621a9e64,1870042c,KG,5,1,200,02/12/2024,Cash,02/12/2024 18:43:51,
2b2a1040,38488d36,KG,0.5,1,40,02/12/2024,Cash,02/12/2024 21:56:15,
e80994bb,38488d32,Liter,1,3,168,03/12/2024,Cash,03/12/2024 12:58:43,
ffb6f94f,a31d5abb,KG,0.25,1,100,03/12/2024,Cash,03/12/2024 13:00:10,
b0f32f5c,3f40d071,Piece,12,1,450,03/12/2024,Cash,03/12/2024 13:02:00,
6e358d91,38488d33,KG,2,1,160,03/12/2024,Cash,03/12/2024 17:50:15,
d3691d7d,38488d69,KG,0.25,1,110,03/12/2024,Cash,03/12/2024 17:51:56,
84fcc0ff,7211596c,Piece,12,1,100,03/12/2024,Cash,03/12/2024 17:55:30,
f7409cfe,fcd75bd5,Piece,1,1,10,03/12/2024,Cash,03/12/2024 17:56:43,
14717ff6,38488d32,KG,0.5,2,56,03/12/2024,Cash,03/12/2024 20:41:08,
9fa5fcaf,38488d35,KG,1.5,1,75,03/12/2024,Cash,03/12/2024 20:41:46,
272f57f3,38488d72,KG,1,1,40,03/12/2024,Cash,03/12/2024 21:47:38,
76633cfa,38488d36,KG,1.5,1,100,03/12/2024,Cash,03/12/2024 21:49:55,
a932702a,38488d82,KG,1,1,40,03/12/2024,Cash,03/12/2024 21:51:22,
1fede199,7cfdeddd,KG,0.5,1,40,03/12/2024,Cash,03/12/2024 21:52:10,
4400db40,5040fe86,KG,5,1,90,03/12/2024,Cash,03/12/2024 21:55:10,
5e027caa,38488d33,,2,1,120,03/12/2024,Cash,03/12/2024 22:03:27,
ac67fc38,38488d84,KG,1,1,60,03/12/2024,Cash,03/12/2024 22:03:49,
a74dd3a5,01a89f1a,Piece,1,1,20,03/12/2024,Cash,03/12/2024 22:05:09,
1ca8f0a1,38488d34,KG,0.25,1,30,03/12/2024,Cash,03/12/2024 22:07:36,
53591ed7,38488d32,Liter,1,3,168,04/12/2024,Cash,04/12/2024 10:08:01,
5bbb3f29,38488d38,KG,0.6,1,55,04/12/2024,Cash,04/12/2024 10:08:17,
85ce3a4d,38488d43,KG,1,1,50,04/12/2024,Cash,04/12/2024 10:08:35,
8df75ca7,ce05468e,Piece,1,1,10,04/12/2024,Cash,04/12/2024 10:08:54,
d4a1cadc,38488d32,Liter,1,3,168,05/12/2024,Cash,05/12/2024 11:15:34,
f6255883,38488d38,Liter,0.4,1,40,05/12/2024,Cash,05/12/2024 11:15:49,
471243a0,38488d50,KG,1,1,40,05/12/2024,Cash,05/12/2024 11:18:14,
ce087763,5040fe86,KG,2.5,1,50,05/12/2024,Cash,05/12/2024 18:31:26,
1606d00f,070c1507,Piece,1,5,60,05/12/2024,Cash,05/12/2024 21:37:28,
cb8a7b64,38488d32,Liter,1,3,168,06/12/2024,Cash,06/12/2024 09:11:31,
cb199674,38488d48,KG,0.5,1,35,06/12/2024,Cash,06/12/2024 09:13:45,
bf230491,38488d34,KG,1.5,1,80,06/12/2024,Cash,06/12/2024 09:14:45,
25b994f6,38488d38,KG,0.6,2,110,06/12/2024,Cash,06/12/2024 09:16:12,
bfed7ea2,38488d78,KG,1,1,55,06/12/2024,Cash,06/12/2024 12:30:36,
915dba20,38488d71,KG,4,1,150,06/12/2024,Cash,06/12/2024 17:48:51,
70535662,38488d48,KG,0.75,1,210,06/12/2024,Cash,06/12/2024 21:19:09,
07ea0d3f,38488d32,Liter,1,1,168,07/12/2024,Cash,07/12/2024 12:00:22,
e6c07d0d,38488d72,KG,0.5,1,20,07/12/2024,Cash,07/12/2024 12:00:48,
e5d02d83,38488d37,KG,1,1,50,07/12/2024,Cash,07/12/2024 12:01:15,
5e7bd40c,38488d38,KG,0.6,1,55,07/12/2024,Cash,07/12/2024 12:01:31,
562128a4,38488d54,KG,3,1,111,07/12/2024,Cash,07/12/2024 17:44:57,
9cbe359f,c39b54f2,KG,2,1,180,07/12/2024,Cash,07/12/2024 17:50:10,
f0170d26,5040fe86,KG,3,1,60,07/12/2024,Cash,07/12/2024 17:51:48,
dfee4a85,a31d5abb,Liter,0.25,1,100,07/12/2024,,07/12/2024 21:34:20,
2fa66e6c,38488d32,Liter,1,3,168,08/12/2024,Cash,08/12/2024 17:12:40,
4bf90847,38488d82,KG,0.5,1,40,08/12/2024,Cash,08/12/2024 17:13:16,
adbbcbbb,1870042c,KG,5,1,200,08/12/2024,Cash,08/12/2024 19:42:19,
278bbb58,38488d48,KG,1.5,2,110,08/12/2024,Cash,08/12/2024 21:40:48,
e0a320b5,38488d32,Liter,1,3,168,09/12/2024,Cash,09/12/2024 09:34:32,
dd165bfa,38488d38,KG,0.6,1,55,09/12/2024,Cash,09/12/2024 09:34:57,
128acc5f,38488d50,KG,2,1,80,09/12/2024,Cash,09/12/2024 09:35:17,
cb84385d,38488d72,KG,0.5,1,20,09/12/2024,Cash,09/12/2024 09:35:56,
48cb2a61,fcde63e0,Piece,1,3,20,09/12/2024,Cash,09/12/2024 09:36:22,
955cd420,a31d5abb,KG,0.25,1,100,09/12/2024,Cash,09/12/2024 09:36:54,
fbdf5097,38488d84,KG,2,1,80,09/12/2024,Cash,09/12/2024 18:50:24,
7984c778,38488d34,KG,0.25,1,15,09/12/2024,Cash,09/12/2024 18:51:13,
040e838a,38488d37,KG,0.5,1,20,09/12/2024,Cash,09/12/2024 18:52:05,
3f87f21c,38488d35,KG,0.25,1,20,09/12/2024,Cash,09/12/2024 18:52:48,
3cc30cc5,38488d71,KG,1,1,50,09/12/2024,Cash,09/12/2024 18:53:12,
d18d4d9c,38488d70,Piece,12,6,360,09/12/2024,Cash,09/12/2024 18:54:21,
3ca5d78a,0c53ef5a,KG,0.1,1,10,09/12/2024,Cash,09/12/2024 18:55:07,
4a7611c8,38488d32,Liter,1,3,168,10/12/2024,Cash,10/12/2024 07:39:15,
6e754acb,38488d47,KG,2,1,120,10/12/2024,Cash,10/12/2024 07:39:38,
a332110b,cae57605,Piece,1,5,20,10/12/2024,Cash,10/12/2024 07:40:26,
36c88fa2,38488d35,KG,1,1,50,10/12/2024,Cash,10/12/2024 07:40:57,
ea4a3df7,38488d82,KG,0.5,1,30,10/12/2024,Cash,10/12/2024 07:41:11,
6b37b1b9,38488d69,KG,0.25,1,110,10/12/2024,Cash,10/12/2024 18:33:23,
0199185e,38488d32,Liter,0.5,2,56,10/12/2024,Cash,10/12/2024 18:34:35,
39c4f978,fcd75bd5,Piece,1,2,20,10/12/2024,Cash,10/12/2024 18:34:51,
e66a933d,2f5f74e8,Piece,1,1,40,10/12/2024,Cash,10/12/2024 18:39:09,
53cab237,3ed563fc,Piece,1,4,120,10/12/2024,Cash,10/12/2024 18:39:43,
40e53a80,bf503910,Piece,1,1,40,10/12/2024,Cash,10/12/2024 18:40:17,
3f35f5dd,090f0992,Piece,1,4,240,10/12/2024,Cash,10/12/2024 18:42:07,
26e04e00,524a0b85,Piece,12,1,100,10/12/2024,Cash,10/12/2024 20:00:11,
6d622693,38488d35,KG,1,1,30,10/12/2024,Cash,10/12/2024 20:53:09,
7dff0efe,38488d84,KG,1,1,40,10/12/2024,Cash,10/12/2024 20:54:07,
6211c793,0390b81d,Piece,1,6,150,10/12/2024,Cash,10/12/2024 20:55:00,
e2c4b249,5040fe86,KG,5,1,90,10/12/2024,Cash,10/12/2024 20:56:53,
599343b9,1870042c,KG,5,1,190,10/12/2024,Cash,10/12/2024 20:57:12,
3cb009cc,2ae6a732,KG,1,1,100,10/12/2024,Cash,10/12/2024 20:58:54,
6321b804,38488d36,KG,1.5,1,100,10/12/2024,Cash,10/12/2024 21:08:11,
255cf03c,38488d82,KG,1.5,1,60,10/12/2024,Cash,10/12/2024 21:08:54,
e6ca38e1,7cfdeddd,KG,0.5,1,40,10/12/2024,Cash,10/12/2024 21:09:21,
44884e2c,38488d72,KG,1,1,30,10/12/2024,Cash,10/12/2024 21:22:11,
ab497a85,38488d39,KG,0.5,1,30,10/12/2024,Cash,10/12/2024 22:03:36,
7a3800dd,859c1eff,Piece,1,2,20,10/12/2024,Cash,10/12/2024 22:04:53,
24ff8e7a,38488d32,Liter,1,3,168,11/12/2024,Cash,11/12/2024 17:34:20,
1a6137be,38488d68,KG,2,1,340,11/12/2024,Cash,11/12/2024 17:34:47,
611b342d,df878bc5,KG,1.5,1,90,11/12/2024,Cash,11/12/2024 17:36:01,
de30fc1b,38488d55,Piece,1,3,30,11/12/2024,Cash,11/12/2024 17:36:36,
7d9070b1,38488d47,KG,20,1,840,11/12/2024,Cash,11/12/2024 21:09:42,
dd9074db,38488d32,Liter,1,3,168,12/12/2024,Cash,12/12/2024 10:17:13,
37a8e36a,38488d48,KG,1.5,1,110,12/12/2024,Cash,12/12/2024 10:17:29,
871fb179,becc6a8c,Piece,1,1,430,12/12/2024,Cash,12/12/2024 17:10:46,
94acb68b,6eac27e1,Piece,1,8,480,12/12/2024,Cash,12/12/2024 18:14:32,
444d783d,25f3bf03,Piece,1,1,200,12/12/2024,Cash,12/12/2024 18:16:11,
3fd0a914,38488d50,KG,1,1,40,12/12/2024,Cash,12/12/2024 18:23:40,
82179ae4,38488d75,KG,0.2,1,40,12/12/2024,Cash,12/12/2024 18:23:55,
da40d145,01a89f1a,Piece,1,2,40,12/12/2024,Cash,12/12/2024 18:24:59,
d0cd56ae,38488d34,KG,0.25,1,15,12/12/2024,Cash,12/12/2024 19:45:23,
c0e013ce,38488d59,KG,1,1,160,12/12/2024,Cash,12/12/2024 19:46:09,
61dcb4e1,38488d32,Liter,1,3,168,13/12/2024,Cash,13/12/2024 13:12:50,
5c7ecc5a,38488d38,KG,0.6,2,110,13/12/2024,Cash,13/12/2024 13:13:30,
ad32f184,38488d48,KG,1,1,75,13/12/2024,Cash,13/12/2024 13:14:00,
f6c9c51f,1870042c,KG,5,1,150,13/12/2024,Cash,13/12/2024 14:21:07,
09615a5e,5040fe86,KG,2.5,1,50,13/12/2024,Cash,13/12/2024 14:28:18,
be09bdf2,38488d51,KG,1.5,1,420,13/12/2024,Cash,13/12/2024 18:13:38,
f46b57c8,38488d55,Piece,1,2,20,13/12/2024,Cash,13/12/2024 18:15:26,
6424f793,38488d34,KG,1,1,60,13/12/2024,Cash,13/12/2024 18:15:44,
9a0453a1,070c1507,Piece,1,5,60,13/12/2024,Cash,13/12/2024 18:15:59,
83992a28,a31d5abb,KG,0.25,1,100,13/12/2024,Cash,13/12/2024 18:16:54,
201c6476,38488d32,Liter,1,3,168,14/12/2024,Cash,14/12/2024 11:54:57,
175978fc,38488d48,KG,1,1,75,14/12/2024,Cash,14/12/2024 11:55:37,
b7be76e1,38488d38,KG,0.6,1,55,14/12/2024,Cash,14/12/2024 11:58:16,
2c6acf9d,38488d50,KG,1.5,1,60,14/12/2024,Cash,14/12/2024 11:59:23,
6c6a1f34,38488d63,KG,2.5,1,100,14/12/2024,Cash,14/12/2024 17:00:22,
23f7146f,5040fe86,KG,3,1,60,14/12/2024,Cash,14/12/2024 17:06:34,
bd83abbc,5ad61e4e,KG,1,1,50,14/12/2024,Cash,14/12/2024 20:34:00,
aab69200,38488d32,Liter,1,3,168,15/12/2024,Cash,15/12/2024 14:01:55,
47305ab5,38488d66,KG,3,1,150,15/12/2024,Cash,15/12/2024 14:02:27,
e790b36a,2bdbfdb6,KG,1.5,1,150,15/12/2024,Cash,15/12/2024 14:02:48,
9eab3e89,2bdbfdb8,Piece,1,2,20,15/12/2024,Cash,15/12/2024 14:04:20,
12891fd0,e158083a,Piece,1,2,380,15/12/2024,Cash,15/12/2024 14:05:34,
83ec8dc3,38488d79,Piece,1,10,100,15/12/2024,Cash,15/12/2024 20:23:21,
c79ce1dc,38488d32,Liter,1,3,168,16/12/2024,Cash,16/12/2024 10:14:21,
2fb0c5d1,38488d72,KG,0.5,1,20,16/12/2024,Cash,16/12/2024 10:14:48,
1ce4498e,a31d5abb,KG,0.25,1,100,16/12/2024,Cash,16/12/2024 10:15:30,
5a510f1a,a92f80eb,KG,50,1,1400,16/12/2024,Cash,16/12/2024 12:00:24,
eea74658,38488d33,KG,2,1,100,16/12/2024,Cash,16/12/2024 18:23:54,
0645f139,38488d35,KG,1,1,40,16/12/2024,Cash,16/12/2024 18:24:28,
872ef1fb,38488d40,KG,0.25,1,20,16/12/2024,Cash,16/12/2024 18:27:24,
f2515336,38488d34,KG,0.5,1,30,16/12/2024,Cash,16/12/2024 18:28:26,
d6469a8d,5040fe86,KG,3,1,60,16/12/2024,Cash,16/12/2024 18:31:28,
04991b76,38488d32,Liter,1,3,168,17/12/2024,Cash,17/12/2024 11:28:53,
cb2f6b0a,38488d38,KG,0.6,1,55,17/12/2024,Cash,17/12/2024 11:31:05,
ed316cad,38488d48,KG,0.5,2,70,17/12/2024,Cash,17/12/2024 11:31:42,
170b2f89,49bab0db,Piece,1,1,50,17/12/2024,Cash,17/12/2024 16:48:51,
fbc0cc69,38488d32,Liter,1,1,56,17/12/2024,Cash,17/12/2024 20:48:47,
49f387f9,fcd75bd5,Piece,1,1,10,17/12/2024,Cash,17/12/2024 20:49:11,
9f866611,38488d48,KG,0.2,1,19,17/12/2024,Cash,17/12/2024 20:49:43,
04b7c6e6,38488d60,KG,1,1,160,17/12/2024,Cash,17/12/2024 20:51:33,
ed5664c5,5040fe86,KG,5,1,80,17/12/2024,Cash,17/12/2024 21:44:27,
fbb38d04,38488d35,KG,1.5,1,60,17/12/2024,Cash,17/12/2024 21:45:08,
9ead969d,1870042c,KG,5,1,150,17/12/2024,Cash,17/12/2024 21:46:00,
63e83bdb,38488d33,KG,3.5,1,200,17/12/2024,Cash,17/12/2024 21:46:13,
8539646d,0390b81d,Piece,1,7,175,17/12/2024,Cash,17/12/2024 21:46:28,
8d39f266,38488d36,KG,1,1,70,17/12/2024,Cash,17/12/2024 21:48:15,
0209f92f,38488d82,KG,1,1,50,17/12/2024,Cash,17/12/2024 21:58:51,
6719c7f9,38488d72,KG,0.5,1,20,17/12/2024,Cash,17/12/2024 22:00:17,
ee4b6063,38488d34,KG,0.25,1,10,17/12/2024,Cash,17/12/2024 22:01:19,
3f5189a4,0c53ef5a,KG,0.1,1,10,17/12/2024,Cash,17/12/2024 22:01:56,
9c170675,818ce46b,KG,1.5,1,100,17/12/2024,Cash,17/12/2024 22:02:25,
5bbf220c,38488d47,KG,1,1,40,17/12/2024,Cash,17/12/2024 22:06:37,
75fee329,1cab637b,KG,1.5,1,130,17/12/2024,Cash,17/12/2024 22:10:31,
1cfd3c21,38488d37,KG,2,1,80,17/12/2024,Cash,17/12/2024 22:21:41,
67c26485,38488d69,Liter,0.25,1,110,17/12/2024,Cash,17/12/2024 22:35:34,
dee768e5,38488d32,Liter,1,3,168,18/12/2024,Cash,18/12/2024 11:51:02,
56e4e178,38488d47,KG,50,1,1800,18/12/2024,Cash,18/12/2024 19:30:32,
f2ca05a7,becc6a8c,Piece,1,1,80,18/12/2024,Cash,18/12/2024 19:41:15,
67d21e24,38488d32,Liter,1,3,174,19/12/2024,Cash,19/12/2024 12:29:05,
a37215de,38488d68,KG,1,1,180,19/12/2024,Cash,19/12/2024 18:30:42,
4cc35cd5,38488d55,,1,4,20,19/12/2024,Cash,19/12/2024 18:32:26,
f5c30c12,38488d38,KG,0.6,1,55,20/12/2024,Cash,20/12/2024 12:21:54,
e4938932,38488d43,KG,1,1,50,20/12/2024,Cash,20/12/2024 12:22:19,
d9c98306,ce05468e,KG,0.05,1,10,20/12/2024,Cash,20/12/2024 12:22:36,
31be3afb,38488d32,Liter,1,2,112,20/12/2024,Cash,20/12/2024 15:55:32,
f4eff8c5,38488d35,KG,0.25,1,10,20/12/2024,Cash,20/12/2024 18:22:38,
b69ed970,38488d39,KG,0.25,1,20,20/12/2024,Cash,20/12/2024 18:23:05,
59b6f23d,5040fe86,KG,2.5,1,50,20/12/2024,Cash,20/12/2024 18:23:57,
b45b9ae4,38488d34,KG,1.25,1,70,20/12/2024,Cash,20/12/2024 18:24:18,
4d795e34,38488d71,KG,1.5,1,60,20/12/2024,Cash,20/12/2024 18:24:51,
cc7a5e77,38488d72,KG,0.5,1,20,20/12/2024,Cash,20/12/2024 18:25:43,
45ccb7b3,38488d84,KG,0.5,1,20,20/12/2024,Cash,20/12/2024 18:26:45,
1634b663,38488d70,Piece,12,7,280,20/12/2024,Cash,20/12/2024 18:37:52,
659bcf85,859c1eff,Piece,1,2,20,20/12/2024,Cash,20/12/2024 18:38:43,
7c5083d7,cae57605,Piece,1,2,20,20/12/2024,Cash,20/12/2024 18:39:15,
1d27d455,38488d32,Liter,1,3,168,21/12/2024,Cash,21/12/2024 13:08:43,
ce713e82,1870042c,KG,2,1,80,21/12/2024,Cash,21/12/2024 16:35:15,
bf3ba7d2,a31d5abb,KG,0.25,1,100,21/12/2024,Cash,21/12/2024 16:36:54,
df0efd4f,38488d63,KG,2,1,100,21/12/2024,Cash,21/12/2024 16:39:50,
93358308,5040fe86,KG,2.5,1,50,21/12/2024,Cash,21/12/2024 16:40:19,
c203c8e9,1870042c,KG,5,1,150,21/12/2024,Cash,21/12/2024 16:42:18,
74987f16,070c1507,Piece,1,5,50,21/12/2024,Cash,21/12/2024 21:40:57,
3b75a03e,38488d51,KG,1.5,1,420,22/12/2024,Cash,22/12/2024 08:26:30,
8003ea4a,38488d68,KG,1,1,220,22/12/2024,Cash,22/12/2024 08:26:55,
ed38589f,38488d82,KG,0.5,1,30,22/12/2024,Cash,22/12/2024 08:27:36,
46c75e56,38488d48,KG,0.2,1,19,22/12/2024,Cash,22/12/2024 08:28:17,
c456429f,38488d66,KG,3,1,180,22/12/2024,Cash,22/12/2024 08:28:50,
030ce7e3,38488d55,Piece,1,2,20,22/12/2024,Cash,22/12/2024 08:29:25,
a95a124a,38488d32,Liter,1.5,2,84,22/12/2024,Cash,22/12/2024 08:30:49,
de31cccc,38488d79,Piece,1,15,150,22/12/2024,Cash,22/12/2024 17:15:08,
b2f09e42,38488d32,Liter,1.5,1,84,22/12/2024,Cash,22/12/2024 19:47:52,
64437498,38488d32,Liter,1,3,168,23/12/2024,Cash,23/12/2024 12:54:23,
13bd27a6,38488d72,KG,0.5,1,20,23/12/2024,Cash,23/12/2024 12:55:16,
46c339b4,38488d33,KG,2,1,80,23/12/2024,Cash,23/12/2024 12:56:16,
57bc107f,fcde63e0,Piece,1,2,20,23/12/2024,Cash,23/12/2024 12:56:33,
7515f1f1,38488d35,KG,0.5,1,30,23/12/2024,Cash,23/12/2024 17:59:12,
f914c750,38488d34,KG,0.3,1,20,23/12/2024,Cash,23/12/2024 18:00:31,
fa827f77,0c53ef5a,KG,0.25,1,20,23/12/2024,Cash,23/12/2024 18:00:50,
32e9c08f,5040fe86,KG,2.5,1,50,23/12/2024,Cash,23/12/2024 18:01:15,
eb723a1e,38488d68,KG,0.5,2,140,23/12/2024,Cash,23/12/2024 18:02:08,
6ba8ea32,859c1eff,Piece,1,2,20,23/12/2024,Cash,23/12/2024 18:02:45,
e98f8568,12a2ea36,Piece,1,1,10,23/12/2024,Cash,23/12/2024 22:01:51,
6f555486,38488d32,Liter,1,3,168,24/12/2024,Cash,24/12/2024 12:52:38,
f1ad92da,38488d38,KG,0.6,1,55,24/12/2024,Cash,24/12/2024 12:53:03,
73c14e6b,df878bc5,KG,1.5,1,90,24/12/2024,Cash,24/12/2024 12:53:38,
17bf667a,38488d84,KG,2,1,80,24/12/2024,Cash,24/12/2024 20:18:24,
fe74fa4a,38488d69,KG,0.25,1,110,24/12/2024,Cash,24/12/2024 20:21:17,
c72a08ff,3ed563fc,Piece,1,10,300,24/12/2024,Cash,24/12/2024 20:21:54,
6b98d15a,bf503910,Piece,1,2,80,24/12/2024,Cash,24/12/2024 20:25:40,
ca4d1c05,38488d36,KG,1,1,70,24/12/2024,Cash,24/12/2024 21:25:57,
265a984e,38488d77,Piece,1,2,160,24/12/2024,Cash,24/12/2024 21:26:17,
b652b59e,38488d82,KG,1.5,1,90,24/12/2024,Cash,24/12/2024 21:27:13,
c55dc3d6,7cfdeddd,KG,0.5,1,40,24/12/2024,Cash,24/12/2024 21:28:17,
41f217ad,38488d84,KG,1.5,1,60,24/12/2024,Cash,24/12/2024 21:28:55,
9e76dd90,a31d5abb,KG,0.5,1,160,24/12/2024,Cash,24/12/2024 21:30:24,
bc96986d,38488d68,KG,4,1,200,24/12/2024,Cash,24/12/2024 21:31:35,
933c6c68,e73a4f6b,Piece,1,1,10,24/12/2024,Cash,24/12/2024 21:32:37,
ad0c882c,38488d72,KG,1,1,40,24/12/2024,Cash,24/12/2024 21:38:43,
0138d020,1cab637b,Piece,1,7,120,24/12/2024,Cash,24/12/2024 21:39:29,
75734655,1870042c,KG,5,1,150,24/12/2024,Cash,24/12/2024 22:08:41,
84c3b56a,5040fe86,KG,5,1,50,24/12/2024,Cash,24/12/2024 22:09:31,
35d9378a,38488d39,KG,0.3,1,20,24/12/2024,Cash,24/12/2024 22:10:33,
fa42893c,38488d32,Liter,1,3,168,25/12/2024,Cash,25/12/2024 10:30:36,
52b0958a,3f40d071,Piece,12,8,380,25/12/2024,Cash,25/12/2024 10:30:55,
d9e852f3,859c1eff,Piece,1,2,20,25/12/2024,Cash,25/12/2024 10:32:44,
150649b9,38488d33,KG,3.5,1,110,25/12/2024,Cash,25/12/2024 17:55:30,
cc763045,38488d51,KG,1.5,1,420,25/12/2024,Cash,25/12/2024 17:56:33,
a7e153a3,04a31ae4,Piece,1,25,375,25/12/2024,Cash,25/12/2024 17:58:07,
ec856bb8,38488d32,Liter,1,1,56,26/12/2024,Cash,26/12/2024 13:32:08,
d870f014,38488d48,KG,1,1,75,26/12/2024,Cash,26/12/2024 13:32:29,
af2c26c4,38488d38,KG,0.6,1,55,26/12/2024,Cash,26/12/2024 13:33:03,
280e22c0,72333f40,KG,1,1,140,26/12/2024,Cash,26/12/2024 18:20:42,
71a06e1a,38488d32,Liter,1,3,168,27/12/2024,Cash,27/12/2024 21:01:33,
b272b487,38488d63,KG,2,1,80,27/12/2024,Cash,27/12/2024 21:01:54,
2a998471,38488d38,KG,0.6,1,55,27/12/2024,Cash,27/12/2024 21:03:32,
9d3638f2,1870042c,KG,5,1,150,27/12/2024,Cash,27/12/2024 21:03:56,
5abad153,38488d35,KG,1.5,1,50,27/12/2024,Cash,27/12/2024 21:05:08,
ac8ac083,38488d32,Liter,1,3,168,28/12/2024,Cash,28/12/2024 16:02:46,
fd8b59ad,38488d38,KG,0.6,3,165,28/12/2024,Cash,28/12/2024 16:03:13,
450cc53a,38488d33,KG,2.5,1,100,28/12/2024,Cash,28/12/2024 17:28:50,
829f9062,7836518d,Piece,1,1,105,28/12/2024,Cash,28/12/2024 17:34:34,
806da518,38488d71,KG,2.5,1,100,28/12/2024,Cash,28/12/2024 17:36:12,
d33dbb91,38488d54,KG,5,1,200,28/12/2024,Cash,28/12/2024 21:01:45,
60409132,fcd75bd5,Piece,1,1,10,28/12/2024,Cash,28/12/2024 21:27:12,
92643cd8,38488d32,Liter,1,3,168,29/12/2024,Cash,29/12/2024 14:56:17,
33885245,38488d33,KG,2,1,80,29/12/2024,Cash,29/12/2024 14:57:23,
f988fe67,38488d34,KG,0.5,1,30,29/12/2024,Cash,29/12/2024 14:58:23,
92c9755c,38488d35,KG,1,1,30,29/12/2024,Cash,29/12/2024 14:58:50,
05c4dfae,38488d48,KG,0.2,1,19,29/12/2024,Cash,29/12/2024 14:59:06,
ec34fcf3,38488d66,KG,3,1,150,29/12/2024,Cash,29/12/2024 18:22:38,
d7bf45cd,38488d79,Piece,1,15,150,29/12/2024,Cash,29/12/2024 18:23:28,
38231711,38488d32,Liter,1.5,1,84,29/12/2024,Cash,29/12/2024 21:35:05,
ecba9739,38488d34,KG,0.25,1,20,29/12/2024,Cash,29/12/2024 22:01:34,
7d705c90,38488d59,KG,1,1,160,29/12/2024,Cash,29/12/2024 22:01:59,
a099dc23,38488d32,Liter,1,3,168,30/12/2024,Cash,30/12/2024 13:32:13,
c23b795f,38488d71,KG,2.3,1,80,30/12/2024,Cash,30/12/2024 19:36:19,
4b00e5c5,38488d32,Liter,1,3,168,31/12/2024,Cash,31/12/2024 09:09:53,
8ab73410,38488d48,KG,1,1,75,31/12/2024,Cash,31/12/2024 09:10:19,
448a2adc,38488d38,KG,0.6,1,55,31/12/2024,Cash,31/12/2024 09:10:43,
9618cba6,38488d72,KG,0.9,1,50,31/12/2024,Cash,31/12/2024 09:11:15,
a199e1a2,1870042c,KG,5,1,120,31/12/2024,Cash,31/12/2024 18:09:33,
a6113ff6,38488d32,Liter,1,2,112,31/12/2024,Cash,31/12/2024 18:09:53,
f68bc510,38488d33,KG,3,1,90,31/12/2024,Cash,31/12/2024 18:10:21,
da72d92d,fcd75bd5,Piece,1,1,10,31/12/2024,Cash,31/12/2024 18:10:48,
b6cb1ebe,38488d69,KG,0.25,1,110,31/12/2024,Cash,31/12/2024 18:11:22,
468c550a,2f5f74e8,Piece,1,1,50,31/12/2024,Cash,31/12/2024 18:12:06,
0ccda187,38488d33,KG,5,1,100,31/12/2024,Cash,31/12/2024 20:33:22,
c6b7b26b,e73a4f6b,Piece,1,2,20,31/12/2024,Cash,31/12/2024 21:05:11,
f76774c7,38488d36,KG,1,1,70,31/12/2024,Cash,31/12/2024 22:12:42,
88bbf560,a31d5abb,KG,0.5,1,180,31/12/2024,Cash,31/12/2024 23:14:28,
fcc04b3f,38488d66,KG,3,1,90,31/12/2024,Cash,31/12/2024 23:15:49,
ff02da5a,38488d63,KG,2,1,60,31/12/2024,Cash,31/12/2024 23:16:09,
90bf10dd,38488d37,KG,3,1,90,31/12/2024,Cash,31/12/2024 23:18:21,
e845f39a,38488d72,KG,1,1,40,31/12/2024,Cash,31/12/2024 23:19:01,
78727517,38488d82,KG,1.5,1,90,31/12/2024,Cash,31/12/2024 23:19:23,
a144ab18,0390b81d,Piece,1,6,150,31/12/2024,Cash,31/12/2024 23:20:27,
b6226c57,38488d51,KG,2.25,1,630,31/12/2024,Cash,31/12/2024 23:23:00,
2d09534a,8ad7d3d3,Piece,1,1,100,31/12/2024,Cash,01/01/2025 07:55:08,
41779cfa,38488d32,Liter,1,3,168,01/01/2025,Cash,01/01/2025 18:16:06,
dda88042,38488d50,KG,2,1,80,01/01/2025,Cash,01/01/2025 18:17:45,
e2656907,38488d34,KG,1,1,60,01/01/2025,Cash,01/01/2025 18:18:43,
edc6bd7b,38488d46,Liter,1,2,170,01/01/2025,Cash,01/01/2025 18:19:05,
454bd588,38488d68,KG,1,1,180,01/01/2025,Cash,01/01/2025 18:20:50,
9c611ed8,38488d55,Piece,1,1,20,01/01/2025,Cash,01/01/2025 18:21:30,
2d94cc3e,1c6c06f0,Piece,1,30,600,01/01/2025,Cash,01/01/2025 19:47:21,
628480fe,38488d78,KG,1,1,55,01/01/2025,Cash,01/01/2025 19:52:53,
22b60ad8,070c1507,Piece,1,2,60,01/01/2025,Cash,01/01/2025 19:54:35,
e92497c4,3f5a9999,Liter,5,1,75,02/01/2025,Cash,02/01/2025 13:22:06,
de9242d3,1870042c,KG,5,1,100,02/01/2025,Cash,02/01/2025 13:22:29,
2da04c80,38488d32,Liter,1,1,56,02/01/2025,Cash,02/01/2025 19:57:44,
1a9ff52f,38488d32,Liter,1,3,168,03/01/2025,Cash,03/01/2025 11:40:48,
fb893407,38488d38,KG,0.6,4,210,03/01/2025,Cash,03/01/2025 11:41:12,
9e6feb2f,fcd75bd5,Piece,1,1,10,03/01/2025,Cash,03/01/2025 11:42:42,
82ebb599,df878bc5,KG,1.5,1,90,03/01/2025,Cash,03/01/2025 11:43:16,
1a630e80,38488d68,KG,1,1,180,03/01/2025,Cash,03/01/2025 22:03:55,
2b53a872,38488d84,KG,2,1,80,03/01/2025,Cash,03/01/2025 22:04:17,
26d31f25,38488d32,Liter,0.5,1,29,03/01/2025,Cash,03/01/2025 22:04:46,
42f1efc4,38488d55,Piece,1,2,20,03/01/2025,Cash,03/01/2025 22:05:52,
8c705711,38488d32,Liter,1,3,168,04/01/2025,Cash,04/01/2025 10:58:01,
94d9b4fc,38488d43,KG,1,1,50,04/01/2025,Cash,04/01/2025 10:58:18,
5a519677,ce05468e,Liter,1,1,10,04/01/2025,Cash,04/01/2025 10:58:36,
5d99401f,38488d32,Liter,1,3,168,05/01/2025,Cash,05/01/2025 11:40:34,
8c2bc4f5,38488d36,KG,0.5,1,40,05/01/2025,Cash,05/01/2025 11:40:47,
d4cab3c4,38488d48,KG,1.5,1,110,05/01/2025,Cash,05/01/2025 11:41:24,
069d708a,38488d39,KG,0.25,1,20,05/01/2025,Cash,05/01/2025 11:41:46,
fdb3b0a1,e9fd60e0,Piece,1,18,60,05/01/2025,Cash,05/01/2025 12:00:32,
c645ce81,18374158,Piece,1,2,300,05/01/2025,Cash,05/01/2025 16:48:11,
fe17c0f9,1a4280e2,KG,2,1,400,05/01/2025,Cash,05/01/2025 16:51:30,
ceee6bf5,38488d42,Piece,1,2,130,05/01/2025,Cash,05/01/2025 16:53:43,
1bbb7ed9,38488d32,KG,1.5,1,84,05/01/2025,Cash,05/01/2025 21:14:00,
d7b18321,38488d32,Liter,1,3,168,06/01/2025,Cash,06/01/2025 11:59:53,
469e90b6,38488d35,KG,1.5,1,50,06/01/2025,Cash,06/01/2025 17:36:43,
33898ee1,38488d82,KG,0.25,1,20,06/01/2025,Cash,06/01/2025 17:38:19,
99b60532,5040fe86,KG,2.5,1,50,06/01/2025,Cash,06/01/2025 17:39:17,
e0b448b6,38488d72,KG,0.5,1,20,06/01/2025,Cash,06/01/2025 18:50:07,
72711bb7,a31d5abb,KG,0.125,1,50,06/01/2025,Cash,06/01/2025 18:50:27,
a39ec784,5040fe86,KG,3,1,60,06/01/2025,Cash,06/01/2025 18:51:30,
53f87118,ec14e653,Piece,1,1,70,06/01/2025,Cash,06/01/2025 19:32:00,
cea40401,38488d32,Liter,1,3,168,07/01/2025,Cash,07/01/2025 08:56:43,
077bcf0f,38488d38,KG,0.6,1,55,07/01/2025,Cash,07/01/2025 08:56:57,
2be564a0,5040fe86,KG,2.5,1,50,07/01/2025,Cash,07/01/2025 08:57:17,
0438787d,cce54458,KG,0.5,2,160,07/01/2025,Cash,07/01/2025 16:57:07,
6df7b3ed,38488d66,KG,4,2,100,07/01/2025,Cash,07/01/2025 16:58:17,
ac1e4ec5,38488d84,KG,1.5,1,60,07/01/2025,Cash,07/01/2025 18:00:22,
f2e57b46,38488d69,KG,0.25,1,110,07/01/2025,Cash,07/01/2025 18:03:02,
2db8f938,38488d32,Liter,1,2,112,07/01/2025,Cash,07/01/2025 18:05:34,
7fd55cf0,fcd75bd5,Piece,1,1,10,07/01/2025,Cash,07/01/2025 18:06:55,
2a070050,070c1507,Piece,1,5,50,07/01/2025,Cash,07/01/2025 18:07:19,
02cde9a5,38488d34,KG,1.5,1,60,07/01/2025,Cash,07/01/2025 20:53:42,
8cb43197,38488d63,KG,2.5,1,70,07/01/2025,Cash,07/01/2025 20:55:02,
b796dd48,38488d68,KG,5,1,200,07/01/2025,Cash,07/01/2025 20:56:26,
ef72387c,38488d71,KG,3.5,1,100,07/01/2025,Cash,07/01/2025 20:56:58,
dcb81544,a31d5abb,KG,1,1,280,07/01/2025,Cash,07/01/2025 20:57:27,
b9c4fb59,38488d36,KG,1,1,70,07/01/2025,Cash,07/01/2025 20:59:51,
3e0806c2,38488d72,KG,1,1,40,07/01/2025,Cash,07/01/2025 21:01:44,
1e933f51,38488d82,KG,1.5,1,90,07/01/2025,Cash,07/01/2025 21:02:53,
0e5b2813,1cab637b,Piece,1,10,150,07/01/2025,Cash,07/01/2025 21:03:47,
6c948cfd,7cfdeddd,KG,0.5,1,40,07/01/2025,Cash,07/01/2025 21:05:27,
64c7d56d,38488d35,KG,7,1,140,07/01/2025,Cash,07/01/2025 21:07:14,
d501085a,38488d33,KG,8,1,120,07/01/2025,Cash,07/01/2025 21:45:37,
389de442,38488d32,Liter,1,3,168,08/01/2025,Cash,08/01/2025 12:03:11,
c6237f80,a92f80eb,KG,50,1,900,08/01/2025,Cash,08/01/2025 12:03:45,
9c748809,38488d47,KG,20,1,640,08/01/2025,Cash,08/01/2025 12:04:37,
1035f50c,ee4c7cc6,KG,1,1,250,08/01/2025,Cash,08/01/2025 18:35:05,
21cbed1f,38488d84,KG,0.25,1,20,08/01/2025,Cash,08/01/2025 18:35:48,
48404140,0c53ef5a,KG,0.15,1,10,08/01/2025,Cash,08/01/2025 18:36:20,
3b2b7ae7,89e823ea,KG,0.5,2,170,08/01/2025,Cash,08/01/2025 18:36:45,
9f81215e,3095f6ad,KG,5,1,220,08/01/2025,Cash,08/01/2025 18:37:34,
78d3122d,e9a8e3b3,Piece,1,1,80,08/01/2025,Cash,08/01/2025 18:38:10,
da5b87c2,38488d70,Piece,12,6,240,08/01/2025,Cash,08/01/2025 18:38:40,
3234f169,cae57605,Piece,1,2,20,08/01/2025,Cash,08/01/2025 22:07:23,
a1620e3d,38488d32,Liter,1,3,168,09/01/2025,Cash,09/01/2025 11:16:33,
2749a132,7d25c092,Piece,12,1,40,09/01/2025,Cash,09/01/2025 19:41:10,
d9192dcc,df878bc5,KG,1.5,1,90,09/01/2025,Cash,09/01/2025 19:45:32,
4b2aeb15,38488d32,Liter,1,3,168,10/01/2025,Cash,10/01/2025 18:13:08,
33ce6f17,7110fbe1,Piece,1,2,200,10/01/2025,Cash,10/01/2025 18:13:34,
54f1b3e4,1870042c,KG,5,1,100,10/01/2025,Cash,10/01/2025 18:17:37,
7b1bdf3a,38488d32,Liter,1,3,168,11/01/2025,Cash,11/01/2025 09:21:58,
53148366,38488d48,KG,1.5,1,110,11/01/2025,Cash,11/01/2025 09:22:14,
06a3ae19,38488d39,KG,0.3,1,20,11/01/2025,Cash,11/01/2025 09:22:43,
c31ec5de,859c1eff,Piece,1,2,20,11/01/2025,Cash,11/01/2025 09:23:15,
c6d732e2,38488d84,KG,2.5,1,100,11/01/2025,Cash,11/01/2025 21:04:41,
985237f1,df878bc5,KG,2,1,80,11/01/2025,Cash,11/01/2025 21:05:12,
974bf4ac,38488d32,Liter,1,5,280,12/01/2025,Cash,12/01/2025 12:58:30,
fb673763,38488d48,KG,0.5,1,35,12/01/2025,Cash,12/01/2025 12:58:56,
442d1685,fcd75bd5,Piece,1,1,10,12/01/2025,Cash,12/01/2025 12:59:19,
4e8ea8ed,38488d32,Liter,1,3,168,13/01/2025,Cash,13/01/2025 12:28:07,
8581562d,38488d36,KG,0.25,1,20,13/01/2025,Cash,13/01/2025 12:28:24,
104c0331,38488d38,KG,0.6,1,55,13/01/2025,Cash,13/01/2025 12:28:57,
dfe154cb,38488d82,KG,0.25,1,20,13/01/2025,Cash,13/01/2025 12:29:12,
e7309ee0,38488d35,KG,1.5,1,50,13/01/2025,Cash,13/01/2025 21:04:51,
89017ca4,1870042c,KG,5,1,100,13/01/2025,Cash,13/01/2025 21:05:11,
a0ecf3a8,316fcd40,KG,5,1,300,13/01/2025,Cash,13/01/2025 21:05:24,
d8ef7fab,23b9f5a5,KG,1,1,200,13/01/2025,Cash,13/01/2025 21:06:05,
ade07224,38488d72,KG,0.5,1,20,13/01/2025,Cash,13/01/2025 21:45:13,
fd47bd4d,38488d38,KG,1,1,55,13/01/2025,Cash,13/01/2025 21:46:05,
c18135b6,38488d48,KG,0.2,1,20,13/01/2025,Cash,13/01/2025 21:46:24,
ed51e3d7,38488d51,KG,1,1,280,13/01/2025,Cash,13/01/2025 21:46:47,
931598b3,38488d34,KG,0.5,1,40,13/01/2025,Cash,13/01/2025 21:47:30,
3ae37ea5,0c53ef5a,KG,0.25,1,20,13/01/2025,Cash,13/01/2025 21:48:03,
9638f6fc,38488d32,Liter,1,3,168,14/01/2025,Cash,14/01/2025 18:49:28,
0aa6a179,38488d48,KG,0.5,3,105,14/01/2025,Cash,14/01/2025 18:55:17,
0a7bddd5,38488d39,KG,0.25,1,20,14/01/2025,Cash,14/01/2025 18:56:17,
bbd1b673,9130d9d3,Piece,1,1,150,14/01/2025,Cash,14/01/2025 18:56:37,
67b660cd,3f5a9999,KG,5,1,290,14/01/2025,Cash,14/01/2025 18:57:23,
7c6b1392,38488d51,KG,1.5,1,420,14/01/2025,Cash,14/01/2025 18:58:01,
3bb3a19f,38488d68,KG,1,1,150,14/01/2025,Cash,14/01/2025 19:03:55,
491831dc,38488d69,KG,0.25,1,110,14/01/2025,Cash,14/01/2025 19:07:49,
3d484714,38488d55,Piece,1,10,50,14/01/2025,Cash,14/01/2025 19:15:51,
432dc3ce,38488d82,KG,0.25,1,20,14/01/2025,Cash,14/01/2025 19:19:41,
3a69045b,38488d72,KG,1,1,40,14/01/2025,Cash,14/01/2025 21:11:51,
2637f439,38488d33,KG,5,1,80,14/01/2025,Cash,14/01/2025 21:12:12,
462193f1,38488d34,KG,1.5,1,60,14/01/2025,Cash,14/01/2025 21:12:49,
41c201f4,38488d37,KG,2,1,40,14/01/2025,Cash,14/01/2025 21:15:20,
2a2cf9c9,38488d63,KG,2.5,1,70,14/01/2025,Cash,14/01/2025 21:15:46,
53ac7f20,38488d35,KG,2,1,40,14/01/2025,Cash,14/01/2025 21:16:18,
d457d143,38488d84,KG,1.5,1,60,14/01/2025,Cash,14/01/2025 21:16:40,
77c9bb93,38488d36,KG,1.5,1,110,14/01/2025,Cash,14/01/2025 21:19:53,
0c002f87,38488d82,KG,1.5,1,90,14/01/2025,Cash,14/01/2025 21:21:03,
628d38e4,7cfdeddd,KG,0.5,1,40,14/01/2025,Cash,14/01/2025 21:31:19,
69612d7a,df878bc5,KG,1.5,1,70,14/01/2025,Cash,14/01/2025 21:32:08,
0680dac5,0390b81d,Piece,1,6,150,14/01/2025,Cash,14/01/2025 21:33:52,
60327ee0,a31d5abb,KG,0.5,1,140,14/01/2025,Cash,14/01/2025 21:47:07,
02088a87,818ce46b,,1.5,1,90,14/01/2025,Cash,14/01/2025 21:48:22,
30426c5c,38488d32,Liter,2.5,1,140,15/01/2025,Cash,15/01/2025 18:58:30,
4514922a,38488d43,KG,1,1,50,15/01/2025,Cash,15/01/2025 19:02:38,
5ab86227,38488d38,KG,0.6,1,55,15/01/2025,Cash,15/01/2025 19:03:10,
3795442a,070c1507,Piece,1,5,50,15/01/2025,Cash,15/01/2025 19:04:58,
8a333086,1870042c,KG,5,1,80,15/01/2025,Cash,15/01/2025 19:06:26,
c04b3492,ce05468e,KG,0.1,1,10,15/01/2025,Cash,15/01/2025 21:52:14,
cbe26e53,38488d32,Liter,1,3,168,16/01/2025,Cash,16/01/2025 10:01:19,
2d2220ac,fcd75bd5,Piece,1,1,10,16/01/2025,Cash,16/01/2025 10:02:17,
eb50078c,3f40d071,Piece,12,10,500,16/01/2025,Cash,16/01/2025 10:04:50,
6022aeba,38488d57,KG,0.3,1,30,16/01/2025,Cash,16/01/2025 16:43:32,
32e75fd2,2f5f74e8,Piece,1,1,50,16/01/2025,Cash,16/01/2025 16:46:32,
651f43aa,2c4d95ef,KG,0.25,1,40,16/01/2025,Cash,16/01/2025 16:47:19,
8f447de8,38488d62,KG,1,4,240,16/01/2025,Cash,16/01/2025 16:48:24,
b6c7a751,ee72568a,Piece,1,2,20,16/01/2025,Cash,16/01/2025 16:49:21,
1319863c,52cdaa61,KG,0.5,1,35,16/01/2025,Cash,16/01/2025 21:57:35,
7dc09a76,38488d32,Liter,1,3,168,17/01/2025,Cash,17/01/2025 11:16:42,
a74d4359,38488d48,KG,1,1,75,17/01/2025,Cash,17/01/2025 11:17:22,
a59132a9,38488d68,KG,1,1,150,17/01/2025,Cash,17/01/2025 17:26:20,
5a7b5373,4bf7984b,KG,5,1,240,17/01/2025,Cash,17/01/2025 17:27:23,
0d8a9861,38488d59,KG,1,1,160,17/01/2025,Cash,17/01/2025 19:32:59,
a2f1eb61,38488d60,KG,1,1,160,17/01/2025,Cash,17/01/2025 19:34:55,
4e01ab5b,38488d32,Liter,1,3,168,18/01/2025,Cash,18/01/2025 10:04:29,
ec8ada31,38488d48,KG,1,1,75,18/01/2025,Cash,18/01/2025 10:05:45,
1161cd0a,38488d38,KG,0.6,2,110,18/01/2025,Cash,18/01/2025 10:06:08,
ee66f954,38488d63,KG,1.5,1,50,18/01/2025,Cash,18/01/2025 10:06:32,
13a20dc2,aedf0e7f,KG,1,1,60,18/01/2025,Cash,18/01/2025 16:39:52,
b92b57d5,5040fe86,KG,2,1,40,18/01/2025,Cash,18/01/2025 16:41:12,
fbb6d0b8,38488d32,Liter,1,5,280,19/01/2025,Cash,19/01/2025 11:53:10,
2eb9af27,1870042c,KG,2.5,1,60,19/01/2025,Cash,19/01/2025 11:53:47,
8c5a88f4,38488d66,KG,2.5,1,100,19/01/2025,Cash,19/01/2025 11:54:30,
31353259,2bdbfdb6,KG,1.25,1,125,19/01/2025,Cash,19/01/2025 11:54:52,
501ba4af,2bdbfdb8,Piece,1,2,20,19/01/2025,Cash,19/01/2025 11:55:40,
83c3ee7e,38488d47,KG,30,1,900,19/01/2025,Cash,19/01/2025 17:46:54,
7456cba2,1870042c,KG,5,1,80,19/01/2025,Cash,19/01/2025 17:47:24,
ed555f56,38488d32,Liter,1,2,112,20/01/2025,Cash,20/01/2025 10:51:33,
c2d51dc1,38488d48,KG,1.5,1,110,20/01/2025,Cash,20/01/2025 10:52:02,
faea2d45,38488d68,KG,0.5,2,140,20/01/2025,Cash,20/01/2025 10:52:30,
b3cea53f,aadb68ed,KG,0.1,1,43,20/01/2025,Cash,20/01/2025 10:52:51,
275658fe,0a777579,Piece,1,4,40,20/01/2025,Cash,20/01/2025 10:53:36,
9be46831,1d9fc2aa,Piece,1,4,40,20/01/2025,Cash,20/01/2025 10:55:25,
5f8ade02,38488d32,Liter,1,2,112,21/01/2025,Cash,21/01/2025 11:31:59,
5cf60a10,38488d48,KG,1,1,75,21/01/2025,Cash,21/01/2025 11:32:17,
833c236d,38488d38,KG,0.6,1,55,21/01/2025,Cash,21/01/2025 11:32:47,
beb0558d,38488d71,KG,2,1,80,21/01/2025,Cash,21/01/2025 11:33:38,
9ff1bd57,38488d32,Liter,1,2,112,21/01/2025,Cash,21/01/2025 19:54:57,
4061cbbf,fcd75bd5,Piece,1,1,10,21/01/2025,Cash,21/01/2025 19:55:21,
223a301c,2f5f74e8,Piece,1,1,60,21/01/2025,Cash,21/01/2025 19:57:30,
4b2292a4,38488d69,KG,0.25,1,110,21/01/2025,Cash,21/01/2025 19:58:44,
7c7f9e63,38488d72,KG,1,1,40,21/01/2025,Cash,21/01/2025 22:06:09,
ca56ce43,38488d36,KG,1,1,60,21/01/2025,Cash,21/01/2025 22:06:52,
a0fc6981,38488d82,KG,1,1,60,21/01/2025,Cash,21/01/2025 22:07:14,
2af27749,38488d33,KG,5,1,50,21/01/2025,Cash,21/01/2025 22:07:48,
9aa593ee,38488d34,KG,1.5,1,60,21/01/2025,Cash,21/01/2025 22:08:19,
649b9365,38488d35,KG,2,1,40,21/01/2025,Cash,21/01/2025 22:08:40,
2dc9524b,38488d63,KG,3,1,80,21/01/2025,Cash,21/01/2025 22:09:21,
0076f189,38488d71,KG,3,1,60,21/01/2025,Cash,21/01/2025 22:09:57,
27000938,38488d84,KG,3,1,100,21/01/2025,Cash,21/01/2025 22:10:28,
ffdcffb1,38488d68,KG,6,1,200,21/01/2025,Cash,21/01/2025 22:11:19,
08a61148,5040fe86,KG,3,1,50,21/01/2025,Cash,21/01/2025 22:11:42,
30e65afe,0c53ef5a,KG,0.2,1,10,21/01/2025,Cash,21/01/2025 22:12:23,
63d1a95d,a31d5abb,KG,0.5,1,100,21/01/2025,Cash,21/01/2025 22:12:58,
b8ccb6dc,38488d32,Liter,1,2,116,22/01/2025,Cash,22/01/2025 11:22:52,
466d2cd8,38488d38,KG,0.6,4,220,22/01/2025,Cash,22/01/2025 11:23:21,
b3b9359a,0c53ef5a,KG,0.15,1,10,22/01/2025,Cash,22/01/2025 18:43:35,
4f292d47,7836518d,Piece,1,1,70,22/01/2025,Cash,22/01/2025 18:44:35,
4cdc3cc9,859c1eff,Piece,1,2,20,22/01/2025,Cash,22/01/2025 18:45:59,
a30bbe3d,38488d42,Piece,1,3,84,22/01/2025,Cash,22/01/2025 19:00:47,
d598da48,38488d32,KG,0.5,1,58,22/01/2025,Cash,22/01/2025 19:01:39,
a00d787d,ed69c25d,Piece,1,1,30,22/01/2025,Cash,22/01/2025 19:02:08,
5e8940c6,ce05a0dc,Piece,1,2,20,22/01/2025,Cash,22/01/2025 21:12:32,
4af504f5,38488d32,Liter,1,3,168,23/01/2025,Cash,23/01/2025 12:28:45,
b3e75fde,38488d48,KG,1.5,1,110,23/01/2025,Cash,23/01/2025 12:30:09,
7be8addc,38488d38,KG,0.6,1,55,23/01/2025,Cash,23/01/2025 12:30:56,
2de136a8,38488d78,KG,1,1,55,23/01/2025,Cash,23/01/2025 12:31:18,
b8fc99ee,070c1507,Piece,1,6,50,23/01/2025,Cash,23/01/2025 12:31:39,
873c7b54,1870042c,KG,5,1,80,23/01/2025,Cash,23/01/2025 17:52:36,
0175543e,cae57605,Piece,1,2,20,23/01/2025,Cash,23/01/2025 18:32:26,
8a47779e,38488d70,Piece,12,8,320,23/01/2025,Cash,23/01/2025 18:34:51,
0ec49b00,ce05a0dc,Piece,1,2,20,23/01/2025,Cash,23/01/2025 21:40:33,
81900ab7,38488d32,Liter,1,3,168,24/01/2025,Cash,24/01/2025 12:10:19,
db87230e,fcd75bd5,Piece,1,1,10,24/01/2025,Cash,24/01/2025 12:11:10,
20926b21,38488d32,Liter,1,3,168,25/01/2025,Cash,25/01/2025 14:21:26,
7e004f2e,38488d43,KG,1,1,50,25/01/2025,Cash,25/01/2025 14:21:59,
7c2b9909,38488d82,KG,0.5,1,40,25/01/2025,Cash,25/01/2025 14:23:48,
3e666b0c,a92f80eb,KG,50,1,650,25/01/2025,Cash,25/01/2025 20:05:18,
0a5e77d8,1870042c,KG,5,1,80,25/01/2025,Cash,25/01/2025 20:06:40,
f20b9dcf,38488d34,KG,0.25,1,15,25/01/2025,Cash,25/01/2025 20:06:58,
0fd786e2,5040fe86,KG,1.25,1,25,25/01/2025,Cash,25/01/2025 20:07:47,
ee674deb,0c53ef5a,KG,0.25,1,20,25/01/2025,Cash,25/01/2025 20:09:24,
2a6643f7,f578c988,Piece,1,1,80,25/01/2025,Cash,25/01/2025 21:54:26,
2639e87d,38488d48,KG,0.5,1,35,25/01/2025,Cash,25/01/2025 21:56:18,
ebc6a89c,38488d32,Liter,1,3,168,26/01/2025,Cash,26/01/2025 14:46:22,
ff1dfb43,38488d34,KG,1,1,60,26/01/2025,Cash,26/01/2025 14:46:39,
141a9a05,38488d72,KG,0.5,1,20,26/01/2025,Cash,26/01/2025 14:47:05,
3f986c40,38488d51,KG,1.5,1,420,26/01/2025,Cash,26/01/2025 14:49:17,
b0b3a921,38488d46,Liter,0.75,1,40,26/01/2025,Cash,26/01/2025 14:49:35,
d9dd95b0,6b5d3659,KG,0.5,4,520,26/01/2025,Cash,26/01/2025 14:50:01,
a94cd3dd,a981144a,Piece,1,1,20,26/01/2025,Cash,26/01/2025 14:51:55,
cdccc70c,38488d55,Piece,1,3,30,26/01/2025,Cash,26/01/2025 21:02:41,
03ca2f9f,e73a4f6b,Piece,1,14,70,26/01/2025,Cash,26/01/2025 21:07:31,
22170373,38488d32,KG,0.5,1,29,26/01/2025,Cash,26/01/2025 21:11:08,
dbaa91bd,38488d32,Liter,1,3,168,27/01/2025,Cash,27/01/2025 10:08:14,
86c307a0,38488d48,KG,1,2,150,27/01/2025,Cash,27/01/2025 10:08:54,
546b8740,38488d38,KG,0.6,1,55,27/01/2025,Cash,27/01/2025 10:09:38,
1d1b4dc0,38488d68,KG,0.5,2,140,27/01/2025,Cash,27/01/2025 10:10:02,
ff462dc2,38488d72,KG,0.5,1,20,27/01/2025,Cash,27/01/2025 10:10:48,
2190c75e,1d9fc2aa,Piece,1,4,40,27/01/2025,Cash,27/01/2025 10:38:55,
3c46f568,0a777579,Piece,1,4,40,27/01/2025,Cash,27/01/2025 10:39:51,
3285c220,49bab0db,Piece,1,1,50,27/01/2025,Cash,27/01/2025 10:40:37,
8b00e37d,5040fe86,KG,2,1,40,27/01/2025,Cash,27/01/2025 18:08:09,
6d36fa6c,818ce46b,KG,1.5,1,100,27/01/2025,Cash,27/01/2025 18:08:43,
e2cdb350,38488d59,KG,1,1,160,27/01/2025,Cash,27/01/2025 20:24:22,
58883b9b,38488d32,Liter,1,3,168,28/01/2025,Cash,28/01/2025 18:57:47,
274ccd1b,38488d48,KG,0.5,2,70,28/01/2025,Cash,28/01/2025 18:58:04,
c8b70997,38488d68,KG,0.5,1,20,28/01/2025,Cash,28/01/2025 19:00:17,
619c3a3f,38488d38,KG,0.6,1,55,28/01/2025,Cash,28/01/2025 19:01:22,
045bad44,ee4c7cc6,KG,1,1,250,28/01/2025,Cash,28/01/2025 19:02:28,
e7d90425,fcd75bd5,Piece,1,1,10,28/01/2025,Cash,28/01/2025 19:04:29,
7d987c27,38488d69,KG,0.25,1,110,28/01/2025,Cash,28/01/2025 19:05:01,
67641f8c,31170873,Piece,1,1,150,28/01/2025,Cash,28/01/2025 19:06:33,
b8527e7e,38488d33,KG,5,1,70,28/01/2025,Cash,28/01/2025 21:20:09,
17810cad,38488d34,KG,1.5,1,50,28/01/2025,Cash,28/01/2025 21:20:46,
6f07c699,38488d35,KG,2,1,30,28/01/2025,Cash,28/01/2025 21:21:24,
deecc1d8,38488d36,KG,1.5,1,90,28/01/2025,Cash,28/01/2025 21:21:39,
7d656c6b,38488d72,KG,1,1,40,28/01/2025,Cash,28/01/2025 21:22:25,
a430d916,38488d68,KG,5,1,150,28/01/2025,Cash,28/01/2025 21:24:22,
2d2a7c26,38488d63,KG,2,1,50,28/01/2025,Cash,28/01/2025 21:25:02,
7bd19963,38488d82,KG,1.5,1,100,28/01/2025,Cash,28/01/2025 21:25:28,
d563ce1b,818ce46b,KG,1.5,1,75,28/01/2025,Cash,28/01/2025 21:26:20,
82340965,38488d84,KG,1.5,1,60,28/01/2025,Cash,28/01/2025 21:27:00,
3a127e70,5040fe86,KG,5,1,100,28/01/2025,Cash,28/01/2025 21:27:26,
b9f61efb,a31d5abb,KG,1,1,220,28/01/2025,Cash,28/01/2025 21:27:56,
914392d6,7cfdeddd,KG,0.75,1,50,28/01/2025,Cash,28/01/2025 21:28:24,
e83ff8cb,38488d32,Liter,1,3,165,29/01/2025,Cash,29/01/2025 17:59:29,
26ccde63,df878bc5,KG,1.5,1,60,29/01/2025,Cash,29/01/2025 21:21:20,
7ad634af,38488d32,Liter,1,3,168,30/01/2025,Cash,30/01/2025 11:03:47,
f48d45b3,38488d48,KG,1,1,75,30/01/2025,Cash,30/01/2025 11:04:11,
f4b91a95,38488d38,KG,0.6,1,55,30/01/2025,Cash,30/01/2025 11:06:09,
b0aa8c1e,1870042c,KG,2,1,40,30/01/2025,Cash,30/01/2025 11:08:18,
900a4c4d,070c1507,Piece,1,6,50,30/01/2025,Cash,30/01/2025 18:14:17,
cdce0e83,c066447f,Piece,1,1,30,30/01/2025,Cash,30/01/2025 18:15:26,
127da949,38488d32,Liter,1,3,168,31/01/2025,Cash,31/01/2025 17:15:50,
ea9c1ad9,3f40d071,Piece,12,10,500,31/01/2025,Cash,31/01/2025 17:16:48,
22bf5002,0c53ef5a,KG,0.1,1,10,31/01/2025,Cash,31/01/2025 17:19:30,
d3be4e92,1870042c,KG,2,1,40,31/01/2025,Cash,31/01/2025 19:58:39,
34b04355,38488d32,Liter,1,1,56,01/02/2025,Cash,01/02/2025 19:29:53,
56dc3650,cada76f2,Piece,1,1,70,01/02/2025,Cash,01/02/2025 19:30:14,
e4677b20,7836518d,KG,1,4,385,01/02/2025,Cash,01/02/2025 19:33:14,
8582028b,dbb02cb4,Piece,1,1,70,01/02/2025,Cash,01/02/2025 19:35:01,
680c1252,38488d51,KG,1,1,280,01/02/2025,Cash,01/02/2025 19:37:44,
7853daa0,2bdbfdb6,KG,1.25,1,125,01/02/2025,Cash,01/02/2025 19:38:48,
1421c475,2bdbfdb8,Piece,1,2,20,01/02/2025,Cash,01/02/2025 19:40:14,
ce54ba9b,9f37f7c4,KG,3,1,390,01/02/2025,Cash,01/02/2025 19:40:41,
b342b140,e9fd60e0,Piece,12,2,100,01/02/2025,Cash,01/02/2025 22:06:08,
7b124274,ca772109,KG,0.5,1,50,01/02/2025,Cash,01/02/2025 22:07:49,
541d463d,6b5d3659,KG,1,1,260,01/02/2025,Cash,01/02/2025 22:09:23,
071755a4,074f02cb,Piece,1,1,45,01/02/2025,Cash,01/02/2025 22:10:06,
bdc9dc11,38488d32,Liter,1,5,280,02/02/2025,Cash,02/02/2025 17:59:41,
8797572c,38488d48,KG,1,1,75,02/02/2025,Cash,02/02/2025 18:00:00,
8bd212bc,fcd75bd5,KG,1,1,10,02/02/2025,Cash,02/02/2025 18:00:15,
48a8bed8,321025f2,Piece,1,5,100,02/02/2025,Cash,02/02/2025 18:01:26,
2b4038c9,38488d32,Liter,1,1,56,02/02/2025,Cash,02/02/2025 20:03:27,
b81f15f4,38488d32,Liter,1,3,168,03/02/2025,Cash,03/02/2025 12:40:19,
86640265,38488d50,KG,1.5,1,50,03/02/2025,Cash,03/02/2025 12:40:32,
91547839,fcd75bd5,Piece,1,1,10,03/02/2025,Cash,03/02/2025 12:41:23,
65b8836d,3f40d071,Piece,12,5,250,03/02/2025,Cash,03/02/2025 12:41:51,
21e06be7,5040fe86,KG,2.5,1,50,03/02/2025,Cash,03/02/2025 18:12:42,
bf590717,38488d63,KG,1.5,1,60,03/02/2025,Cash,03/02/2025 18:13:18,
be4c877e,38488d35,KG,0.5,1,10,03/02/2025,Cash,03/02/2025 18:13:53,
19e660d4,38488d68,KG,0.5,1,70,03/02/2025,Cash,03/02/2025 18:14:11,
323c61e6,38488d57,KG,0.25,1,30,03/02/2025,Cash,03/02/2025 18:15:34,
c3aa4c7f,2f5f74e8,Piece,1,1,50,03/02/2025,Cash,03/02/2025 18:16:13,
968ca486,38488d62,KG,1,4,240,03/02/2025,Cash,03/02/2025 18:17:14,
a6580a5e,ee72568a,Piece,1,1,50,03/02/2025,Cash,03/02/2025 18:17:59,
7a1d6bc6,2c4d95ef,KG,0.25,1,40,03/02/2025,Cash,03/02/2025 18:18:25,
fca254be,0d604b3e,KG,0.5,1,130,03/02/2025,Cash,03/02/2025 19:36:12,
d24167d9,38488d32,Liter,1,3,168,04/02/2025,Cash,04/02/2025 09:11:45,
4fc313df,38488d38,KG,0.6,1,55,04/02/2025,Cash,04/02/2025 09:12:00,
8c4b0c37,38488d48,KG,0.5,1,35,04/02/2025,Cash,04/02/2025 09:12:16,
9b401c9f,38488d66,KG,4,1,140,04/02/2025,Cash,04/02/2025 17:19:35,
f5fa1b22,38488d32,KG,0.5,3,84,04/02/2025,Cash,04/02/2025 20:59:24,
44a45366,fcd75bd5,Piece,1,1,10,04/02/2025,Cash,04/02/2025 21:00:10,
40b37de0,38488d34,KG,1.5,1,60,04/02/2025,Cash,04/02/2025 21:01:03,
6d4316e7,38488d35,KG,2,1,30,04/02/2025,Cash,04/02/2025 21:01:53,
277b7dab,38488d69,KG,0.25,1,110,04/02/2025,Cash,04/02/2025 21:03:35,
ccc484ba,38488d68,KG,5,1,100,04/02/2025,Cash,04/02/2025 21:05:25,
1db1d2e2,38488d63,KG,2,1,60,04/02/2025,Cash,04/02/2025 21:07:47,
4b1d49ba,5040fe86,KG,3,1,60,04/02/2025,Cash,04/02/2025 21:12:08,
66e2f111,38488d84,KG,3,1,80,04/02/2025,Cash,04/02/2025 21:13:14,
2645079c,e73a4f6b,Piece,1,2,40,04/02/2025,Cash,04/02/2025 21:13:55,
5d3b6500,1cab637b,Piece,1,6,100,04/02/2025,Cash,04/02/2025 21:23:17,
fab8f893,0390b81d,Piece,1,7,170,04/02/2025,Cash,04/02/2025 21:27:30,
05742d38,38488d36,KG,1,1,70,04/02/2025,Cash,04/02/2025 21:58:57,
38b79060,38488d82,KG,1.5,1,90,04/02/2025,Cash,04/02/2025 21:59:16,
760279f2,38488d32,KG,0.5,1,28,04/02/2025,Cash,04/02/2025 21:59:40,
03c806d8,7cfdeddd,KG,0.5,1,40,04/02/2025,Cash,04/02/2025 22:13:33,
2271cd3d,38488d72,KG,0.8,1,30,04/02/2025,Cash,04/02/2025 22:15:26,
15552859,38488d33,KG,2,1,40,04/02/2025,Cash,04/02/2025 22:16:04,
dcd95aae,38488d32,Liter,1,3,168,05/02/2025,Cash,05/02/2025 17:49:24,
c292cf6e,38488d48,KG,1,1,75,05/02/2025,Cash,05/02/2025 17:50:05,
83e6bbb9,38488d38,KG,0.6,1,55,05/02/2025,Cash,05/02/2025 19:17:21,
cef30eb4,38488d48,KG,0.5,1,35,05/02/2025,Cash,05/02/2025 19:18:11,
ab046501,38488d32,Liter,0.5,2,56,05/02/2025,Cash,05/02/2025 19:18:29,
ff6d94e9,38488d59,KG,0.5,1,80,05/02/2025,Cash,05/02/2025 21:25:29,
b5e58702,316fcd40,KG,3,1,180,05/02/2025,Cash,05/02/2025 21:27:15,
4907b094,38488d32,Liter,1,3,168,06/02/2025,Cash,06/02/2025 08:49:56,
af99d662,38488d38,KG,0.6,3,165,06/02/2025,Cash,06/02/2025 08:52:55,
dfe667f8,38488d51,KG,0.3,1,85,06/02/2025,Cash,06/02/2025 18:55:32,
9663ef48,38488d32,Liter,1,3,168,07/02/2025,Cash,07/02/2025 18:14:33,
dcc117ad,38488d48,KG,1.5,1,110,07/02/2025,Cash,07/02/2025 18:15:32,
676d90c9,38488d72,KG,0.5,1,20,07/02/2025,Cash,07/02/2025 18:16:25,
7966c122,38488d33,KG,2,1,40,07/02/2025,Cash,07/02/2025 18:18:06,
365b9766,5040fe86,KG,2,1,40,07/02/2025,Cash,07/02/2025 18:18:33,
ba153ec0,18374158,Piece,1,2,300,07/02/2025,Cash,07/02/2025 18:19:18,
bfc70e86,1a4280e2,KG,2,1,400,07/02/2025,Cash,07/02/2025 18:22:22,
cc6ce934,cce54458,KG,0.5,2,140,07/02/2025,Cash,07/02/2025 21:38:35,
c083082f,38488d78,KG,1,1,55,07/02/2025,Cash,07/02/2025 21:45:08,
ff6f2ece,070c1507,Liter,1,6,50,07/02/2025,Cash,07/02/2025 21:48:25,
ce8ec43d,bfd804f4,Piece,1,1,43,07/02/2025,Cash,07/02/2025 21:55:35,
dce5908d,38488d32,Liter,1,1,56,08/02/2025,Cash,08/02/2025 10:18:55,
5fe8ca85,38488d48,KG,0.5,1,35,08/02/2025,Cash,08/02/2025 10:19:24,
806878d2,38488d38,KG,0.6,1,55,08/02/2025,Cash,08/02/2025 17:45:14,
2f124738,6eac27e1,Piece,1,2,120,08/02/2025,Cash,08/02/2025 20:55:47,
d0b3726e,fb23b3a4,Piece,1,1,80,08/02/2025,Cash,08/02/2025 21:00:03,
4f02eac7,38488d32,Liter,1,3,168,09/02/2025,Cash,09/02/2025 12:01:39,
65017a0b,38488d48,KG,1,1,75,09/02/2025,Cash,09/02/2025 12:02:01,
7a5b0cbe,38488d55,Piece,1,2,20,09/02/2025,Cash,09/02/2025 12:02:18,
5a8ac54c,1870042c,KG,3,1,60,09/02/2025,Cash,09/02/2025 12:02:52,
d6525370,38488d39,KG,0.3,1,20,09/02/2025,Cash,09/02/2025 12:03:21,
a59a4d2d,38488d51,KG,0.75,1,210,09/02/2025,Cash,09/02/2025 12:03:46,
942598b6,a92f80eb,KG,50,1,580,09/02/2025,Cash,09/02/2025 12:55:23,
af54e0df,1870042c,KG,15,1,225,09/02/2025,Cash,09/02/2025 12:56:42,
e8b5b4a8,38488d47,KG,26,1,830,09/02/2025,Cash,09/02/2025 12:58:38,
573b5487,38488d72,KG,1,1,20,09/02/2025,Cash,09/02/2025 12:59:43,
0cfdcd67,c8847587,Piece,1,1,100,09/02/2025,Cash,09/02/2025 13:00:12,
6e34afd1,859c1eff,Piece,1,2,20,09/02/2025,Cash,09/02/2025 13:01:04,
f6b44fc8,38488d79,Piece,1,10,100,09/02/2025,Cash,09/02/2025 19:06:22,
864c2f50,38488d32,KG,0.5,5,140,09/02/2025,Cash,09/02/2025 19:07:47,
de60892e,38488d32,Liter,1,3,168,10/02/2025,Cash,10/02/2025 09:27:49,
531dd5a0,fcd75bd5,Piece,1,1,10,10/02/2025,Cash,10/02/2025 09:30:30,
6672be06,38488d32,Liter,2.5,1,140,21/02/2025,Cash,21/02/2025 11:17:25,
9ca0f660,38488d43,KG,1,1,60,21/02/2025,Cash,21/02/2025 11:18:23,
163c52e8,859c1eff,Piece,1,1,10,21/02/2025,Cash,21/02/2025 11:18:41,
e25984ba,38488d33,KG,2.5,1,50,21/02/2025,Cash,21/02/2025 18:34:50,
15e7e504,38488d32,Liter,2.5,1,140,22/02/2025,Cash,22/02/2025 10:48:13,
62766a89,38488d40,KG,0.5,1,30,22/02/2025,Cash,22/02/2025 10:48:33,
cfae448a,7cfdeddd,KG,0.25,1,30,22/02/2025,Cash,22/02/2025 10:48:57,
6a93c26e,38488d66,KG,3,1,150,22/02/2025,Cash,22/02/2025 10:49:38,
5c303234,3f40d071,Piece,12,6,300,22/02/2025,Cash,22/02/2025 10:50:02,
a9096e10,38488d84,KG,2,1,80,22/02/2025,Cash,22/02/2025 17:06:33,
5c892c5e,5040fe86,KG,1,1,20,22/02/2025,Cash,22/02/2025 17:07:09,
27dd6d2d,3095f6ad,KG,1,1,48,22/02/2025,Cash,22/02/2025 17:07:51,
6f060255,dbb02cb4,Piece,1,1,30,22/02/2025,Cash,22/02/2025 17:09:42,
cec9d630,c5d20e32,Piece,1,1,100,22/02/2025,Cash,22/02/2025 17:22:55,
ca45b3f8,4c6b0ef8,Piece,1,1,100,22/02/2025,Cash,22/02/2025 17:23:31,
47051a6b,38488d47,KG,10,1,400,22/02/2025,Cash,22/02/2025 20:04:04,
0e4718de,1870042c,KG,5,1,75,22/02/2025,Cash,22/02/2025 20:04:49,
d41f257b,38488d36,KG,1,1,60,22/02/2025,Cash,22/02/2025 20:05:12,
3bc215ff,38488d32,Liter,1,3,168,23/02/2025,Cash,23/02/2025 09:33:14,
c80a0ca1,38488d34,KG,0.75,1,30,23/02/2025,Cash,23/02/2025 09:33:44,
12a5cfd0,38488d51,KG,1,1,280,23/02/2025,Cash,23/02/2025 09:40:21,
14c3db5f,fcd75bd5,Piece,1,1,10,23/02/2025,Cash,23/02/2025 09:40:45,
22f86fd2,38488d48,KG,1,1,75,23/02/2025,Cash,23/02/2025 12:56:51,
3f160fab,38488d55,Piece,1,2,20,23/02/2025,Cash,23/02/2025 12:58:38,
d78d7f0e,4c6b0ef8,Piece,1,1,200,23/02/2025,Cash,23/02/2025 12:59:02,
b1be04ff,38488d79,Piece,1,10,100,23/02/2025,Cash,23/02/2025 17:43:30,
94d8eb3f,38488d32,Liter,1.5,1,84,24/02/2025,Cash,24/02/2025 17:25:49,
ddc26f49,fcde63e0,KG,0.2,1,30,24/02/2025,Cash,24/02/2025 17:26:49,
ad53db9f,38488d72,KG,0.5,1,20,24/02/2025,Cash,24/02/2025 17:27:37,
f44a5b1a,38488d38,KG,0.6,1,55,24/02/2025,Cash,24/02/2025 17:29:11,
716039ce,38488d35,KG,1,1,20,24/02/2025,Cash,24/02/2025 17:30:01,
04735ee4,38488d63,KG,1.5,1,60,24/02/2025,Cash,24/02/2025 17:30:27,
a2f0ac0b,38488d57,KG,0.3,1,30,24/02/2025,Cash,24/02/2025 17:30:54,
74de77da,38488d62,KG,1,4,240,24/02/2025,Cash,24/02/2025 17:31:17,
878e8a2d,ee72568a,Piece,1,1,55,24/02/2025,Cash,24/02/2025 17:31:59,
b4ca43e5,2c4d95ef,KG,0.25,1,40,24/02/2025,Cash,24/02/2025 17:32:20,
884c273f,38488d68,KG,0.5,1,70,24/02/2025,Cash,24/02/2025 17:34:03,
7caaa956,2f5f74e8,Piece,1,1,60,24/02/2025,Cash,24/02/2025 19:27:48,
ecbb892f,38488d32,Liter,1.5,1,84,25/02/2025,Cash,25/02/2025 10:55:54,
2352c2e0,38488d48,KG,1.5,1,110,25/02/2025,Cash,25/02/2025 10:56:19,
a01b9ecd,38488d38,KG,0.6,1,55,25/02/2025,Cash,25/02/2025 10:58:17,
99925184,38488d33,KG,1.5,1,40,25/02/2025,Cash,25/02/2025 11:05:14,
0acaff71,5b074625,KG,0.5,1,64,25/02/2025,Cash,25/02/2025 11:06:34,
4729d740,15880a38,Piece,1,1,70,25/02/2025,Cash,25/02/2025 15:19:06,
0599a493,3ed563fc,Piece,1,10,300,25/02/2025,Cash,25/02/2025 16:56:21,
4434c325,bf503910,Piece,1,2,80,25/02/2025,Cash,25/02/2025 16:57:21,
54ea8547,090f0992,Piece,1,1,60,25/02/2025,Cash,25/02/2025 16:58:56,
6913c511,38488d69,KG,0.25,1,110,25/02/2025,Cash,25/02/2025 19:42:39,
1108330a,2f5f74e8,Piece,1,1,50,25/02/2025,Cash,25/02/2025 19:43:25,
4202beb2,38488d32,KG,0.5,4,116,25/02/2025,Cash,25/02/2025 19:45:19,
39896c80,38488d72,KG,1,1,30,25/02/2025,Cash,25/02/2025 20:47:16,
998584dd,38488d35,KG,2,1,40,25/02/2025,Cash,25/02/2025 20:47:33,
5d804f58,38488d63,KG,1.5,1,40,25/02/2025,Cash,25/02/2025 20:47:48,
cb48e481,38488d82,KG,1,1,70,25/02/2025,Cash,25/02/2025 20:48:23,
d9150d1c,7cfdeddd,KG,0.5,1,60,25/02/2025,Cash,25/02/2025 20:49:25,
885d99a0,38488d84,KG,2,1,40,25/02/2025,Cash,25/02/2025 20:50:04,
03fb6735,5040fe86,KG,3,1,50,25/02/2025,Cash,25/02/2025 20:51:09,
17ae367d,61deb399,KG,1.5,1,90,25/02/2025,Cash,25/02/2025 20:51:46,
13237b19,38488d84,KG,1,2,40,25/02/2025,Cash,25/02/2025 20:52:35,
180205c3,0390b81d,Piece,1,6,150,25/02/2025,Cash,25/02/2025 20:53:19,
e4427c04,a31d5abb,KG,1,1,130,25/02/2025,Cash,25/02/2025 20:55:00,
5e7ec900,fcd75bd5,Piece,1,1,10,25/02/2025,Cash,25/02/2025 20:57:36,
b89b3aba,38488d34,KG,1,1,30,25/02/2025,Cash,25/02/2025 21:49:48,
c1a6f8ed,4340a96c,KG,0.5,1,30,25/02/2025,Cash,25/02/2025 21:53:12,
22f0bb3d,38488d32,Liter,1,5,280,26/02/2025,Cash,26/02/2025 10:34:26,
45dfc4eb,38488d48,KG,0.5,1,35,26/02/2025,Cash,26/02/2025 10:34:45,
c4a2e6d3,38488d38,KG,0.6,1,55,26/02/2025,Cash,26/02/2025 10:35:17,
70a3cf87,5ffd1260,KG,0.2,1,110,26/02/2025,Cash,26/02/2025 14:39:17,
59755983,38488d33,KG,2,1,50,26/02/2025,Cash,26/02/2025 16:47:56,
6f14ed9b,38488d50,KG,0.5,1,20,26/02/2025,Cash,26/02/2025 16:48:14,
41f3e0bc,38488d32,Liter,1,1,56,26/02/2025,Cash,26/02/2025 21:10:26,
7fe9bda6,38488d32,Liter,2.5,1,140,27/02/2025,Cash,27/02/2025 17:21:29,
18a98e56,38488d38,KG,0.6,1,60,27/02/2025,Cash,27/02/2025 17:22:07,
c18a274d,38488d43,KG,1,1,60,27/02/2025,Cash,27/02/2025 17:22:25,
d5dfe1e7,38488d47,KG,25,1,875,27/02/2025,Cash,27/02/2025 17:22:50,
dfd8cac9,1870042c,KG,5,1,70,27/02/2025,Cash,27/02/2025 17:23:32,
ea0f673c,3f5a9999,Liter,5,1,300,27/02/2025,Cash,27/02/2025 17:56:57,
2ebaa5b3,89e823ea,KG,0.5,4,340,27/02/2025,Cash,27/02/2025 17:58:31,
18685731,38488d32,Liter,2.5,1,140,28/02/2025,Cash,28/02/2025 13:04:33,
acddc235,070c1507,Piece,1,6,50,28/02/2025,Cash,28/02/2025 13:04:58,
0358bbb5,38488d68,KG,0.5,1,75,28/02/2025,Cash,28/02/2025 18:31:36,
420926b6,38488d55,Piece,1,2,20,28/02/2025,Cash,28/02/2025 18:32:29,
d8e5f0b0,e73a4f6b,Piece,1,2,20,28/02/2025,Cash,28/02/2025 21:46:10,
2fac4224,38488d32,Liter,2.5,1,140,01/03/2025,Cash,01/03/2025 20:06:21,
9c5bc340,38488d48,KG,1,2,150,01/03/2025,Cash,01/03/2025 20:06:38,
81ed8822,38488d38,KG,0.6,1,55,01/03/2025,Cash,01/03/2025 20:06:56,
5577f4b3,38488d59,Piece,1,1,10,01/03/2025,Cash,01/03/2025 21:29:27,
7d8b16dd,38488d32,Liter,1,3,168,02/03/2025,Cash,02/03/2025 09:38:35,
e176ccb1,1870042c,KG,2,1,40,02/03/2025,Cash,02/03/2025 09:39:00,
220752b0,38488d51,KG,1,1,280,02/03/2025,Cash,02/03/2025 09:39:35,
821ce89d,38488d66,KG,3,1,150,02/03/2025,Cash,02/03/2025 09:40:11,
73659a22,38488d68,KG,1,1,150,02/03/2025,Cash,02/03/2025 09:40:54,
c9052760,38488d55,Piece,1,2,20,02/03/2025,Cash,02/03/2025 09:41:42,
18ee4b71,38488d48,KG,0.2,1,20,02/03/2025,Cash,02/03/2025 09:42:18,
a83869e7,38488d36,KG,0.5,1,50,02/03/2025,Cash,02/03/2025 09:44:11,
4dc89e31,38488d48,KG,0.5,2,70,02/03/2025,Cash,02/03/2025 19:06:59,
cfa93563,38488d42,Piece,1,2,130,02/03/2025,Cash,02/03/2025 19:07:27,
af30bde0,38488d32,Liter,0.5,2,56,02/03/2025,Cash,02/03/2025 19:10:32,
dce03191,38488d32,Liter,1,3,172,03/03/2025,Cash,03/03/2025 09:10:34,
9934eab7,1870042c,KG,5,1,75,03/03/2025,Cash,03/03/2025 17:13:26,
315744bf,38488d35,KG,0.5,1,15,03/03/2025,Cash,03/03/2025 17:14:00,
5866f2ac,38488d37,KG,2,1,50,03/03/2025,Cash,03/03/2025 17:14:32,
7b0b6664,0c53ef5a,KG,0.25,1,15,03/03/2025,Cash,03/03/2025 17:15:23,
0b4483fd,5040fe86,KG,3,1,60,03/03/2025,Cash,03/03/2025 18:34:01,
87da2573,38488d68,KG,0.5,2,140,03/03/2025,Cash,03/03/2025 18:44:41,
2dfbbb64,38488d34,KG,0.25,1,15,03/03/2025,Cash,03/03/2025 18:45:14,
60fcff6c,38488d72,KG,1,1,50,03/03/2025,Cash,03/03/2025 18:45:48,
b5a10ce6,38488d32,Liter,1,3,168,04/03/2025,Cash,04/03/2025 08:55:47,
6fe5e92e,38488d36,KG,0.25,1,20,04/03/2025,Cash,04/03/2025 08:56:04,
edae1c07,38488d48,KG,1,1,75,04/03/2025,Cash,04/03/2025 08:56:37,
c264d4c3,38488d82,KG,0.25,1,20,04/03/2025,Cash,04/03/2025 08:56:55,
12e01ef0,df878bc5,KG,1.25,1,50,04/03/2025,Cash,04/03/2025 08:57:30,
39a030fa,35cf7f7d,Piece,1,1,250,04/03/2025,Cash,04/03/2025 11:59:10,
d678b920,38488d69,Piece,0.25,1,110,04/03/2025,Cash,04/03/2025 17:28:46,
e02aee9b,fcd75bd5,Piece,1,1,10,04/03/2025,Cash,04/03/2025 17:30:16,
75b35ab3,090f0992,Liter,0.75,2,120,04/03/2025,Cash,04/03/2025 18:42:14,
f25781fe,7211596c,Piece,12,1,100,04/03/2025,Cash,04/03/2025 18:43:05,
8e7924d1,5040fe86,KG,3,1,60,04/03/2025,Cash,04/03/2025 21:02:06,
24ae5bc4,38488d63,KG,2,1,40,04/03/2025,Cash,04/03/2025 21:04:01,
886460fd,38488d34,KG,1.5,1,50,04/03/2025,Cash,04/03/2025 21:04:24,
201da37d,38488d37,KG,2,1,40,04/03/2025,Cash,04/03/2025 21:04:47,
8abe1db3,38488d84,KG,1,1,40,04/03/2025,Cash,04/03/2025 21:05:41,
56fbd6a5,1870042c,KG,5,1,70,04/03/2025,Cash,04/03/2025 21:06:16,
ecd71357,38488d71,KG,4,1,80,04/03/2025,Cash,04/03/2025 21:08:38,
a2a69f51,38488d72,KG,1.5,1,60,04/03/2025,Cash,04/03/2025 21:10:30,
e84a70a3,61deb399,KG,1.5,1,90,04/03/2025,Cash,04/03/2025 21:11:00,
aa022b52,dbafb15e,KG,1.5,1,60,04/03/2025,Cash,04/03/2025 21:12:10,
9e88e40c,38488d32,KG,0.5,1,28,04/03/2025,Cash,04/03/2025 21:19:03,
32b85380,38488d36,KG,1.5,1,120,04/03/2025,Cash,04/03/2025 21:33:19,
d8db6666,38488d82,KG,1.5,1,120,04/03/2025,Cash,04/03/2025 21:37:31,
6c463167,a31d5abb,KG,1,1,130,04/03/2025,Cash,04/03/2025 21:38:52,
112ea2f0,7cfdeddd,KG,0.5,1,70,04/03/2025,Cash,04/03/2025 21:39:12,
ed34f3ac,38488d32,Liter,1,3,168,05/03/2025,Cash,05/03/2025 09:11:37,
7959762c,38488d38,KG,0.6,3,165,05/03/2025,Cash,05/03/2025 09:11:55,
28a66a62,38488d32,Liter,1.5,1,84,06/03/2025,Cash,06/03/2025 09:15:45,
100e50ed,38488d48,KG,1.5,1,105,06/03/2025,Cash,06/03/2025 09:16:11,
015c64c8,608e4a15,Piece,1,1,160,06/03/2025,Cash,06/03/2025 12:15:41,
a397b831,38488d59,KG,1,1,160,06/03/2025,Cash,06/03/2025 20:53:05,
a0557cc1,38488d60,KG,1,1,160,06/03/2025,Cash,06/03/2025 20:53:42,
7e2af24c,38488d32,Liter,2.5,1,140,07/03/2025,Cash,07/03/2025 10:49:46,
ba31cf1c,fcd75bd5,Piece,1,1,10,07/03/2025,Cash,07/03/2025 10:50:05,
8b023cf1,3f40d071,Piece,12,9,450,07/03/2025,Cash,07/03/2025 10:50:38,
8340b92f,913cb7c2,Piece,1,1,70,07/03/2025,Cash,07/03/2025 20:55:29,
c82569d5,38488d55,Piece,1,2,20,07/03/2025,Cash,07/03/2025 20:57:49,
a95252d3,38488d32,Liter,1,3,168,08/03/2025,Cash,08/03/2025 11:14:22,
69713647,38488d48,KG,1.5,1,110,08/03/2025,Cash,08/03/2025 11:14:41,
6663f263,38488d47,KG,30,1,900,08/03/2025,Cash,08/03/2025 15:20:38,
30fc87c0,a92f80eb,KG,50,1,620,08/03/2025,Cash,08/03/2025 15:21:02,
60089ffa,1870042c,KG,5,1,80,08/03/2025,Cash,08/03/2025 15:21:32,
3ae439a2,c4721744,Piece,1,2,100,08/03/2025,Cash,08/03/2025 17:21:41,
0d1aecf6,b530d255,Piece,1,1,50,08/03/2025,Cash,08/03/2025 17:23:06,
dc2ef22d,38488d76,Piece,50,4,160,08/03/2025,Cash,08/03/2025 17:24:03,
14878799,38488d76,KG,0.1,1,35,08/03/2025,Cash,08/03/2025 17:27:20,
81d5b1f3,fdfe568c,KG,0.4,1,60,08/03/2025,Cash,08/03/2025 17:27:50,
c16615cc,38488d33,KG,2,1,80,08/03/2025,Cash,08/03/2025 17:28:57,
a250024d,38488d43,KG,1,1,60,08/03/2025,Cash,08/03/2025 17:30:16,
512d39e6,98fc9f22,KG,2,1,800,08/03/2025,Cash,08/03/2025 19:03:12,
f6d66396,acd1b7b2,KG,0.2,1,65,08/03/2025,Cash,08/03/2025 19:05:18,
2b2bf2e7,910b2e49,KG,0.5,1,60,08/03/2025,Cash,08/03/2025 19:10:56,
4e93719f,070c1507,Piece,1,6,50,08/03/2025,Cash,08/03/2025 19:12:40,
7d0a6eb6,0496c7fa,Piece,1,7,60,08/03/2025,Cash,08/03/2025 19:13:18,
4f11b38d,e326a5bc,KG,2,1,140,08/03/2025,Cash,08/03/2025 20:28:53,
f48a000f,3095f6ad,KG,5,1,225,08/03/2025,Cash,08/03/2025 20:31:07,
c5f10dd4,1b935403,KG,0.5,2,80,08/03/2025,Cash,08/03/2025 20:35:01,
2134203e,38488d32,Liter,1,3,168,09/03/2025,Cash,09/03/2025 10:20:37,
fdfa7105,38488d48,KG,2.5,1,185,09/03/2025,Cash,09/03/2025 10:20:55,
4ca2325d,38488d34,KG,1.5,1,60,09/03/2025,Cash,09/03/2025 10:21:25,
10346e0c,38488d35,KG,0.5,1,20,09/03/2025,Cash,09/03/2025 10:21:47,
4a036256,38488d40,KG,0.3,1,20,09/03/2025,Cash,09/03/2025 10:22:13,
6b66dcb8,38488d33,KG,2,1,70,09/03/2025,Cash,09/03/2025 10:22:42,
42ae496c,38488d72,KG,0.5,1,20,09/03/2025,Cash,09/03/2025 10:23:05,
812f4d40,0c53ef5a,KG,0.25,1,20,09/03/2025,Cash,09/03/2025 10:24:57,
57edb15b,38488d51,KG,1,1,280,09/03/2025,Cash,09/03/2025 10:25:28,
dc7cc852,859c1eff,Piece,1,2,20,09/03/2025,Cash,09/03/2025 15:58:42,
387d2058,fa4e90b6,Piece,1,1,10,09/03/2025,Cash,09/03/2025 16:01:08,
aace2bc6,becc6a8c,Piece,1,1,100,09/03/2025,Cash,09/03/2025 16:02:08,
a38c464e,38488d73,KG,7,2,220,09/03/2025,Cash,09/03/2025 16:05:01,
053e08f4,38488d46,KG,0.75,2,80,09/03/2025,Cash,09/03/2025 20:38:17,
1f8bbaf7,0496c7fa,Piece,12,1,125,09/03/2025,Cash,09/03/2025 20:39:05,
0eeb4b5e,0496c7fa,Piece,1,2,30,09/03/2025,Cash,09/03/2025 20:39:37,
5800fc3f,074f02cb,Piece,1,1,45,09/03/2025,Cash,09/03/2025 20:40:03,
974d8ccc,8fe4d6eb,Piece,1,1,40,10/03/2025,Cash,10/03/2025 21:32:53,
adc71ad3,38488d32,Liter,1,2,112,11/03/2025,Cash,11/03/2025 18:51:01,
f87e4a6c,38488d48,KG,0.5,1,35,11/03/2025,Cash,11/03/2025 18:51:48,
c8fc46c8,38488d38,KG,0.6,1,60,11/03/2025,Cash,11/03/2025 18:52:43,
8098735d,38488d69,KG,0.25,1,110,11/03/2025,Cash,11/03/2025 18:53:03,
dfa578b8,fcd75bd5,Piece,1,1,10,11/03/2025,Cash,11/03/2025 20:55:12,
31d35744,2f5f74e8,,1,1,50,11/03/2025,Cash,11/03/2025 20:59:23,
007ffd60,38488d32,Liter,1,1,56,11/03/2025,Cash,11/03/2025 20:59:44,
2f855cf1,38488d33,KG,4,1,100,11/03/2025,Cash,11/03/2025 21:53:16,
739da78c,dbafb15e,KG,1.5,1,60,11/03/2025,Cash,11/03/2025 21:53:33,
f2292e9b,38488d72,KG,0.5,1,20,11/03/2025,Cash,11/03/2025 21:54:37,
9c2a6e88,38488d32,Liter,1,2,112,12/03/2025,Cash,12/03/2025 13:22:01,
0b1dcfe0,38488d48,KG,1,2,150,12/03/2025,Cash,12/03/2025 13:22:21,
514e1de1,38488d32,Liter,1,2,112,13/03/2025,Cash,13/03/2025 16:45:23,
1f04cdb7,38488d84,KG,1.5,1,60,13/03/2025,Cash,13/03/2025 16:46:28,
deabdb9d,38488d68,KG,0.5,1,75,13/03/2025,Cash,13/03/2025 18:33:59,
3b8d8395,38488d51,KG,0.75,1,210,13/03/2025,Cash,13/03/2025 18:35:18,
4a776f0f,38488d55,Piece,1,2,20,13/03/2025,Cash,13/03/2025 18:36:22,
0b3f8326,5040fe86,KG,1,1,20,13/03/2025,Cash,13/03/2025 18:58:05,
cc8b8add,7cfdeddd,KG,0.25,1,50,13/03/2025,Cash,13/03/2025 18:59:01,
e4ad4a42,38488d32,Liter,1,2,112,14/03/2025,Cash,14/03/2025 19:25:33,
6e8dadb7,316fcd40,Piece,1,8,240,14/03/2025,Cash,14/03/2025 19:25:52,
6c82be4e,316fcd40,Piece,1,10,300,15/03/2025,Cash,15/03/2025 13:06:18,
a994c5a8,38488d48,KG,0.5,1,35,15/03/2025,Cash,15/03/2025 13:07:38,
3a5bff9b,becc6a8c,KG,1,1,300,15/03/2025,Cash,15/03/2025 13:08:08,
5fdea7ce,ed69c25d,Piece,1,10,300,15/03/2025,Cash,15/03/2025 19:48:18,
89add0c1,38488d32,Liter,1,2,112,16/03/2025,Cash,16/03/2025 10:03:19,
992cc69f,38488d48,KG,1,1,75,16/03/2025,Cash,16/03/2025 10:03:52,
6a6a8742,38488d36,KG,0.5,1,40,16/03/2025,Cash,16/03/2025 10:04:17,
8ee219b1,38488d82,KG,0.5,1,50,16/03/2025,Cash,16/03/2025 10:04:44,
3fecfd0f,38488d78,KG,0.5,1,35,14/03/2025,Cash,16/03/2025 10:05:32,
c2659fc9,38488d32,Liter,1,2,112,17/03/2025,Cash,17/03/2025 18:07:49,
1ffbd9db,38488d71,KG,2,1,50,17/03/2025,Cash,17/03/2025 18:11:24,
36e95c23,38488d63,KG,1,1,30,17/03/2025,Cash,17/03/2025 18:13:35,
de9cf8fc,1870042c,KG,10,1,160,17/03/2025,Cash,17/03/2025 18:14:05,
8920ad3a,38488d32,Liter,1,1,56,18/03/2025,Cash,18/03/2025 09:07:28,
90d9bd40,38488d51,KG,1.5,1,420,18/03/2025,Cash,18/03/2025 17:58:22,
41c107e5,38488d68,KG,1,1,150,18/03/2025,Cash,18/03/2025 17:58:58,
2a5a443f,38488d36,KG,0.5,1,40,18/03/2025,Cash,18/03/2025 18:43:55,
0bc93e6e,a31d5abb,KG,0.5,1,80,18/03/2025,Cash,18/03/2025 18:44:08,
a5727a8f,38488d69,KG,0.25,1,110,18/03/2025,Cash,18/03/2025 18:45:49,
73fdd8ae,38488d34,KG,1.5,1,60,18/03/2025,Cash,18/03/2025 21:17:34,
221fb4cb,38488d33,KG,2.5,1,50,18/03/2025,Cash,18/03/2025 21:18:21,
53cc08c7,38488d63,KG,2,1,40,18/03/2025,Cash,18/03/2025 21:18:46,
89b55964,38488d84,KG,2.5,1,50,18/03/2025,Cash,18/03/2025 21:19:34,
f2476d00,38488d84,KG,1.5,1,60,18/03/2025,Cash,18/03/2025 21:21:34,
fc0ec1cf,3ed563fc,Piece,1,5,150,18/03/2025,Cash,18/03/2025 21:34:14,
fbfdafa9,090f0992,Piece,1,2,120,18/03/2025,Cash,18/03/2025 21:34:46,
9b27b34f,38488d82,KG,1.25,1,100,18/03/2025,Cash,18/03/2025 21:35:39,
ac0da08c,38488d36,KG,1,1,70,18/03/2025,Cash,18/03/2025 21:36:15,
3b3e0c20,7cfdeddd,KG,1,1,140,18/03/2025,Cash,18/03/2025 21:36:31,
5b3a1cb7,38488d72,KG,1,1,60,18/03/2025,Cash,18/03/2025 21:36:53,
3c00a12c,a31d5abb,KG,1,1,140,18/03/2025,Cash,18/03/2025 21:37:33,
9862d725,8fe4d6eb,Piece,1,1,40,18/03/2025,Cash,18/03/2025 21:43:22,
87c52762,38488d32,Liter,1,2,112,19/03/2025,Cash,19/03/2025 12:52:51,
6e9ba609,38488d48,KG,1,2,150,19/03/2025,Cash,19/03/2025 12:53:15,
98e85d1f,38488d38,KG,0.6,1,60,19/03/2025,Cash,19/03/2025 12:53:39,
e4202803,1870042c,KG,5,1,100,19/03/2025,Cash,19/03/2025 21:51:10,
7a5a2cd7,38488d32,Liter,1,2,112,20/03/2025,Cash,20/03/2025 12:36:37,
e7f88c50,3f40d071,Piece,12,9,450,20/03/2025,Cash,20/03/2025 12:37:04,
84be7fc9,89e823ea,KG,0.5,4,340,20/03/2025,Cash,20/03/2025 16:12:10,
8792f287,36d8d1b3,KG,1,1,30,20/03/2025,Cash,20/03/2025 16:13:03,
cda44ed3,fe75057e,Piece,1,1,140,20/03/2025,Cash,20/03/2025 16:17:12,
c4dd74f0,38488d43,KG,1,1,60,20/03/2025,Cash,20/03/2025 19:34:43,
cb694191,ce05468e,Piece,1,1,10,20/03/2025,Cash,20/03/2025 19:35:40,
1c3c299b,15880a38,Piece,1,2,140,20/03/2025,Cash,20/03/2025 19:36:03,
4ab574bb,38488d32,Liter,1,2,112,21/03/2025,Cash,21/03/2025 10:46:48,
e26fd478,38488d48,KG,1,2,150,21/03/2025,Cash,21/03/2025 10:47:57,
2cb98901,1d9fc2aa,Piece,1,3,30,21/03/2025,Cash,21/03/2025 10:48:24,
009a6c92,0a777579,Piece,1,3,30,21/03/2025,Cash,21/03/2025 10:49:21,
434705c1,38488d78,KG,1,1,55,21/03/2025,Cash,21/03/2025 11:02:46,
c004d573,070c1507,Piece,1,6,50,21/03/2025,Cash,21/03/2025 11:03:07,
649a24da,68a22b7f,Piece,1,1,100,21/03/2025,Cash,21/03/2025 13:14:54,
0fc05a0a,dd6b7e57,Piece,1,1,20,21/03/2025,Cash,21/03/2025 16:11:23,
46bf5326,38488d63,KG,1.25,1,30,21/03/2025,Cash,21/03/2025 17:07:49,
9f56ace2,38488d62,KG,1,5,300,21/03/2025,Cash,21/03/2025 17:10:11,
c312a62f,38488d35,KG,0.5,1,20,21/03/2025,Cash,21/03/2025 17:11:49,
e433e137,38488d57,KG,0.25,1,20,21/03/2025,Cash,21/03/2025 17:13:48,
65852377,fb9ea07d,KG,0.25,1,20,21/03/2025,Cash,21/03/2025 17:15:36,
b2dc6783,2c4d95ef,KG,0.3,1,45,21/03/2025,Cash,21/03/2025 17:16:58,
3f03f313,2f5f74e8,Piece,1,1,45,21/03/2025,Cash,21/03/2025 17:20:20,
de94a6cf,ee72568a,Piece,1,1,50,21/03/2025,Cash,21/03/2025 17:21:32,
b7e40f0e,38488d68,KG,0.5,2,140,21/03/2025,Cash,21/03/2025 18:35:45,
ed8a5198,38488d32,KG,0.5,1,28,21/03/2025,Cash,21/03/2025 20:49:07,
635f8c5f,38488d32,Liter,1,2,112,22/03/2025,Cash,22/03/2025 08:38:18,
3cc0ed84,38488d48,KG,1.5,1,110,22/03/2025,Cash,22/03/2025 08:38:43,
41ed4703,38488d72,KG,0.5,1,30,22/03/2025,Cash,22/03/2025 08:39:15,
938374b9,fb323e8d,Piece,1,1,15,22/03/2025,Cash,22/03/2025 17:30:25,
28532c21,dea6a6c9,Piece,1,2,400,22/03/2025,Cash,22/03/2025 17:37:06,
f4d26f85,38488d32,Liter,1,2,112,23/03/2025,Cash,23/03/2025 08:49:27,
b5ce0f97,38488d48,KG,1.5,1,110,23/03/2025,Cash,23/03/2025 08:49:53,
a9ab6e83,1870042c,KG,2.5,1,50,23/03/2025,Cash,23/03/2025 08:50:54,
f491bccb,38488d34,KG,1,1,40,23/03/2025,Cash,23/03/2025 08:51:20,
d70f56a0,38488d51,KG,1.5,1,420,23/03/2025,Cash,23/03/2025 08:51:36,
3866d59d,38488d55,Piece,1,1,45,23/03/2025,Cash,23/03/2025 08:53:30,
ccc4637e,38488d73,KG,5,1,140,23/03/2025,Cash,23/03/2025 08:53:55,
5ab6cf64,15880a38,Piece,1,2,140,23/03/2025,Cash,23/03/2025 17:58:00,
dac9c147,38488d42,Piece,1,2,130,23/03/2025,Cash,23/03/2025 17:59:21,
bbb1115f,8fe4d6eb,Piece,1,1,350,23/03/2025,Cash,23/03/2025 21:31:09,
b887d0c4,38488d32,Liter,1,3,168,24/03/2025,Cash,24/03/2025 10:17:11,
e05786cd,38488d38,KG,0.6,1,60,24/03/2025,Cash,24/03/2025 10:17:35,
bd802f30,38488d84,KG,2,1,80,24/03/2025,Cash,24/03/2025 10:17:56,
6cbabce2,38488d50,KG,1,1,40,24/03/2025,Cash,24/03/2025 17:04:12,
f9053c22,52cdaa61,KG,50,1,1700,24/03/2025,Cash,24/03/2025 17:04:42,
b22861db,38488d59,KG,1,1,160,24/03/2025,Cash,24/03/2025 17:05:56,
c93e02b1,38488d60,KG,1,1,160,24/03/2025,Cash,24/03/2025 17:06:23,
0b5ba755,4340a96c,KG,0.5,1,30,24/03/2025,Cash,24/03/2025 19:11:32,
49a52ac9,38488d47,KG,20,1,560,24/03/2025,Cash,24/03/2025 20:00:03,
92e51c17,1870042c,KG,5,1,80,24/03/2025,Cash,24/03/2025 20:00:41,
8a649d24,074f02cb,Piece,1,4,68,24/03/2025,Cash,24/03/2025 20:28:43,
26f901fb,38488d32,Liter,1,3,168,25/03/2025,Cash,25/03/2025 11:39:26,
49fbc29d,38488d48,KG,0.5,1,35,25/03/2025,Cash,25/03/2025 11:39:46,
b205d3a9,38488d38,KG,0.6,1,60,25/03/2025,Cash,25/03/2025 11:40:06,
4d7b3847,38488d32,Liter,1,2,112,25/03/2025,Cash,25/03/2025 17:42:05,
961337f5,fcd75bd5,Piece,1,1,10,25/03/2025,Cash,25/03/2025 17:42:29,
26e9893f,38488d33,KG,2,1,40,25/03/2025,Cash,25/03/2025 17:43:46,
cebf2f90,38488d69,KG,0.25,1,110,25/03/2025,Cash,25/03/2025 18:04:15,
324bfe5a,38488d72,KG,1,1,70,25/03/2025,Cash,25/03/2025 20:53:02,
cb5b32db,38488d34,KG,1.5,1,50,25/03/2025,Cash,25/03/2025 20:54:13,
65c0dd04,38488d33,KG,3,1,60,25/03/2025,Cash,25/03/2025 20:54:36,
1048c207,38488d35,KG,2,1,40,25/03/2025,Cash,25/03/2025 20:55:04,
0392d1d0,38488d63,KG,2,1,40,25/03/2025,Cash,25/03/2025 20:55:23,
757a1668,818ce46b,KG,1,1,50,25/03/2025,Cash,25/03/2025 20:55:53,
7acdec9f,38488d84,KG,1.5,1,60,25/03/2025,Cash,25/03/2025 20:56:17,
ebc4ae23,38488d36,KG,1,1,70,25/03/2025,Cash,25/03/2025 20:57:39,
306f6d40,7cfdeddd,KG,1,1,140,25/03/2025,Cash,25/03/2025 20:58:05,
331de71d,38488d82,KG,1.5,1,100,25/03/2025,Cash,25/03/2025 20:59:01,
5eec28ab,5040fe86,KG,3,1,80,25/03/2025,Cash,25/03/2025 21:09:36,
8256945c,533238d5,KG,2,1,130,25/03/2025,Cash,25/03/2025 21:10:51,
a17fc7df,a31d5abb,KG,1,1,100,25/03/2025,Cash,25/03/2025 21:11:42,
2ab85496,01a89f1a,Piece,1,2,20,25/03/2025,Cash,25/03/2025 21:12:35,
8c55715c,fcde63e0,Piece,1,8,20,25/03/2025,Cash,25/03/2025 21:19:39,
dbd93b30,b689393c,Piece,1,1,20,25/03/2025,Cash,25/03/2025 21:20:30,
3776c904,38488d32,Liter,1,3,168,26/03/2025,Cash,26/03/2025 12:23:06,
74cbd543,38488d38,KG,0.4,1,30,26/03/2025,Cash,26/03/2025 12:23:28,
a4023ff0,38488d32,Liter,1,3,168,27/03/2025,Cash,27/03/2025 09:33:59,
0e96a6ec,38488d38,KG,0.4,1,30,27/03/2025,Cash,27/03/2025 09:34:16,
1d831d13,38488d43,KG,1,1,60,27/03/2025,Cash,27/03/2025 09:35:20,
ddb496d3,38488d37,KG,0.5,1,15,27/03/2025,Cash,27/03/2025 18:50:39,
ca91b59a,38488d71,KG,1,1,30,27/03/2025,Cash,27/03/2025 18:51:40,
d67856fc,38488d84,KG,0.5,1,15,27/03/2025,Cash,27/03/2025 18:52:49,
3ad6b4a5,0c53ef5a,KG,0.25,1,15,27/03/2025,Cash,27/03/2025 18:53:51,
d37549f8,38488d70,Piece,12,10,400,27/03/2025,Cash,27/03/2025 18:56:25,
a332612d,38488d68,KG,0.5,1,60,27/03/2025,Cash,27/03/2025 18:58:19,
00ec5e75,f938eda1,Piece,1,4,120,27/03/2025,Cash,27/03/2025 19:00:37,
9af18edf,cae57605,Piece,1,2,20,27/03/2025,Cash,27/03/2025 19:03:24,
fc987484,38488d32,Liter,1,2,112,28/03/2025,Cash,28/03/2025 13:06:41,
c98f435a,a92f80eb,KG,50,1,600,28/03/2025,Cash,28/03/2025 13:07:03,
c0fb1440,1870042c,KG,5,1,100,28/03/2025,Cash,28/03/2025 13:08:49,
9ccadd8c,30b20781,Piece,1,4,1040,28/03/2025,Cash,28/03/2025 18:34:01,
a1e77ddf,38488d32,Liter,1,3,168,29/03/2025,Cash,29/03/2025 09:22:33,
f6593f58,38488d48,KG,1.5,1,110,29/03/2025,Cash,29/03/2025 09:22:50,
f46d09a8,38488d38,KG,0.6,1,40,29/03/2025,Cash,29/03/2025 09:23:14,
3bc84df2,38488d72,KG,0.5,1,30,29/03/2025,Cash,29/03/2025 09:23:31,
2e14ce5e,38488d50,KG,0.5,1,20,29/03/2025,Cash,29/03/2025 17:07:36,
ed62f7f3,070c1507,Piece,1,6,50,29/03/2025,Cash,29/03/2025 17:07:51,
2e7629b2,38488d54,KG,5,1,190,29/03/2025,Cash,29/03/2025 20:38:26,
278f9a0d,38488d77,Piece,1,1,220,29/03/2025,Cash,29/03/2025 20:44:29,
3d21b8d5,38488d32,Liter,1,3,168,30/03/2025,Cash,30/03/2025 10:09:12,
6dd50582,38488d48,KG,1.5,1,110,30/03/2025,Cash,30/03/2025 10:09:34,
b3aabab8,38488d68,KG,1,1,120,30/03/2025,Cash,30/03/2025 10:10:32,
9496abdf,38488d51,KG,1.5,1,420,30/03/2025,Cash,30/03/2025 10:11:27,
36a8613c,38488d73,KG,4.25,1,125,30/03/2025,Cash,30/03/2025 10:11:45,
a7c73f09,e9fd60e0,Piece,10,1,50,30/03/2025,Cash,30/03/2025 10:13:10,
d96648b6,38488d55,Piece,1,2,20,30/03/2025,Cash,30/03/2025 20:06:43,
5c4810f8,114f9996,Piece,1,1,15,30/03/2025,Cash,30/03/2025 20:10:33,
10fd259a,38488d32,Liter,1,2,112,30/03/2025,Cash,30/03/2025 20:16:57,
bd87105b,38488d42,Piece,1,1,65,30/03/2025,Cash,30/03/2025 21:05:40,
9432d079,38488d32,Liter,1,3,168,31/03/2025,Cash,31/03/2025 08:52:10,
bbac7c5b,38488d38,KG,0.4,1,40,31/03/2025,Cash,31/03/2025 08:52:38,
b2779227,38488d36,KG,0.5,1,40,31/03/2025,Cash,31/03/2025 08:53:13,
358687f8,38488d50,KG,1.5,1,60,31/03/2025,Cash,31/03/2025 10:18:40,
e5145ac2,1870042c,KG,5,1,80,31/03/2025,Cash,31/03/2025 16:54:32,
ee9aa76e,38488d32,Liter,1,3,168,01/04/2025,Cash,01/04/2025 08:31:57,
6b639a12,38488d33,KG,2,1,60,01/04/2025,Cash,01/04/2025 08:32:14,
23501185,38488d66,KG,2.8,1,170,01/04/2025,Cash,01/04/2025 08:32:44,
3b52d312,38488d72,KG,0.5,1,40,01/04/2025,Cash,01/04/2025 08:34:50,
9a63daa7,38488d53,KG,1,5,140,01/04/2025,Cash,01/04/2025 16:59:26,
b2b4c6ba,cce54458,KG,0.5,2,150,01/04/2025,Cash,01/04/2025 17:00:19,
1e286b71,e9a8e3b3,Piece,1,1,75,01/04/2025,Cash,01/04/2025 17:00:49,
6fb3f5bb,e5090a8d,KG,3,1,210,01/04/2025,Cash,01/04/2025 17:01:14,
b1d27b62,fcd75bd5,Piece,1,1,10,01/04/2025,Cash,01/04/2025 17:06:48,
bd5b7a57,38488d32,KG,0.5,4,116,01/04/2025,Cash,01/04/2025 17:07:51,
6109d2f0,38488d69,KG,0.25,1,110,01/04/2025,Cash,01/04/2025 18:37:29,
64f83bd2,2f5f74e8,Piece,1,1,60,01/04/2025,Cash,01/04/2025 18:38:25,
7b0649b0,38488d72,KG,1.5,1,100,01/04/2025,Cash,01/04/2025 20:55:42,
18d4eec8,38488d36,KG,1,1,70,01/04/2025,Cash,01/04/2025 20:56:09,
c739980d,38488d34,KG,1.5,1,60,01/04/2025,Cash,01/04/2025 20:56:30,
97df9cb5,38488d84,KG,2,1,60,01/04/2025,Cash,01/04/2025 20:58:11,
b19d5ae9,38488d63,KG,2,1,60,01/04/2025,Cash,01/04/2025 20:58:36,
67909b3a,61deb399,KG,1.5,1,90,01/04/2025,Cash,01/04/2025 20:58:58,
3ba846ac,38488d71,KG,3,1,50,01/04/2025,Cash,01/04/2025 21:00:00,
03ce4635,38488d82,KG,1.5,1,100,01/04/2025,Cash,01/04/2025 21:00:19,
687db261,1cab637b,Piece,1,10,150,01/04/2025,Cash,01/04/2025 21:01:18,
da1f428a,7cfdeddd,KG,0.75,1,120,01/04/2025,Cash,01/04/2025 21:03:15,
d397ae3e,a31d5abb,KG,1,1,120,01/04/2025,Cash,01/04/2025 21:04:13,
86e1c2bf,38488d37,KG,2,1,60,01/04/2025,Cash,01/04/2025 21:06:41,
a3d77caf,e1ef92b5,Piece,12,1,60,01/04/2025,Cash,01/04/2025 21:16:53,
07abf4ad,38488d32,Liter,1,3,168,02/04/2025,Cash,02/04/2025 09:00:42,
5b7fd3ce,38488d38,KG,0.6,3,165,02/04/2025,Cash,02/04/2025 09:00:59,
7b9fffb8,38488d38,KG,0.4,1,35,02/04/2025,Cash,02/04/2025 09:01:40,
60fd316d,608e4a15,Piece,1,1,160,02/04/2025,Cash,02/04/2025 11:40:54,
cedfe9c7,38488d32,KG,0.5,1,29,02/04/2025,Cash,02/04/2025 18:15:59,
593b4ae4,38488d47,KG,25,1,500,02/04/2025,Cash,02/04/2025 19:09:28,
055de07f,1870042c,KG,5,1,80,02/04/2025,Cash,02/04/2025 19:10:03,
fbda3c39,38488d32,Liter,1,3,168,03/04/2025,Cash,03/04/2025 08:45:00,
e612f2d4,38488d39,KG,0.6,1,20,03/04/2025,Cash,03/04/2025 08:45:45,
633435a9,859c1eff,Piece,1,2,20,03/04/2025,Cash,03/04/2025 08:46:09,
67eb549e,3f40d071,Piece,12,11,550,03/04/2025,Cash,03/04/2025 08:46:51,
b02f77c2,38488d43,KG,1,1,60,03/04/2025,Cash,03/04/2025 11:34:25,
6716a2bb,38488d32,Liter,1,3,168,04/04/2025,Cash,04/04/2025 14:02:42,
db9efa97,38488d48,KG,1.5,1,110,04/04/2025,Cash,04/04/2025 14:02:59,
3f208011,38488d38,KG,0.4,1,40,04/04/2025,Cash,04/04/2025 14:03:25,
2feeb11e,38488d32,Liter,1,3,168,05/04/2025,Cash,05/04/2025 09:48:53,
ffe1e5ea,38488d63,KG,1,1,30,05/04/2025,Cash,05/04/2025 18:32:42,
835d0f1e,38488d35,KG,0.25,1,15,05/04/2025,Cash,05/04/2025 18:33:29,
7b66764c,38488d57,KG,0.25,1,25,05/04/2025,Cash,05/04/2025 18:33:55,
c4f217e3,2f5f74e8,Piece,1,1,50,05/04/2025,Cash,05/04/2025 18:38:13,
01f56274,2c4d95ef,KG,0.3,1,50,05/04/2025,Cash,05/04/2025 18:40:59,
ec2b42ba,38488d62,KG,1,5,300,05/04/2025,Cash,05/04/2025 18:43:25,
a228a17c,0c53ef5a,KG,0.25,1,10,05/04/2025,Cash,05/04/2025 18:44:25,
0bf29d09,8b22178e,KG,1,1,120,05/04/2025,Cash,05/04/2025 18:44:52,
6e01d0e2,38488d68,KG,0.5,2,140,05/04/2025,Cash,05/04/2025 18:45:30,
9992b07f,ce05468e,Piece,1,1,10,05/04/2025,Cash,05/04/2025 18:46:19,
fc6794eb,3095f6ad,KG,5,1,225,05/04/2025,Cash,05/04/2025 18:46:45,
d89734f7,89e823ea,KG,0.5,4,340,05/04/2025,Cash,05/04/2025 19:23:53,
6dc08b18,38488d55,Piece,1,2,20,05/04/2025,Cash,05/04/2025 19:53:42,
b9fa3962,38488d32,Liter,1,3,168,06/04/2025,Cash,06/04/2025 14:10:37,
07ca33f2,38488d48,KG,1.5,1,110,06/04/2025,Cash,06/04/2025 14:10:58,
7cc76287,38488d73,KG,6,2,180,06/04/2025,Cash,06/04/2025 14:11:26,
6cc6f155,fcd75bd5,Piece,1,1,10,06/04/2025,Cash,06/04/2025 14:12:07,
e04d81a2,38488d42,Piece,1,1,65,06/04/2025,Cash,06/04/2025 16:40:17,
2db1fd11,38488d58,Piece,1,3,30,06/04/2025,Cash,06/04/2025 21:30:18,
21f8b43d,38488d32,Liter,0.5,1,84,07/04/2025,Cash,07/04/2025 13:14:27,
76ecf856,38488d38,KG,0.4,1,40,07/04/2025,Cash,07/04/2025 13:14:53,
31df4026,1870042c,KG,3,1,60,07/04/2025,Cash,07/04/2025 13:15:19,
a7cdb8f1,6eac27e1,Piece,1,2,120,07/04/2025,Cash,07/04/2025 17:16:20,
7f78db11,070c1507,Piece,1,6,50,07/04/2025,Cash,07/04/2025 18:03:24,
cd97492c,38488d58,Piece,1,1,10,07/04/2025,Cash,07/04/2025 21:38:22,
ccef5774,38488d32,Liter,1,3,168,08/04/2025,Cash,08/04/2025 09:17:46,
6774e6bc,38488d48,KG,1.5,1,110,08/04/2025,Cash,08/04/2025 09:18:09,
593719bb,38488d38,KG,0.6,4,220,08/04/2025,Cash,08/04/2025 09:19:24,
649ee9e1,38488d73,KG,6,2,185,08/04/2025,Cash,08/04/2025 09:20:22,
1c1a80cb,38488d72,KG,0.5,1,40,08/04/2025,Cash,08/04/2025 09:22:23,
2f60cba5,38488d69,KG,0.25,1,110,08/04/2025,Cash,08/04/2025 18:39:25,
51f86893,38488d48,KG,0.5,1,35,08/04/2025,Cash,08/04/2025 18:40:02,
06dfb829,38488d78,KG,1,1,75,08/04/2025,Cash,08/04/2025 18:40:40,
e0177b90,38488d51,KG,1.5,1,420,08/04/2025,Cash,08/04/2025 18:41:31,
4e41690d,fcd75bd5,Piece,1,1,10,08/04/2025,Cash,08/04/2025 18:42:28,
e478deef,38488d55,Piece,1,2,20,08/04/2025,Cash,08/04/2025 18:45:07,
1d4cec24,e3c0fff2,KG,1,1,80,08/04/2025,Cash,08/04/2025 18:45:41,
82d4f61c,3ed563fc,Piece,1,10,300,08/04/2025,Cash,08/04/2025 21:47:55,
cf1d7fd8,090f0992,KG,0.75,3,180,08/04/2025,Cash,08/04/2025 21:53:56,
dcaad913,bf503910,Piece,1,2,80,08/04/2025,Cash,08/04/2025 21:57:02,
b24b0695,533238d5,KG,1.5,1,60,08/04/2025,Cash,08/04/2025 21:58:17,
32c5fc8b,1870042c,KG,5,1,100,08/04/2025,Cash,08/04/2025 21:58:48,
266f786a,38488d63,KG,2,1,40,08/04/2025,Cash,08/04/2025 21:59:25,
78cc3732,38488d33,KG,3,1,100,08/04/2025,Cash,08/04/2025 22:01:07,
cac55eba,38488d39,KG,4,1,90,08/04/2025,Cash,08/04/2025 22:01:44,
2f8d373b,38488d36,KG,1.5,1,100,08/04/2025,Cash,08/04/2025 22:02:48,
404127a8,38488d84,KG,1.5,1,60,08/04/2025,Cash,08/04/2025 22:03:25,
fe9e5a65,38488d82,KG,1.5,1,100,08/04/2025,Cash,08/04/2025 22:06:46,
2221d2d9,a31d5abb,KG,1,1,120,08/04/2025,Cash,08/04/2025 22:16:26,
95e14ac2,38488d49,KG,3,1,90,08/04/2025,Cash,08/04/2025 22:17:25,
cb5be812,7cfdeddd,KG,1,1,140,08/04/2025,Cash,08/04/2025 22:27:42,
877ff45f,38488d72,KG,1,1,70,08/04/2025,Cash,08/04/2025 22:28:21,
3768b7a5,8ad7d3d3,Piece,1,1,60,08/04/2025,Cash,08/04/2025 22:35:36,
80ef5cb1,38488d32,Liter,2.5,1,140,08/04/2025,Cash,08/04/2025 22:39:22,
9d1ec37b,38488d32,Liter,1,3,168,09/04/2025,Cash,09/04/2025 11:36:29,
4cdabe7c,38488d48,KG,1.5,1,110,09/04/2025,Cash,09/04/2025 11:37:54,
1330ba89,38488d48,KG,1.5,1,110,09/04/2025,Cash,09/04/2025 20:38:43,
9a595bb6,38488d32,KG,0.5,1,28,09/04/2025,Cash,09/04/2025 20:39:31,
1302896d,074f02cb,Piece,1,4,68,09/04/2025,Cash,09/04/2025 21:34:16,
50a71c5c,e73a4f6b,Piece,1,1,10,09/04/2025,Cash,09/04/2025 21:38:37,
c05d92d2,38488d58,Piece,1,2,20,09/04/2025,Cash,09/04/2025 21:39:25,
99b5f5d6,38488d32,Piece,1,3,168,10/04/2025,Cash,10/04/2025 08:28:39,
45099373,38488d38,KG,0.6,4,200,10/04/2025,Cash,10/04/2025 08:44:28,
cb9600d4,38488d73,KG,7.5,1,225,10/04/2025,Cash,10/04/2025 08:46:37,
287dae7a,38488d38,KG,0.6,1,55,10/04/2025,Cash,10/04/2025 10:59:24,
79cf83e6,293737a6,KG,0.1,1,100,10/04/2025,Cash,10/04/2025 17:13:28,
71ab1734,38488d55,Piece,1,5,20,10/04/2025,Cash,10/04/2025 17:14:14,
93c482fd,38488d59,KG,1,1,160,10/04/2025,Cash,10/04/2025 17:14:36,
e1bb8a76,81cb458e,Liter,12,2,2820,10/04/2025,Cash,10/04/2025 17:15:03,
222c323b,38488d32,Liter,1,3,168,11/04/2025,Cash,11/04/2025 10:29:00,
8e6b28b9,38488d34,KG,1.5,1,50,11/04/2025,Cash,11/04/2025 10:29:38,
17856924,1870042c,KG,5,1,100,11/04/2025,Cash,11/04/2025 12:11:53,
4e3b34e2,a92f80eb,KG,50,1,650,11/04/2025,Cash,11/04/2025 12:12:22,
48778f09,2b445e18,Piece,1,1,100,11/04/2025,Cash,11/04/2025 12:14:05,
8a7e584c,8fe4d6eb,Piece,1,1,50,11/04/2025,Cash,11/04/2025 18:11:33,
11adaf22,38488d58,Piece,1,5,50,11/04/2025,Cash,11/04/2025 19:53:19,
7829716c,cce54458,KG,0.5,2,180,11/04/2025,Cash,11/04/2025 21:27:32,
81382d2e,ed69c25d,Piece,1,1,30,11/04/2025,Cash,11/04/2025 21:51:24,
6a6e5539,38488d46,Liter,0.2,3,60,11/04/2025,Cash,11/04/2025 21:52:17,
1c3b77aa,38488d32,Liter,1,3,168,12/04/2025,Cash,12/04/2025 10:15:30,
8b102002,38488d48,,1,2,150,12/04/2025,Cash,12/04/2025 10:17:12,
f414a293,38488d33,,2,1,70,12/04/2025,Cash,12/04/2025 10:17:46,
ed1bfdee,38488d71,KG,5,1,100,12/04/2025,Cash,12/04/2025 10:18:37,
1e95190c,38488d51,KG,1.5,1,420,12/04/2025,Cash,12/04/2025 18:18:35,
3f54fbd5,38488d68,KG,1,1,120,12/04/2025,Cash,12/04/2025 18:18:58,
0c592c8b,38488d55,Piece,1,2,20,12/04/2025,Cash,12/04/2025 18:19:43,
829b23a2,38488d60,KG,0.5,1,80,12/04/2025,Cash,12/04/2025 20:24:27,
f85a4865,38488d59,KG,0.5,1,80,12/04/2025,Cash,12/04/2025 20:25:10,
7f1650ab,e73a4f6b,Piece,1,1,25,12/04/2025,Cash,12/04/2025 20:47:28,
a0a241f2,38488d32,Liter,1,3,168,13/04/2025,Cash,13/04/2025 09:39:39,
590c5e36,38488d48,KG,1,2,150,13/04/2025,Cash,13/04/2025 09:39:55,
00dabb2d,38488d73,KG,8,2,240,13/04/2025,Cash,13/04/2025 09:40:48,
95c67998,38488d35,KG,0.5,1,20,13/04/2025,Cash,13/04/2025 09:41:35,
057a1e01,38488d43,KG,1,1,60,13/04/2025,Cash,13/04/2025 09:42:08,
ac9cca24,38488d47,KG,25,1,500,13/04/2025,Cash,13/04/2025 20:45:45,
b73c5c5f,38488d59,KG,0.5,1,80,13/04/2025,Cash,13/04/2025 20:46:19,
27981114,38488d68,KG,0.5,1,60,13/04/2025,Cash,13/04/2025 20:48:35,
5aa91074,316fcd40,KG,5,1,300,13/04/2025,Cash,13/04/2025 21:00:44,
a3e47cbd,38488d32,Liter,1,2,112,13/04/2025,Cash,13/04/2025 21:33:50,
23aff305,38488d32,Liter,1,3,168,14/04/2025,Cash,14/04/2025 10:45:08,
0d39a638,38488d48,KG,0.5,1,35,14/04/2025,Cash,14/04/2025 10:45:28,
48c310b7,38488d38,KG,0.6,1,55,14/04/2025,Cash,14/04/2025 10:46:32,
714cf987,38488d34,KG,0.25,1,10,14/04/2025,Cash,14/04/2025 10:47:22,
356c4b47,38488d63,KG,2,1,60,14/04/2025,Cash,14/04/2025 10:47:42,
de8d2479,38488d36,KG,1,1,60,14/04/2025,Cash,14/04/2025 18:31:16,
cae035de,1870042c,KG,5,1,100,14/04/2025,Cash,14/04/2025 18:32:01,
1fecbb8d,38488d72,KG,0.5,1,20,14/04/2025,Cash,14/04/2025 18:32:49,
f182e2ef,38488d32,Liter,1,3,168,15/04/2025,Cash,15/04/2025 13:07:09,
ee5e764c,38488d33,KG,2,1,60,15/04/2025,Cash,15/04/2025 13:07:40,
fc42751f,38488d38,KG,0.6,1,55,15/04/2025,Cash,15/04/2025 13:08:32,
88b647af,070c1507,Piece,1,6,50,15/04/2025,Cash,15/04/2025 13:13:46,
8f59964d,38488d32,Liter,0.5,4,112,15/04/2025,Cash,15/04/2025 17:09:27,
04e3de14,fcd75bd5,Piece,1,1,10,15/04/2025,Cash,15/04/2025 17:11:43,
fde4c00c,2f5f74e8,Piece,1,1,50,15/04/2025,Cash,15/04/2025 17:12:29,
a7ce9335,38488d69,KG,0.25,1,110,15/04/2025,Cash,15/04/2025 19:04:24,
732129c9,38488d82,KG,1,1,60,15/04/2025,Cash,15/04/2025 21:45:10,
ba2e672f,38488d36,KG,1,1,60,15/04/2025,Cash,15/04/2025 21:48:28,
91eb2b17,38488d33,KG,4,1,80,15/04/2025,Cash,15/04/2025 21:48:57,
8864c39c,533238d5,KG,1.5,1,70,15/04/2025,Cash,15/04/2025 21:49:18,
2655d3d3,38488d63,KG,2,1,50,15/04/2025,Cash,15/04/2025 21:49:52,
1862b83c,38488d72,KG,1,1,50,15/04/2025,Cash,15/04/2025 21:55:16,
4dab481c,38488d84,KG,1.5,1,60,15/04/2025,Cash,15/04/2025 21:55:45,
2f5375b0,38488d66,KG,3.8,1,150,15/04/2025,Cash,15/04/2025 21:59:13,
40117531,a31d5abb,KG,1,1,120,15/04/2025,Cash,15/04/2025 22:00:11,
873b245d,38488d32,KG,0.5,3,87,16/04/2025,Cash,16/04/2025 20:15:36,
ccce9825,38488d34,KG,0.25,1,10,16/04/2025,Cash,16/04/2025 20:54:24,
62cede08,38488d35,KG,0.25,1,20,16/04/2025,Cash,16/04/2025 20:55:20,
7858e9f7,38488d68,KG,0.5,1,60,16/04/2025,Cash,16/04/2025 20:55:45,
600ef4f0,38488d70,Piece,12,8,320,16/04/2025,Cash,16/04/2025 20:56:21,
07b3d2cb,cae57605,Piece,1,2,20,16/04/2025,Cash,16/04/2025 20:58:24,
55212311,38488d32,KG,0.5,1,28,16/04/2025,Cash,16/04/2025 20:58:46,
ec20e76a,7cfdeddd,KG,0.25,1,60,16/04/2025,Cash,16/04/2025 21:01:01,
cece178a,38488d32,Liter,1,3,168,17/04/2025,Cash,17/04/2025 11:21:52,
9550c03f,38488d34,KG,0.25,1,10,17/04/2025,Cash,17/04/2025 11:22:42,
df5efcfa,0c53ef5a,KG,0.15,1,10,17/04/2025,Cash,17/04/2025 11:23:07,
2e9556a6,074f02cb,Piece,1,2,40,17/04/2025,Cash,17/04/2025 20:54:17,
fdfc48e3,38488d32,Liter,1,3,168,18/04/2025,Cash,18/04/2025 08:18:48,
1730196e,38488d48,KG,5,1,300,18/04/2025,Cash,18/04/2025 08:19:14,
96ce5678,38488d63,KG,1,1,30,18/04/2025,Cash,18/04/2025 16:51:26,
9461f8e6,38488d35,KG,0.25,1,10,18/04/2025,Cash,18/04/2025 16:52:36,
d923f35b,38488d57,KG,0.25,1,25,18/04/2025,Cash,18/04/2025 16:53:07,
e15576f3,ee72568a,Piece,1,1,55,18/04/2025,Cash,18/04/2025 16:55:00,
3392ae3f,2c4d95ef,KG,0.3,1,50,18/04/2025,Cash,18/04/2025 16:59:02,
aad7b995,2f5f74e8,Piece,1,1,50,18/04/2025,Cash,18/04/2025 16:59:32,
cffc703a,38488d62,KG,1,4,240,18/04/2025,Cash,18/04/2025 17:00:40,
561d2101,38488d68,KG,0.5,2,160,18/04/2025,Cash,18/04/2025 17:54:05,
14d2c665,1870042c,KG,5,1,100,18/04/2025,Cash,18/04/2025 17:55:44,
733ff70d,fb9ea07d,KG,0.25,1,20,18/04/2025,Cash,18/04/2025 21:00:38,
04e14b2f,38488d32,Liter,1,3,168,19/04/2025,Cash,19/04/2025 12:24:46,
e5bc6763,38488d38,KG,0.4,1,40,19/04/2025,Cash,19/04/2025 12:26:27,
13a6120a,61deb399,KG,2,1,120,19/04/2025,Cash,19/04/2025 12:27:22,
b787a702,38488d50,KG,2,1,60,19/04/2025,Cash,19/04/2025 18:50:26,
5d3d772f,7987abff,Piece,1,1,35,19/04/2025,Cash,19/04/2025 19:06:01,
32e24c65,38488d32,Liter,1,3,168,20/04/2025,Cash,20/04/2025 09:39:44,
0bb50dff,1870042c,KG,3,1,60,20/04/2025,Cash,20/04/2025 09:40:10,
ce3c3530,38488d72,KG,0.5,1,30,20/04/2025,Cash,20/04/2025 09:40:47,
56b15855,38488d82,KG,0.5,1,30,20/04/2025,Cash,20/04/2025 09:41:52,
d458ca32,7cfdeddd,KG,0.25,1,50,20/04/2025,Cash,20/04/2025 09:42:56,
3791932f,38488d73,KG,7,2,210,20/04/2025,Cash,20/04/2025 09:43:31,
3915e6cc,2bdbfdb6,KG,1.25,1,120,20/04/2025,Cash,20/04/2025 13:27:05,
50ebb432,38488d80,KG,1.5,1,60,20/04/2025,Cash,20/04/2025 13:27:36,
a1f167e0,2bdbfdb8,Piece,1,2,20,20/04/2025,Cash,20/04/2025 13:28:41,
ed16e55e,38488d32,Liter,1,2,112,20/04/2025,Cash,20/04/2025 19:55:19,
7f5d3c27,1870042c,KG,5,1,100,20/04/2025,Cash,20/04/2025 19:55:49,
db2bc879,38488d34,KG,0.25,1,15,20/04/2025,Cash,20/04/2025 21:20:28,
60e328f5,38488d32,Liter,1,,168,21/04/2025,Cash,21/04/2025 10:05:09,
e658ffae,38488d48,KG,5,1,300,21/04/2025,Cash,21/04/2025 10:06:03,
228da0c0,38488d73,KG,4.5,1,130,21/04/2025,Cash,21/04/2025 10:06:41,
49cac00f,38488d57,KG,2.5,1,100,21/04/2025,Cash,21/04/2025 12:21:47,
c415c4a2,070c1507,Piece,6,1,50,21/04/2025,Cash,21/04/2025 21:13:26,
3d2fee48,38488d78,KG,1,1,55,21/04/2025,Cash,21/04/2025 21:14:41,
0ee663e9,38488d84,KG,2,1,80,21/04/2025,Cash,21/04/2025 21:15:04,
e0e820e8,38488d36,KG,0.5,1,40,21/04/2025,Cash,21/04/2025 21:15:25,
3638b18f,38488d38,KG,0.6,1,55,22/04/2025,Cash,22/04/2025 12:11:39,
83f30bbe,38488d32,Liter,1,2,112,22/04/2025,Cash,22/04/2025 18:26:33,
14948a89,38488d51,KG,1.25,1,350,22/04/2025,Cash,22/04/2025 18:26:51,
cde5b461,38488d55,Piece,1,2,20,22/04/2025,Cash,22/04/2025 18:28:50,
fb47036a,38488d68,KG,1,1,120,22/04/2025,Cash,22/04/2025 18:30:50,
b6b54b66,2f5f74e8,Piece,1,1,60,22/04/2025,Cash,22/04/2025 18:32:26,
19c208dd,38488d69,KG,0.25,1,110,22/04/2025,Cash,22/04/2025 18:34:46,
9a54dfdb,3ff538e9,Piece,1,4,100,22/04/2025,Cash,22/04/2025 18:36:15,
da48353b,38488d47,KG,25,1,500,22/04/2025,Cash,22/04/2025 18:50:21,
88cd5689,87506445,Piece,1,1,50,22/04/2025,Cash,22/04/2025 19:01:39,
32f37216,38488d36,KG,1.5,1,100,22/04/2025,Cash,22/04/2025 21:15:05,
7de3e63a,38488d71,KG,2,1,40,22/04/2025,Cash,22/04/2025 21:15:51,
e7ce1cea,38488d63,KG,2,1,40,22/04/2025,Cash,22/04/2025 21:16:28,
8f5688d3,533238d5,KG,1.5,1,60,22/04/2025,Cash,22/04/2025 21:17:14,
7caca717,5040fe86,KG,3,1,60,22/04/2025,Cash,22/04/2025 21:18:06,
c00791ed,7cfdeddd,KG,1,1,140,22/04/2025,Cash,22/04/2025 21:19:07,
6456d1f8,38488d82,,1.5,1,75,22/04/2025,Cash,22/04/2025 21:19:33,
75644f57,a31d5abb,KG,1,1,120,22/04/2025,Cash,22/04/2025 21:20:21,
8ddffbf2,38488d84,KG,1.5,1,60,22/04/2025,Cash,22/04/2025 21:21:11,
c906a62e,524a0b85,Piece,12,1,100,22/04/2025,Cash,22/04/2025 21:22:04,
c87a5190,38488d49,KG,4,1,120,22/04/2025,Cash,22/04/2025 21:43:11,
6f084bc1,38488d72,KG,0.5,1,40,22/04/2025,Cash,22/04/2025 21:43:37,
4fa5d378,fcd75bd5,Piece,1,1,10,22/04/2025,Cash,22/04/2025 21:48:44,
eba2216a,38488d32,Liter,1,3,168,23/04/2025,Cash,23/04/2025 08:50:28,
2ace0194,38488d75,Piece,1,3,30,23/04/2025,Cash,23/04/2025 18:25:01,
2cd4b7d0,a208793d,Piece,1,1,90,23/04/2025,Cash,23/04/2025 18:25:29,
5bc4ffcf,38488d53,KG,5,1,140,23/04/2025,Cash,23/04/2025 18:28:25,
a3df486f,89e823ea,KG,0.5,4,340,23/04/2025,Cash,23/04/2025 18:29:36,
2071a6a6,13a4f998,Piece,1,1,150,23/04/2025,Cash,23/04/2025 22:04:51,
519bd053,6eac27e1,Piece,1,2,120,23/04/2025,Cash,23/04/2025 22:05:33,
ed5463e1,38488d32,Liter,1,3,168,24/04/2025,Cash,24/04/2025 09:45:24,
93014c3f,38488d73,KG,5,1,150,24/04/2025,Cash,24/04/2025 09:45:46,
ab265100,3f40d071,Piece,12,6,350,24/04/2025,Cash,24/04/2025 09:46:41,
c0b150cf,38488d48,KG,5,1,300,24/04/2025,Cash,24/04/2025 12:05:31,
40db39a6,38488d75,Piece,6,1,370,24/04/2025,Cash,24/04/2025 12:06:24,
44d46134,1870042c,KG,5,1,100,24/04/2025,Cash,24/04/2025 21:22:32,
4b70156c,38488d32,Liter,1,3,168,25/04/2025,Cash,25/04/2025 11:45:57,
5fef8868,1905cc15,KG,1.5,1,110,25/04/2025,Cash,25/04/2025 18:43:47,
56bca4d2,7110fbe1,Piece,1,1,100,25/04/2025,Cash,25/04/2025 19:55:27,
e441cff1,38488d32,Liter,1,3,168,26/04/2025,Cash,26/04/2025 12:28:57,
902038b1,38488d34,KG,1,1,40,26/04/2025,Cash,26/04/2025 12:35:37,
0be44584,38488d38,KG,0.4,1,40,26/04/2025,Cash,26/04/2025 12:36:01,
067f068d,38488d72,KG,0.5,1,30,26/04/2025,Cash,26/04/2025 12:36:30,
7dbf586a,38488d57,KG,4,1,220,26/04/2025,Cash,26/04/2025 18:42:30,
39d7d9d3,1870042c,KG,5,1,100,26/04/2025,Cash,26/04/2025 18:55:59,
31abcf95,38488d32,Liter,1,2,112,27/04/2025,Cash,27/04/2025 11:05:30,
f160a6a4,38488d73,KG,5,1,150,27/04/2025,Cash,27/04/2025 11:06:21,
8ddeab5d,38488d68,KG,0.5,2,150,27/04/2025,Cash,27/04/2025 11:07:26,
04960cff,38488d33,KG,0.5,1,20,27/04/2025,Cash,27/04/2025 11:07:57,
f26cb300,38488d34,KG,0.25,1,10,27/04/2025,Cash,27/04/2025 11:08:20,
75ebb104,38488d40,KG,0.25,1,20,27/04/2025,Cash,27/04/2025 11:08:41,
94fad49e,38488d37,KG,1.5,1,30,27/04/2025,Cash,27/04/2025 11:09:22,
8b84330e,0c53ef5a,KG,0.15,1,10,27/04/2025,Cash,27/04/2025 11:09:48,
c4f63327,2bdbfdb6,KG,1.25,1,125,27/04/2025,Cash,27/04/2025 11:31:56,
4f62154f,2bdbfdb8,Piece,1,2,20,27/04/2025,Cash,27/04/2025 11:32:55,
af12e388,859c1eff,Piece,1,2,20,27/04/2025,Cash,27/04/2025 11:33:24,
52dccf56,070c1507,Piece,1,6,50,27/04/2025,Cash,27/04/2025 11:35:09,
54419b8c,38488d48,KG,5,1,300,27/04/2025,Cash,27/04/2025 11:37:25,
4916a2dd,38488d32,Liter,1,2,112,27/04/2025,Cash,27/04/2025 19:45:08,
7613cc1b,38488d42,Piece,1,2,130,27/04/2025,Cash,27/04/2025 19:51:18,
ad13d27e,38488d32,Liter,1,2,112,28/04/2025,Cash,28/04/2025 17:05:39,
84219339,38488d74,KG,3,1,150,28/04/2025,Cash,28/04/2025 17:06:25,
394db469,4340a96c,KG,0.5,1,30,28/04/2025,Cash,28/04/2025 20:27:27,
ee056097,38488d60,KG,0.5,1,80,28/04/2025,Cash,28/04/2025 20:28:34,
e718028c,38488d59,KG,1,1,160,28/04/2025,Cash,28/04/2025 20:29:35,
b375f4a2,db6e2124,Piece,1,2,300,28/04/2025,Cash,28/04/2025 20:30:07,
6a5e6122,f4eeda21,Piece,1,1,10,28/04/2025,Cash,28/04/2025 20:33:09,
11c1e714,38488d32,Liter,1,3,168,29/04/2025,Cash,29/04/2025 08:57:31,
d463e5a2,38488d38,KG,0.6,2,110,29/04/2025,Cash,29/04/2025 08:57:47,
78721dce,38488d34,KG,0.25,1,15,29/04/2025,Cash,29/04/2025 08:58:20,
2913865e,38488d68,KG,0.5,1,60,29/04/2025,Cash,29/04/2025 08:58:35,
e867bc3f,61deb399,KG,2.5,1,140,29/04/2025,Cash,29/04/2025 08:59:31,
5664a2ae,38488d72,KG,0.5,1,30,29/04/2025,Cash,29/04/2025 09:00:36,
c5a60d6e,38488d82,KG,0.5,1,30,29/04/2025,Cash,29/04/2025 09:01:25,
6ec8420d,2f5f74e8,Piece,1,1,50,29/04/2025,Cash,29/04/2025 17:39:20,
46c101f3,38488d32,Liter,1,2,112,29/04/2025,Cash,29/04/2025 17:40:37,
41df44f2,fcd75bd5,Piece,1,1,10,29/04/2025,Cash,29/04/2025 17:40:59,
c0294fdb,38488d47,KG,25,1,470,29/04/2025,Cash,29/04/2025 18:28:47,
02324bc5,1870042c,KG,5,1,90,29/04/2025,Cash,29/04/2025 18:30:16,
e348b230,38488d69,KG,0.25,1,110,29/04/2025,Cash,29/04/2025 18:53:19,
635a281a,3ed563fc,Piece,1,10,300,29/04/2025,Cash,29/04/2025 19:21:18,
32e53fca,090f0992,Liter,0.75,4,240,29/04/2025,Cash,29/04/2025 19:21:47,
4eab0b89,38488d77,Piece,1,3,120,29/04/2025,Cash,29/04/2025 19:23:32,
21a472fe,058ead3d,Piece,1,2,40,29/04/2025,Cash,29/04/2025 19:24:38,
4eec2aa8,87506445,Piece,1,1,30,29/04/2025,Cash,29/04/2025 21:01:22,
b3d834cd,3ff538e9,Piece,1,12,300,29/04/2025,Cash,29/04/2025 21:02:37,
2aa838cb,38488d36,KG,1,1,70,29/04/2025,Cash,29/04/2025 21:05:39,
471b6ebe,38488d34,KG,1.5,1,60,29/04/2025,Cash,29/04/2025 21:06:23,
18e5cc57,38488d63,KG,2,1,60,29/04/2025,Cash,29/04/2025 21:06:54,
5c9165d1,38488d72,KG,1,1,60,29/04/2025,Cash,29/04/2025 21:07:20,
43f63604,38488d82,KG,1.25,1,60,29/04/2025,Cash,29/04/2025 21:07:58,
57d78378,7cfdeddd,KG,1,1,130,29/04/2025,Cash,29/04/2025 21:08:43,
1f357358,a31d5abb,KG,1,1,110,29/04/2025,Cash,29/04/2025 21:10:03,
aa9faf4c,1905cc15,KG,1.5,1,90,29/04/2025,Cash,29/04/2025 21:10:24,
f3be7c43,533238d5,KG,2,1,80,29/04/2025,Cash,29/04/2025 21:10:53,
8b14149f,38488d84,KG,2.5,1,60,29/04/2025,Cash,29/04/2025 21:11:51,
bac7bd7d,38488d73,,6.5,2,130,29/04/2025,Cash,29/04/2025 22:00:34,
a45f656a,38488d57,KG,5,1,150,29/04/2025,Cash,29/04/2025 22:39:47,
d9dfa254,,Liter,1,2,114,01/05/2025,Cash,01/05/2025 09:05:04,
e106b691,38488d48,KG,5,1,300,01/05/2025,Cash,01/05/2025 09:05:23,
b19792c8,ed041292,Piece,1,1,280,01/05/2025,Cash,01/05/2025 20:03:48,
a3166939,38488d32,Liter,2.5,1,143,02/05/2025,Cash,02/05/2025 19:30:02,
6e01ea94,1870042c,KG,5,1,90,02/05/2025,Cash,02/05/2025 21:13:08,
7951b436,364c4110,KG,0.5,2,60,02/05/2025,Cash,02/05/2025 21:38:31,
c4145722,38488d32,Liter,1,3,171,03/05/2025,Cash,03/05/2025 10:58:37,
a9e15dc2,38488d38,KG,0.6,4,230,03/05/2025,Cash,03/05/2025 11:00:20,
f753ff11,38488d84,KG,1.5,1,50,03/05/2025,Cash,03/05/2025 19:49:23,
23d2a498,38488d32,Liter,1,3,171,04/05/2025,Cash,04/05/2025 10:57:50,
3e66d3f5,38488d34,KG,1.5,1,80,04/05/2025,Cash,04/05/2025 10:59:08,
655c636e,38488d73,KG,5,1,150,04/05/2025,Cash,04/05/2025 11:03:38,
c227cec3,ef5221db,KG,2,1,140,04/05/2025,Cash,04/05/2025 11:06:23,
c65cdbdc,38488d51,KG,1.25,1,350,04/05/2025,Cash,04/05/2025 11:07:30,
3f0dd925,38488d55,Piece,1,2,20,04/05/2025,Cash,04/05/2025 11:08:46,
e73a5ffa,38488d48,KG,5,1,300,04/05/2025,Cash,04/05/2025 13:58:29,
f6e59a89,bfa18a1e,Piece,1,2,100,04/05/2025,Cash,04/05/2025 20:39:15,
74844224,38488d32,Liter,1,3,171,05/05/2025,Cash,05/05/2025 09:11:33,
ceb98cee,38488d36,KG,0.5,1,40,05/05/2025,Cash,05/05/2025 09:12:39,
be403cc8,38488d82,KG,0.5,1,30,05/05/2025,Cash,05/05/2025 09:12:59,
3952fb89,38488d63,KG,1.25,1,30,05/05/2025,Cash,05/05/2025 12:31:40,
4053be55,38488d35,KG,0.5,1,20,05/05/2025,Cash,05/05/2025 12:32:24,
55f6ebc8,38488d57,KG,0.3,1,20,05/05/2025,Cash,05/05/2025 12:33:13,
bfeb2889,38488d62,KG,1,3,180,05/05/2025,Cash,05/05/2025 17:24:16,
89f8824b,2c4d95ef,KG,0.25,1,40,05/05/2025,Cash,05/05/2025 17:25:15,
20e39e69,2f5f74e8,Piece,1,1,60,05/05/2025,Cash,05/05/2025 17:28:20,
ea9e9936,38488d68,KG,0.5,2,160,05/05/2025,Cash,05/05/2025 17:28:47,
4c9bcb68,ee72568a,Piece,1,1,10,05/05/2025,Cash,05/05/2025 17:30:19,
149af33f,fb9ea07d,KG,0.25,1,20,05/05/2025,Cash,05/05/2025 17:32:45,
ac2ad399,de30c419,Piece,1,1,10,05/05/2025,Cash,05/05/2025 18:06:20,
af2499ca,070c1507,KG,1,6,50,05/05/2025,Cash,05/05/2025 20:01:51,
0c37f133,38488d62,KG,1,1,60,05/05/2025,Cash,05/05/2025 21:28:06,
c8ca7e3c,38488d32,Liter,1,3,171,06/05/2025,Cash,06/05/2025 09:04:47,
708d14b7,38488d50,KG,1.5,1,50,06/05/2025,Cash,06/05/2025 09:05:03,
d6a6c3d9,38488d48,KG,5,1,300,06/05/2025,Cash,06/05/2025 11:12:37,
a7deecc4,3095f6ad,KG,5,1,225,06/05/2025,Cash,06/05/2025 11:12:57,
566ab92e,38488d32,Liter,1.5,1,87,06/05/2025,Cash,06/05/2025 18:31:59,
a4a7006f,fcd75bd5,Piece,1,1,10,06/05/2025,Cash,06/05/2025 18:35:18,
077a2410,38488d69,KG,0.25,1,110,06/05/2025,Cash,06/05/2025 18:36:38,
f52d04b6,a92f80eb,KG,7,1,100,06/05/2025,Cash,06/05/2025 18:38:37,
e6cf36fa,a31d5abb,KG,1,1,100,06/05/2025,Cash,06/05/2025 19:22:33,
e63fb291,38488d36,KG,1,1,80,06/05/2025,Cash,06/05/2025 21:05:33,
cb08ebaa,38488d82,KG,1,1,60,06/05/2025,Cash,06/05/2025 21:05:50,
f1be98a4,38488d39,KG,5,1,100,06/05/2025,Cash,06/05/2025 21:07:22,
38ee137d,38488d63,KG,2,1,50,06/05/2025,Cash,06/05/2025 21:07:48,
1eca85cb,533238d5,KG,1.5,1,60,06/05/2025,Cash,06/05/2025 21:08:20,
e7570434,1905cc15,KG,1.5,1,90,06/05/2025,Cash,06/05/2025 21:09:05,
0173c181,38488d72,KG,1,1,40,06/05/2025,Cash,06/05/2025 21:09:35,
1d326fac,38488d84,KG,2,1,60,06/05/2025,Cash,06/05/2025 21:10:15,
0f0da4c3,38488d34,KG,1,1,50,06/05/2025,Cash,06/05/2025 21:10:49,
39dcb4a7,524a0b85,Piece,1,5,50,06/05/2025,Cash,06/05/2025 21:13:09,
73fa159d,4340a96c,KG,0.5,1,30,06/05/2025,Cash,06/05/2025 21:58:16,
a336f120,38488d32,Liter,1,3,171,07/05/2025,Cash,07/05/2025 08:58:56,
4c2685bb,38488d38,KG,0.6,1,110,07/05/2025,Cash,07/05/2025 08:59:26,
eb0088ce,7110fbe1,Piece,1,2,200,07/05/2025,Cash,07/05/2025 21:06:17,
a4612e78,38488d32,Liter,1,3,171,08/05/2025,Cash,08/05/2025 11:23:47,
721a43db,3f40d071,Piece,12,7,350,08/05/2025,Cash,08/05/2025 11:24:31,
9fc13439,38488d39,KG,2.5,1,50,08/05/2025,Cash,08/05/2025 13:14:17,
86d6d05e,6d43a33d,KG,1,1,35,08/05/2025,Cash,08/05/2025 13:26:27,
cdacb939,7cfdeddd,KG,0.25,1,35,08/05/2025,Cash,08/05/2025 13:29:15,
f901ad5a,a92f80eb,KG,50,1,700,08/05/2025,Cash,08/05/2025 13:47:36,
deb85552,1870042c,KG,10,1,160,08/05/2025,Cash,08/05/2025 13:48:07,
55426570,38488d47,KG,51,1,900,08/05/2025,Cash,08/05/2025 13:48:26,
7b16562b,72333f40,KG,1,1,140,08/05/2025,Cash,08/05/2025 20:54:37,
1e5bf86e,ee4c7cc6,Piece,1,1,140,08/05/2025,Cash,08/05/2025 20:57:39,
a941e522,cce54458,KG,0.5,2,160,08/05/2025,Cash,08/05/2025 20:58:34,
bb2ccd60,89e823ea,KG,0.5,2,160,08/05/2025,Cash,08/05/2025 21:00:10,
cf3d667f,72333f40,Piece,1,2,80,08/05/2025,Cash,08/05/2025 21:00:37,
d592eb0d,9130d9d3,Piece,1,2,270,08/05/2025,Cash,08/05/2025 21:03:18,
99eb6229,38488d48,KG,5,1,300,09/05/2025,Cash,09/05/2025 09:31:13,
c0cfdec0,38488d73,KG,6.5,2,130,09/05/2025,Cash,09/05/2025 09:34:27,
4a019931,38488d39,Piece,2.5,1,50,09/05/2025,Cash,09/05/2025 18:45:04,
e26c1f0e,13a4f998,Piece,1,2,300,09/05/2025,Cash,09/05/2025 20:17:34,
72d0983e,38488d32,Liter,1,3,171,10/05/2025,Cash,10/05/2025 09:02:36,
47ddd450,38488d38,,0.6,4,225,10/05/2025,Cash,10/05/2025 09:02:53,
d576f212,38488d71,KG,3,1,60,10/05/2025,Cash,10/05/2025 09:03:51,
f47b4736,38488d72,KG,0.5,1,25,10/05/2025,Cash,10/05/2025 09:04:42,
112a07cb,38488d75,Piece,1,4,40,10/05/2025,Cash,10/05/2025 10:35:50,
05e9d57c,38488d39,KG,2.5,1,50,10/05/2025,Cash,10/05/2025 14:11:58,
61bad25c,38488d57,KG,4,1,140,10/05/2025,Cash,10/05/2025 20:51:36,
ea44099b,38488d54,KG,5,1,190,10/05/2025,Cash,10/05/2025 21:03:21,
09ed473b,4340a96c,KG,0.5,1,30,10/05/2025,Cash,10/05/2025 21:30:54,
9114f2c7,38488d32,Liter,1,3,171,11/05/2025,Cash,11/05/2025 10:41:46,
affc12fa,38488d82,KG,0.5,1,30,11/05/2025,Cash,11/05/2025 10:42:08,
84cb8ff2,2bdbfdb6,KG,1,1,100,11/05/2025,Cash,11/05/2025 13:45:45,
f98b2562,2bdbfdb8,Piece,1,2,20,11/05/2025,Cash,11/05/2025 13:46:25,
368f75da,38488d50,KG,1.25,1,50,11/05/2025,Cash,11/05/2025 13:47:19,
5642dabc,38488d78,KG,0.5,1,35,11/05/2025,Cash,11/05/2025 13:47:44,
60fa9efd,8fe4d6eb,Piece,1,1,150,11/05/2025,Cash,11/05/2025 20:11:34,
266ca933,38488d32,Liter,0.5,4,116,11/05/2025,Cash,11/05/2025 20:14:32,
ca4f3edc,38488d43,Liter,0.5,1,50,12/05/2025,Cash,12/05/2025 16:24:11,
23dc7ce2,38488d32,Liter,0.5,6,174,12/05/2025,Cash,12/05/2025 18:50:46,
c518d87e,e3c0fff2,KG,1,1,80,12/05/2025,Cash,12/05/2025 18:51:45,
b62f594d,1870042c,KG,5,1,80,12/05/2025,Cash,12/05/2025 18:53:00,
eee1b735,38488d36,KG,1,1,70,12/05/2025,Cash,12/05/2025 19:07:23,
c43711a4,a31d5abb,KG,1,1,100,12/05/2025,Cash,12/05/2025 19:08:38,
8b9b9e2c,38488d51,KG,1.5,1,420,12/05/2025,Cash,12/05/2025 19:09:56,
65d910b2,38488d55,Piece,1,2,20,12/05/2025,Cash,12/05/2025 19:11:42,
57191d07,38488d68,KG,1,1,120,12/05/2025,Cash,12/05/2025 19:12:20,
206c11a8,fcd75bd5,Piece,1,1,10,12/05/2025,Cash,12/05/2025 19:12:42,
1d25f9a0,38488d32,Liter,1,3,171,13/05/2025,Cash,13/05/2025 10:08:59,
a26ebacf,38488d73,KG,3,1,60,13/05/2025,Cash,13/05/2025 10:09:50,
1d16b4f1,38488d84,KG,2.5,1,75,13/05/2025,Cash,13/05/2025 19:01:19,
1225969d,38488d69,KG,0.25,1,110,13/05/2025,Cash,13/05/2025 19:02:27,
2bc7efcb,15880a38,Piece,1,1,50,13/05/2025,Cash,13/05/2025 19:50:18,
956a4ec7,38488d36,KG,1,1,70,13/05/2025,Cash,13/05/2025 21:08:49,
ffe14387,38488d35,KG,0.25,1,20,13/05/2025,Cash,13/05/2025 21:09:20,
f498406b,38488d70,Piece,12,8,320,13/05/2025,Cash,13/05/2025 21:11:00,
c0bc0277,cae57605,Piece,1,2,20,13/05/2025,Cash,13/05/2025 21:11:39,
9a98ce9d,38488d34,KG,1,1,50,13/05/2025,Cash,13/05/2025 21:12:04,
2780b6f1,38488d57,KG,4,1,100,13/05/2025,Cash,13/05/2025 21:14:15,
353801d0,38488d39,KG,6,1,100,13/05/2025,Cash,13/05/2025 21:14:39,
2d9a0d9b,a31d5abb,KG,1,1,100,13/05/2025,Cash,13/05/2025 21:14:56,
8a956448,38488d63,KG,2,1,50,13/05/2025,Cash,13/05/2025 21:15:11,
9fc86949,38488d71,KG,2.5,1,50,13/05/2025,Cash,13/05/2025 21:15:36,
200bf8fd,38488d72,KG,1,1,60,13/05/2025,Cash,13/05/2025 21:16:43,
63c210a4,38488d82,KG,1.5,1,75,13/05/2025,Cash,13/05/2025 21:17:06,
1dd8acf1,61deb399,KG,1.5,1,90,13/05/2025,Cash,13/05/2025 21:18:03,
5bdf4188,38488d84,KG,0.5,1,10,13/05/2025,Cash,13/05/2025 21:18:29,
86d011c0,7cfdeddd,KG,1,1,100,13/05/2025,Cash,13/05/2025 21:20:36,
6671344e,38488d32,Liter,1,2,114,14/05/2025,Cash,14/05/2025 10:35:10,
ad726b96,38488d48,KG,5,1,300,14/05/2025,Cash,14/05/2025 10:35:42,
4fb65717,6e1dad77,Piece,1,1,700,14/05/2025,Cash,14/05/2025 19:36:13,
389cd630,6eac27e1,Piece,1,2,120,14/05/2025,Cash,14/05/2025 21:21:26,
b5adb8b1,49bab0db,Piece,1,1,50,14/05/2025,Cash,14/05/2025 21:36:56,
980ac93d,070c1507,Piece,1,6,50,14/05/2025,Cash,14/05/2025 21:37:50,
dc884d82,38488d32,Liter,1,2,114,15/05/2025,Cash,15/05/2025 11:55:21,
a322eacc,38488d73,KG,5,1,100,15/05/2025,Cash,15/05/2025 11:55:50,
667d09bf,1870042c,KG,2,1,50,15/05/2025,Cash,15/05/2025 18:24:17,
97d543bc,86ce16a9,KG,5,1,300,15/05/2025,Cash,15/05/2025 18:24:38,
48265b80,316fcd40,KG,5,1,300,15/05/2025,Cash,15/05/2025 18:28:46,
af9b96da,38488d59,KG,1,1,160,15/05/2025,Cash,15/05/2025 18:30:14,
a181e50b,38488d60,KG,1,1,160,15/05/2025,Cash,15/05/2025 18:31:09,
e1333df5,1870042c,KG,5,1,100,15/05/2025,Cash,15/05/2025 19:08:15,
4356d217,d2feae0c,KG,0.1,1,100,15/05/2025,Cash,15/05/2025 21:28:52,
30dd45b0,38488d32,Liter,1,2,114,16/05/2025,Cash,16/05/2025 11:17:46,
e041fd3a,38488d34,KG,0.25,1,15,16/05/2025,Cash,16/05/2025 11:18:02,
42317b30,38488d35,KG,0.15,1,10,16/05/2025,Cash,16/05/2025 11:18:46,
fb45f4e8,38488d38,KG,0.6,2,120,16/05/2025,Cash,16/05/2025 11:19:10,
ac98bade,4340a96c,KG,0.5,1,30,16/05/2025,Cash,16/05/2025 11:19:31,
40d82cef,38488d68,KG,0.5,2,150,16/05/2025,Cash,16/05/2025 11:22:03,
5e7d4c15,38488d74,KG,4,1,140,16/05/2025,Cash,16/05/2025 11:23:07,
d85e2597,38488d32,Liter,0.5,4,116,17/05/2025,Cash,17/05/2025 11:28:11,
27064a34,38488d63,KG,1.5,1,60,17/05/2025,Cash,17/05/2025 18:57:22,
0bb05cb4,38488d35,KG,0.25,1,20,17/05/2025,Cash,17/05/2025 19:00:30,
2409218b,38488d57,KG,0.25,1,10,17/05/2025,Cash,17/05/2025 19:01:16,
7fd9602e,ee72568a,Piece,1,1,10,17/05/2025,Cash,17/05/2025 19:03:07,
1837ffc9,fb9ea07d,KG,0.25,1,30,17/05/2025,Cash,17/05/2025 19:04:25,
52b2489b,38488d62,KG,1,5,300,17/05/2025,Cash,17/05/2025 19:05:11,
f9c1c3d8,2c4d95ef,KG,0.3,1,45,17/05/2025,Cash,17/05/2025 19:05:53,
95ffbdb7,2f5f74e8,KG,1,1,60,17/05/2025,Cash,17/05/2025 19:06:43,
8bb4de6d,9e6ad656,KG,0.5,1,130,17/05/2025,Cash,17/05/2025 19:07:34,
8199fe84,38488d32,Liter,1,2,114,18/05/2025,Cash,18/05/2025 09:33:19,
9c91881a,38488d48,KG,5,1,300,18/05/2025,Cash,18/05/2025 09:33:41,
12507323,38488d34,KG,1,1,60,18/05/2025,Cash,18/05/2025 09:34:48,
a7d41be1,38488d51,KG,1.5,1,420,18/05/2025,Cash,18/05/2025 09:35:08,
905bf078,38488d73,KG,5.5,1,110,18/05/2025,Cash,18/05/2025 09:35:51,
c2c9d06e,38488d72,KG,0.5,1,20,18/05/2025,Cash,18/05/2025 09:37:03,
ff842fa2,4340a96c,KG,0.5,1,30,18/05/2025,Cash,18/05/2025 09:37:57,
368fc42b,38488d42,Piece,1,2,130,18/05/2025,Cash,18/05/2025 20:39:49,
31232ec7,38488d32,Liter,1,2,114,19/05/2025,Cash,19/05/2025 11:21:44,
6c10f5ef,38488d38,KG,0.6,1,55,19/05/2025,Cash,19/05/2025 11:22:11,
f9aff6aa,2174fb78,KG,1,1,50,19/05/2025,Cash,19/05/2025 11:24:34,
16f80f1b,1870042c,KG,5,1,100,19/05/2025,Cash,19/05/2025 18:52:35,
5560173e,38488d36,KG,1,1,60,19/05/2025,Cash,19/05/2025 18:53:07,
ac9a1e5d,38488d82,KG,1,1,40,19/05/2025,Cash,19/05/2025 18:53:21,
41cb34da,38488d32,Liter,1,2,114,20/05/2025,Cash,20/05/2025 18:03:47,
e01e0380,38488d48,KG,5,1,300,20/05/2025,Cash,20/05/2025 18:04:16,
f8c6fddf,3095f6ad,KG,5,1,225,20/05/2025,Cash,20/05/2025 18:05:19,
5353c129,89e823ea,KG,0.5,4,340,20/05/2025,Cash,20/05/2025 18:07:49,
263e3ae4,0d604b3e,KG,0.5,1,100,20/05/2025,Cash,20/05/2025 18:10:10,
f76e78e9,38488d32,KG,0.5,1,58,20/05/2025,Cash,20/05/2025 18:10:58,
f2e36e0c,fcd75bd5,Liter,1,1,10,20/05/2025,Cash,20/05/2025 18:11:40,
20a6471d,38488d69,KG,0.25,1,110,20/05/2025,Cash,20/05/2025 20:46:21,
ded5b4b7,38488d34,KG,1,1,60,20/05/2025,Cash,20/05/2025 21:19:09,
141ff31e,38488d63,KG,2,1,40,20/05/2025,Cash,20/05/2025 21:20:17,
11c8968b,38488d72,KG,1,1,40,20/05/2025,Cash,20/05/2025 21:20:50,
0557836a,a31d5abb,KG,1,1,100,20/05/2025,Cash,20/05/2025 21:21:49,
50d441d9,61deb399,KG,1.5,1,90,20/05/2025,Cash,20/05/2025 21:23:00,
10c7b9f0,38488d84,KG,1.5,1,50,20/05/2025,Cash,20/05/2025 21:23:30,
522f5259,1905cc15,KG,1.5,1,60,20/05/2025,Cash,20/05/2025 21:25:29,
a8e2f527,1870042c,KG,11,1,110,20/05/2025,Cash,20/05/2025 22:01:50,
a7c63dae,38488d51,KG,1,1,280,20/05/2025,Cash,20/05/2025 22:02:30,
ca766c17,4340a96c,KG,0.5,1,30,20/05/2025,Cash,20/05/2025 22:03:24,
fb7b797e,38488d32,Liter,1,3,171,21/05/2025,Cash,21/05/2025 20:48:34,
24990b0f,38488d32,Liter,1,2,114,22/05/2025,Cash,22/05/2025 10:05:14,
e762ef3f,38488d38,KG,0.6,3,175,22/05/2025,Cash,22/05/2025 10:05:58,
625eba9a,38488d68,Piece,1,1,55,22/05/2025,Cash,22/05/2025 10:06:47,
996bd7c8,38488d35,KG,0.25,1,10,22/05/2025,Cash,22/05/2025 10:07:33,
1d9f2f3c,31170873,Piece,1,1,200,22/05/2025,Cash,22/05/2025 12:20:38,
c0f5da9a,15880a38,Piece,1,1,80,22/05/2025,Cash,22/05/2025 19:44:19,
a458a024,38488d47,KG,25,1,470,23/05/2025,Cash,23/05/2025 13:03:13,
eecdf9ee,38488d32,Liter,0.5,4,116,23/05/2025,Cash,23/05/2025 20:22:18,
98f28cf1,38488d84,KG,2.5,1,70,23/05/2025,Cash,23/05/2025 20:23:17,
ef94b902,38488d36,KG,0.25,1,20,23/05/2025,Cash,23/05/2025 20:24:11,
af20b6af,38488d72,KG,0.5,1,30,23/05/2025,Cash,23/05/2025 20:24:36,
6b4bd5f1,38488d82,KG,0.25,1,15,23/05/2025,Cash,23/05/2025 20:25:01,
57d59afd,ee4c7cc6,Piece,1,1,140,23/05/2025,Cash,23/05/2025 21:01:32,
091f5c24,38488d32,Liter,1,2,114,24/05/2025,Cash,24/05/2025 12:13:58,
382c4cbf,38488d48,KG,5,1,300,24/05/2025,Cash,24/05/2025 12:14:15,
3aa745d0,3f40d071,Piece,12,8,400,24/05/2025,Cash,24/05/2025 12:14:34,
024ea898,38488d74,KG,4,1,80,24/05/2025,Cash,24/05/2025 19:50:34,
82c108c8,38488d54,KG,5,1,190,24/05/2025,Cash,24/05/2025 21:40:23,
1ef11209,38488d46,Piece,1,1,40,24/05/2025,Cash,24/05/2025 21:43:20,
30060ce3,38488d32,Liter,0.5,4,116,25/05/2025,Cash,25/05/2025 20:32:14,
0979f48e,2bdbfdb6,KG,1.25,1,125,25/05/2025,Cash,25/05/2025 20:32:42,
5972f320,2bdbfdb8,Piece,1,2,20,25/05/2025,Cash,25/05/2025 20:33:16,
541ae96b,38488d32,Liter,1,3,171,26/05/2025,Cash,26/05/2025 11:33:42,
581a42dc,38488d82,KG,0.5,1,30,26/05/2025,Cash,26/05/2025 11:33:57,
600a93cb,38488d38,KG,0.6,1,60,26/05/2025,Cash,26/05/2025 11:34:21,
2ebf0d0f,38488d33,KG,2.5,1,100,26/05/2025,Cash,26/05/2025 19:37:00,
d3413864,38488d39,KG,2.5,1,50,26/05/2025,Cash,26/05/2025 19:39:51,
ae0cc68b,626efb0f,Piece,1,1,500,26/05/2025,Cash,26/05/2025 19:47:13,
e5ea3fbf,38488d46,Piece,1,1,20,26/05/2025,Cash,26/05/2025 19:52:50,
331dbcb9,070c1507,Piece,1,6,50,26/05/2025,Cash,26/05/2025 21:35:45,
919fe880,38488d32,Liter,1,2,114,27/05/2025,Cash,27/05/2025 08:54:05,
45fe4a8d,38488d36,KG,0.25,1,20,27/05/2025,Cash,27/05/2025 08:55:43,
5f1b507a,1870042c,KG,1,1,30,27/05/2025,Cash,27/05/2025 08:56:45,
4450477a,38488d73,KG,6,2,120,27/05/2025,Cash,27/05/2025 08:59:05,
242e40d4,38488d43,Liter,0.5,6,60,27/05/2025,Cash,27/05/2025 08:59:48,
f7d34048,49bab0db,Piece,1,2,100,27/05/2025,Cash,27/05/2025 09:00:28,
ae6d10c0,1870042c,KG,2,1,40,27/05/2025,Cash,27/05/2025 18:52:57,
ee6f8c02,38488d69,KG,0.25,1,110,27/05/2025,Cash,27/05/2025 18:54:29,
5ec69c41,7cfdeddd,KG,1,1,100,27/05/2025,Cash,27/05/2025 20:00:43,
3f84fa4c,38488d78,KG,1,1,50,27/05/2025,Cash,27/05/2025 20:04:07,
99f4ea93,ee4c7cc6,Piece,1,4,200,27/05/2025,Cash,27/05/2025 20:06:53,
485f5f87,7211596c,Piece,12,1,100,27/05/2025,Cash,27/05/2025 20:11:01,
de5e42f5,38488d57,KG,4,1,100,27/05/2025,Cash,27/05/2025 21:27:31,
266ff8fa,38488d34,KG,1,1,60,27/05/2025,Cash,27/05/2025 21:27:58,
e856b12f,38488d36,KG,1,1,80,27/05/2025,Cash,27/05/2025 21:28:17,
77aa5158,38488d72,KG,1,1,60,27/05/2025,Cash,27/05/2025 21:28:39,
48118f82,38488d82,KG,1,1,70,27/05/2025,Cash,27/05/2025 21:28:59,
fa6e38a1,1905cc15,KG,1.8,1,110,27/05/2025,Cash,27/05/2025 21:29:33,
46769da0,533238d5,KG,2,1,60,27/05/2025,Cash,27/05/2025 21:30:43,
3fdf9aee,38488d84,KG,2.5,1,60,27/05/2025,Cash,27/05/2025 21:31:15,
c4a5fed4,1870042c,KG,5,1,100,27/05/2025,Cash,27/05/2025 21:32:21,
876e883e,a31d5abb,KG,1,1,130,27/05/2025,Cash,27/05/2025 22:01:18,
1dc67463,38488d35,KG,0.3,1,20,27/05/2025,Cash,27/05/2025 22:02:12,
53baae3c,38488d68,KG,0.25,1,20,27/05/2025,Cash,27/05/2025 22:02:35,
c64c03c0,7cfdeddd,KG,1,1,80,27/05/2025,Cash,27/05/2025 22:03:14,
af6551a6,38488d32,Liter,1,3,171,28/05/2025,Cash,28/05/2025 12:33:24,
b0aa3d15,38488d48,KG,5,1,300,28/05/2025,Cash,28/05/2025 12:38:24,
18b3268e,608e4a15,Piece,1,1,150,28/05/2025,Cash,28/05/2025 17:09:11,
9408126f,38488d35,KG,0.25,1,20,28/05/2025,Cash,28/05/2025 19:27:56,
6bfc47e8,38488d33,KG,0.4,1,20,28/05/2025,Cash,28/05/2025 19:29:10,
f3c1c9a5,38488d37,KG,1,1,30,28/05/2025,Cash,28/05/2025 19:29:43,
8dade9a1,38488d68,KG,0.25,1,20,28/05/2025,Cash,28/05/2025 19:30:39,
1a21c891,38488d71,KG,1.25,1,30,28/05/2025,Cash,28/05/2025 19:32:25,
0eae09c2,38488d70,Piece,12,8,320,28/05/2025,Cash,28/05/2025 19:36:32,
bd8072d6,cae57605,Piece,1,2,20,28/05/2025,Cash,28/05/2025 19:45:46,
49f1aa55,3f5a9999,Liter,5,1,290,28/05/2025,Cash,28/05/2025 19:46:12,
8e2f4a94,13a4f998,Piece,1,1,150,28/05/2025,Cash,28/05/2025 21:04:47,
ac2ddef3,ae904201,Piece,1,2,20,28/05/2025,Cash,28/05/2025 21:06:00,
1aaa3fa7,38488d32,Liter,0.5,4,116,29/05/2025,Cash,29/05/2025 13:02:18,
5230f426,38488d39,KG,2.5,1,60,29/05/2025,Cash,29/05/2025 14:08:42,
9ae5d426,4cb0d65e,Piece,1,1,150,29/05/2025,Cash,29/05/2025 20:51:43,
e7b7e1e1,38488d32,Liter,1,2,114,30/05/2025,Cash,30/05/2025 11:03:07,
74cf8c69,38488d68,KG,0.5,2,160,30/05/2025,Cash,30/05/2025 11:03:30,
6e16c44e,38488d47,KG,2.5,1,65,30/05/2025,Cash,30/05/2025 11:03:54,
531ef00d,38488d72,KG,0.25,1,20,30/05/2025,Cash,30/05/2025 11:04:32,
d37bd1d8,ce05468e,Piece,1,1,20,30/05/2025,Cash,30/05/2025 11:05:51,
335c7b47,38488d57,KG,0.25,1,10,30/05/2025,Cash,30/05/2025 16:59:25,
abe435d3,38488d35,KG,0.25,1,20,30/05/2025,Cash,30/05/2025 17:01:06,
8452ea72,38488d63,KG,1.5,1,40,30/05/2025,Cash,30/05/2025 17:01:23,
eba52035,38488d62,KG,1,4,240,30/05/2025,Cash,30/05/2025 17:01:53,
67e6aa34,2f5f74e8,Piece,1,1,70,30/05/2025,Cash,30/05/2025 17:03:11,
43b288de,2c4d95ef,KG,0.25,1,40,30/05/2025,Cash,30/05/2025 17:03:49,
8f790584,ee72568a,Piece,1,2,20,30/05/2025,Cash,30/05/2025 17:05:06,
72cdcb5f,38488d47,KG,30,1,600,30/05/2025,Cash,30/05/2025 19:56:35,
bfdb09b6,78b5fc3b,Piece,1,10,40,30/05/2025,Cash,30/05/2025 19:57:28,
31c41891,1870042c,KG,5,1,100,30/05/2025,Cash,30/05/2025 20:54:41,
99ff1f31,38488d32,Liter,1,2,114,31/05/2025,Cash,31/05/2025 12:57:47,
c191aa78,38488d34,KG,0.15,1,10,31/05/2025,Cash,31/05/2025 12:58:28,
b5a02566,38488d50,KG,1.5,1,60,31/05/2025,Cash,31/05/2025 13:20:23,
6e06ae21,38488d73,KG,7,2,140,31/05/2025,Cash,31/05/2025 13:20:56,
34805169,7110fbe1,Piece,1,2,200,31/05/2025,Cash,31/05/2025 16:58:27,
ab796e6e,7db874e1,Piece,1,5,50,31/05/2025,Cash,31/05/2025 17:38:45,
f7118a12,9e80589b,KG,0.5,1,30,31/05/2025,Cash,31/05/2025 17:40:52,
6ed07b54,5b074625,KG,0.5,1,70,31/05/2025,Cash,31/05/2025 18:45:03,
752a7837,38488d38,KG,0.6,2,110,31/05/2025,Cash,31/05/2025 21:48:06,
864936a2,38488d32,Liter,1,3,171,01/06/2025,Cash,01/06/2025 11:57:44,
c2524ee8,38488d48,KG,5,1,300,01/06/2025,Cash,01/06/2025 11:58:21,
d4a01f93,38488d72,KG,0.25,1,30,01/06/2025,Cash,01/06/2025 11:58:43,
a0454a00,38488d82,KG,0.5,1,30,01/06/2025,Cash,01/06/2025 11:59:17,
97bb9278,38488d51,KG,1.5,1,420,01/06/2025,Cash,01/06/2025 12:00:08,
a0486575,38488d68,KG,1,1,120,01/06/2025,Cash,01/06/2025 12:00:28,
de977b95,38488d55,Piece,1,4,40,01/06/2025,Cash,01/06/2025 12:00:46,
610fdb27,a92f80eb,KG,50,1,730,01/06/2025,Cash,01/06/2025 12:25:51,
194538cb,93bba207,Piece,1,1,40,01/06/2025,Cash,01/06/2025 15:07:28,
3cb6371d,38488d32,Liter,0.5,4,116,02/06/2025,Cash,02/06/2025 10:23:41,
68788797,38488d43,Liter,0.5,4,40,02/06/2025,Cash,02/06/2025 10:24:02,
69c0b19a,38488d63,Liter,2.5,1,50,02/06/2025,Cash,02/06/2025 13:51:33,
18050262,38488d39,KG,2.5,1,50,02/06/2025,Cash,02/06/2025 13:52:06,
743a64bf,a31d5abb,KG,1,1,100,02/06/2025,Cash,02/06/2025 19:13:36,
4eb7542e,38488d36,KG,1,1,60,02/06/2025,Cash,02/06/2025 19:14:13,
6dbfc0dc,38488d82,KG,1,1,40,02/06/2025,Cash,02/06/2025 19:15:01,
e7be9a7b,38488d32,Liter,1,3,171,03/06/2025,Cash,03/06/2025 11:42:02,
122f8525,2174fb78,KG,1,1,60,03/06/2025,Cash,03/06/2025 11:42:34,
0523b5fd,38488d73,KG,5.5,1,110,03/06/2025,Cash,03/06/2025 11:43:34,
cead917d,3f40d071,Piece,12,10,500,03/06/2025,Cash,03/06/2025 11:44:30,
a026394a,1870042c,KG,5,1,110,03/06/2025,Cash,03/06/2025 16:59:09,
2a293cae,a92f80eb,KG,5,1,80,03/06/2025,Cash,03/06/2025 17:03:32,
ab87a1eb,38488d32,Liter,0.5,4,116,03/06/2025,Cash,03/06/2025 18:54:21,
1872c1f5,fcd75bd5,Piece,1,1,10,03/06/2025,Cash,03/06/2025 18:54:42,
8455f485,38488d69,KG,0.25,1,110,03/06/2025,Cash,03/06/2025 18:55:18,
e0f53375,070c1507,Piece,1,6,50,03/06/2025,Cash,03/06/2025 18:55:41,
b52194d2,38488d57,KG,4,1,100,03/06/2025,Cash,03/06/2025 21:14:08,
eb9908d8,38488d71,KG,2.5,1,50,03/06/2025,Cash,03/06/2025 21:15:32,
ba02fac3,38488d34,KG,1,1,50,03/06/2025,Cash,03/06/2025 21:16:06,
e0811225,7cfdeddd,KG,1.5,1,120,03/06/2025,Cash,03/06/2025 21:16:23,
6118df9b,38488d72,KG,0.5,1,40,03/06/2025,Cash,03/06/2025 21:17:23,
1f54e788,1905cc15,KG,1.5,1,75,03/06/2025,Cash,03/06/2025 21:17:56,
6d5a362d,8adbb5f7,KG,1.5,1,75,03/06/2025,Cash,03/06/2025 21:18:30,
d3da015b,38488d32,Liter,0.5,6,174,04/06/2025,Cash,04/06/2025 09:59:35,
ae1d8c3b,38488d48,KG,5,1,300,04/06/2025,Cash,04/06/2025 10:01:08,
25d777be,dea6a6c9,Piece,1,1,220,04/06/2025,Cash,04/06/2025 21:01:14,
85c4916f,c8847587,Piece,1,2,130,04/06/2025,Cash,04/06/2025 21:02:55,
476a2c21,38488d32,Liter,0.5,6,174,05/06/2025,Cash,05/06/2025 10:36:20,
30cdc096,1870042c,KG,5,1,100,05/06/2025,Cash,05/06/2025 19:11:55,
d1e3d94d,38488d39,KG,2,1,50,05/06/2025,Cash,05/06/2025 20:43:59,
f4f9d1bc,38488d32,Liter,1,3,171,06/06/2025,Cash,06/06/2025 09:13:18,
9966f9b5,38488d38,KG,0.6,1,55,06/06/2025,Cash,06/06/2025 09:14:33,
031d524e,38488d70,Piece,12,8,320,06/06/2025,Cash,06/06/2025 20:38:25,
699cec02,38488d33,KG,0.4,1,25,06/06/2025,Cash,06/06/2025 20:40:58,
8c6572ae,38488d35,KG,0.25,1,20,06/06/2025,Cash,06/06/2025 20:41:37,
6b1e5065,38488d37,KG,0.5,1,20,06/06/2025,Cash,06/06/2025 20:42:03,
daeac7a1,38488d71,KG,1.5,1,30,06/06/2025,Cash,06/06/2025 20:42:27,
3a1fc1d1,38488d73,KG,4,1,120,06/06/2025,Cash,06/06/2025 21:11:00,
ab885480,cae57605,Piece,1,2,20,06/06/2025,Cash,06/06/2025 21:11:32,
44d07bda,38488d84,KG,0.4,1,20,06/06/2025,Cash,06/06/2025 21:24:25,
a977167f,5040fe86,KG,0.5,1,20,06/06/2025,Cash,06/06/2025 21:34:53,
1f3ab72b,38488d32,Liter,1,3,171,07/06/2025,Cash,07/06/2025 09:52:04,
a635e071,38488d48,KG,5,1,300,07/06/2025,Cash,07/06/2025 09:52:38,
6d92f043,38488d73,KG,4,1,80,07/06/2025,Cash,07/06/2025 09:53:26,
fad84854,35cf7f7d,Piece,1,1,200,07/06/2025,Cash,07/06/2025 11:02:59,
29aee9e7,173605b0,Piece,1,1,350,07/06/2025,Cash,07/06/2025 11:12:37,
674fc641,9f37f7c4,KG,2,1,280,07/06/2025,Cash,07/06/2025 13:36:26,
dbaede3b,38488d72,KG,0.25,1,30,07/06/2025,Cash,07/06/2025 19:14:35,
d5ef57a7,6d43a33d,KG,2.5,1,100,07/06/2025,Cash,07/06/2025 20:58:02,
80a3f2de,38488d54,KG,5,1,200,07/06/2025,Cash,07/06/2025 20:59:41,
988d20ac,38488d32,Liter,1,2,114,08/06/2025,Cash,08/06/2025 11:30:13,
baa6b02f,38488d51,KG,1,1,280,08/06/2025,Cash,08/06/2025 11:30:44,
3d6038d4,38488d68,KG,1,1,120,08/06/2025,Cash,08/06/2025 11:31:18,
32e1bdc8,2bdbfdb6,KG,1,1,100,08/06/2025,Cash,08/06/2025 19:36:48,
e34d6307,1870042c,KG,5,1,150,08/06/2025,Cash,08/06/2025 19:37:40,
3e4b5bb8,38488d47,KG,25,1,500,08/06/2025,Cash,08/06/2025 19:37:53,
a063d0be,2bdbfdb8,Piece,1,2,20,08/06/2025,Cash,08/06/2025 21:35:20,
9c9e6b05,38488d43,KG,0.5,6,60,09/06/2025,Cash,09/06/2025 12:44:44,
26040093,38488d32,Liter,0.5,4,116,09/06/2025,Cash,09/06/2025 17:12:34,
0509e65b,68a22b7f,Piece,1,1,100,09/06/2025,Cash,09/06/2025 19:59:50,
a196f274,38488d32,Liter,1,2,114,10/06/2025,Cash,10/06/2025 09:00:25,
0f5c58a2,38488d36,KG,0.25,1,20,10/06/2025,Cash,10/06/2025 09:00:45,
bec4cd45,38488d50,KG,1.5,1,50,10/06/2025,Cash,10/06/2025 09:01:08,
8147f742,38488d73,KG,7,2,140,10/06/2025,Cash,10/06/2025 09:01:29,
7843a841,38488d69,KG,0.25,1,110,10/06/2025,Cash,10/06/2025 19:56:44,
17a44c2b,38488d32,KG,0.5,4,116,10/06/2025,Cash,10/06/2025 19:57:09,
6684963e,fcd75bd5,Liter,1,1,10,10/06/2025,Cash,10/06/2025 19:59:29,
26d713e5,6d43a33d,KG,1.5,1,100,10/06/2025,Cash,10/06/2025 21:51:27,
3b5f99a6,61deb399,KG,1.5,1,90,10/06/2025,Cash,10/06/2025 21:52:38,
95a8ebf4,38488d74,KG,4,1,100,10/06/2025,Cash,10/06/2025 21:52:58,
fcca8aba,38488d57,KG,4,1,100,10/06/2025,Cash,10/06/2025 21:53:43,
b1d2a78d,38488d34,KG,1,1,50,10/06/2025,Cash,10/06/2025 21:54:07,
c080eab2,3ed563fc,Piece,1,5,150,10/06/2025,Cash,10/06/2025 21:54:22,
fb1c5eb5,bf503910,Piece,1,1,40,10/06/2025,Cash,10/06/2025 21:54:50,
ab07d08d,38488d78,KG,1,1,50,10/06/2025,Cash,10/06/2025 21:56:13,
470c8418,38488d48,KG,5,1,300,10/06/2025,Cash,10/06/2025 21:57:05,
6ef9d410,2f5f74e8,Piece,1,1,70,10/06/2025,Cash,10/06/2025 21:57:32,
4f8e0e38,38488d72,KG,0.5,1,50,10/06/2025,Cash,10/06/2025 21:58:37,
a27dacb0,38488d82,KG,1.5,1,60,10/06/2025,Cash,10/06/2025 21:59:11,
f07d4c35,38488d36,KG,1.5,1,100,10/06/2025,Cash,10/06/2025 22:00:13,
c23c1cb7,7cfdeddd,KG,1,1,80,10/06/2025,Cash,10/06/2025 22:00:33,
e2df08c3,1cab637b,Piece,1,8,120,10/06/2025,Cash,10/06/2025 22:01:08,
92b3866b,a31d5abb,KG,1,1,120,10/06/2025,Cash,10/06/2025 22:01:58,
43815c00,8adbb5f7,KG,1,1,50,10/06/2025,Cash,10/06/2025 22:14:37,
0ed2fd91,524a0b85,Piece,1,12,100,10/06/2025,Cash,10/06/2025 22:20:31,
ae3029a1,38488d32,Liter,1,3,171,11/06/2025,Cash,11/06/2025 09:41:49,
f007acf0,1870042c,KG,5,1,170,11/06/2025,Cash,11/06/2025 13:43:52,
7d3b5044,070c1507,Piece,1,6,50,11/06/2025,Cash,11/06/2025 21:04:34,
3e8c50a0,38488d32,Liter,1,2,114,12/06/2025,Cash,12/06/2025 11:39:18,
a4633c5a,38488d48,KG,5,1,300,12/06/2025,Cash,12/06/2025 11:39:32,
5115500f,38488d39,KG,0.3,1,15,12/06/2025,Cash,12/06/2025 11:39:56,
240652cb,859c1eff,Piece,1,2,20,12/06/2025,Cash,12/06/2025 11:40:38,
13294de2,8fe4d6eb,Piece,1,1,50,12/06/2025,Cash,12/06/2025 19:51:10,
64fb6e1d,38488d32,Liter,0.5,4,116,13/06/2025,Cash,13/06/2025 18:06:01,
ee6949bb,38488d38,KG,1,2,110,13/06/2025,Cash,13/06/2025 18:06:42,
1655df59,38488d33,KG,0.5,1,30,13/06/2025,Cash,13/06/2025 19:10:41,
08908f00,38488d37,KG,0.5,1,20,13/06/2025,Cash,13/06/2025 19:11:08,
c3d98b78,38488d34,KG,0.25,1,15,13/06/2025,Cash,13/06/2025 19:11:30,
9f9deef5,38488d35,KG,0.25,1,15,13/06/2025,Cash,13/06/2025 19:11:47,
d69848f8,38488d71,KG,1.5,1,30,13/06/2025,Cash,13/06/2025 19:12:26,
c1f33cb2,38488d84,KG,0.5,1,20,13/06/2025,Cash,13/06/2025 19:13:22,
382ab6d3,38488d70,Piece,12,8,320,13/06/2025,Cash,13/06/2025 20:05:17,
67b03ad7,cae57605,Piece,1,1,10,13/06/2025,Cash,13/06/2025 20:07:22,
fe74a8ae,1870042c,KG,5,1,180,13/06/2025,Cash,13/06/2025 20:07:43,
cb8cd006,38488d68,KG,0.5,1,60,13/06/2025,Cash,13/06/2025 20:08:59,
8a6ce237,38488d32,Liter,1,2,114,14/06/2025,Cash,14/06/2025 10:06:06,
06a811a3,2174fb78,KG,1,1,60,14/06/2025,Cash,14/06/2025 10:06:46,
451ad2ea,38488d47,KG,25,1,500,14/06/2025,Cash,14/06/2025 13:13:33,
0abb2e9c,38488d48,KG,5,1,300,14/06/2025,Cash,14/06/2025 17:55:17,
0feb37d5,38488d72,KG,0.5,1,50,14/06/2025,Cash,14/06/2025 17:56:14,
6eb6e196,38488d32,Liter,0.5,3,87,15/06/2025,Cash,15/06/2025 10:33:56,
0c4b21f6,38488d73,KG,7,2,140,15/06/2025,Cash,15/06/2025 10:34:45,
0b0563ea,38488d68,KG,1,1,120,15/06/2025,Cash,15/06/2025 11:49:18,
cdb59250,38488d51,KG,1.25,1,350,15/06/2025,Cash,15/06/2025 11:50:41,
4cca697e,38488d32,Liter,0.5,4,116,15/06/2025,Cash,15/06/2025 18:33:49,
2b1c0371,38488d42,Piece,1,2,130,15/06/2025,Cash,15/06/2025 18:34:48,
bcf58c0b,38488d32,Liter,1,2,114,16/06/2025,Cash,16/06/2025 11:40:56,
fe4f973a,38488d38,KG,0.6,1,60,16/06/2025,Cash,16/06/2025 11:41:36,
c11db673,38488d43,Liter,0.5,6,60,16/06/2025,Cash,16/06/2025 11:42:47,
c2dee621,5040fe86,KG,0.4,1,20,16/06/2025,Cash,16/06/2025 20:06:02,
581ec32f,38488d59,Piece,1,3,30,16/06/2025,Cash,16/06/2025 20:06:51,
fd47c573,1870042c,KG,5,1,180,16/06/2025,Cash,16/06/2025 21:01:03,
8ae138d9,38488d32,Liter,1,2,114,17/06/2025,Cash,17/06/2025 10:52:20,
729a130a,38488d72,KG,0.5,1,50,17/06/2025,Cash,17/06/2025 10:52:51,
6af92b30,38488d33,KG,1.5,1,80,17/06/2025,Cash,17/06/2025 10:53:11,
09c589ed,38488d73,Liter,5,2,120,17/06/2025,Cash,17/06/2025 10:53:28,
fe4890ed,38488d32,Liter,0.5,4,116,17/06/2025,Cash,17/06/2025 18:56:44,
e6f7b67e,c066447f,Piece,1,1,30,17/06/2025,Cash,17/06/2025 18:57:34,
794922b8,6e08e9a1,Piece,1,1,850,17/06/2025,Cash,17/06/2025 19:02:57,
8d7f7197,fcd75bd5,Piece,1,1,10,17/06/2025,Cash,17/06/2025 19:07:29,
64535cad,38488d69,KG,0.25,1,110,17/06/2025,Cash,17/06/2025 19:09:32,
66098257,38488d42,Piece,1,2,60,17/06/2025,Cash,17/06/2025 19:20:26,
deaf2ce3,38488d59,Piece,1,3,30,17/06/2025,Cash,17/06/2025 19:39:45,
cb2a0458,38488d46,Liter,1,1,40,17/06/2025,Cash,17/06/2025 19:41:11,
e338f8b4,090f0992,Liter,0.75,3,180,17/06/2025,Cash,17/06/2025 20:40:35,
cc98c5d8,bf503910,Piece,1,2,80,17/06/2025,Cash,17/06/2025 20:41:12,
c84ef877,3ed563fc,Piece,1,10,300,17/06/2025,Cash,17/06/2025 20:41:49,
b0df1673,1870042c,KG,10,1,240,17/06/2025,Cash,17/06/2025 20:42:36,
1dbcb81c,6d43a33d,KG,5,1,250,17/06/2025,Cash,17/06/2025 21:37:13,
afee0c44,38488d36,KG,1.25,1,100,17/06/2025,Cash,17/06/2025 21:39:51,
af23c206,38488d72,KG,1,1,60,17/06/2025,Cash,17/06/2025 21:42:12,
541ea29c,38488d82,KG,1,1,40,17/06/2025,Cash,17/06/2025 21:42:51,
a789bebf,7cfdeddd,KG,1,1,60,17/06/2025,Cash,17/06/2025 21:43:12,
a0505348,533238d5,KG,1.5,1,50,17/06/2025,Cash,17/06/2025 21:44:01,
1eb76be3,38488d34,KG,1.3,1,40,17/06/2025,Cash,17/06/2025 21:45:02,
8d0397e0,38488d74,KG,4,1,90,17/06/2025,Cash,17/06/2025 21:45:45,
a37cf4e4,38488d57,KG,4,1,90,17/06/2025,Cash,17/06/2025 21:58:47,
71eb8686,38488d71,KG,3.5,1,50,17/06/2025,Cash,17/06/2025 22:03:21,
a6f1503c,38488d32,Liter,1,2,114,18/06/2025,Cash,18/06/2025 11:30:10,
ffcf7e7a,38488d48,KG,5,1,300,18/06/2025,Cash,18/06/2025 11:30:28,
53335440,38488d75,Piece,1,1,53,18/06/2025,Cash,18/06/2025 11:30:59,
64f6a516,38488d59,Piece,1,3,30,18/06/2025,Cash,18/06/2025 20:24:20,
200e590f,38488d32,Liter,1,2,116,19/06/2025,Cash,19/06/2025 12:14:00,
d7cbf3bc,3f40d071,Piece,12,8,400,19/06/2025,Cash,19/06/2025 12:14:21,
35f70958,c8847587,Piece,1,1,100,19/06/2025,Cash,19/06/2025 17:28:30,
9fee9455,7836518d,Piece,1,1,115,19/06/2025,Cash,19/06/2025 20:13:13,
c53a7d97,dbb02cb4,Piece,1,1,70,19/06/2025,Cash,19/06/2025 20:14:36,
31d4aa9d,38488d32,Liter,1,3,171,20/06/2025,Cash,20/06/2025 11:40:49,
489a2781,ee4c7cc6,Piece,1,1,85,20/06/2025,Cash,20/06/2025 19:25:45,
56ae99a1,5040fe86,KG,0.5,1,20,20/06/2025,Cash,20/06/2025 20:26:28,
2c63fb97,38488d59,KG,0.5,1,80,20/06/2025,Cash,20/06/2025 20:27:57,
3a215848,38488d60,KG,0.5,1,80,20/06/2025,Cash,20/06/2025 20:30:00,
dd577162,38488d32,Liter,1,3,171,21/06/2025,Cash,21/06/2025 10:36:24,
6e9a733e,38488d38,KG,0.6,1,55,21/06/2025,Cash,21/06/2025 10:37:10,
16a74ce0,38488d68,KG,0.5,2,160,21/06/2025,Cash,21/06/2025 10:38:59,
f8982846,38488d35,KG,0.25,1,10,21/06/2025,Cash,21/06/2025 17:21:45,
39f9bfda,38488d57,KG,0.25,1,10,21/06/2025,Cash,21/06/2025 17:22:11,
6fe132cf,38488d63,KG,1.5,1,50,21/06/2025,Cash,21/06/2025 17:22:43,
054adfe0,38488d62,KG,1,4,240,21/06/2025,Cash,21/06/2025 17:23:07,
45f96bc0,2f5f74e8,Piece,1,1,50,21/06/2025,Cash,21/06/2025 17:24:13,
d5fcc429,2c4d95ef,KG,0.25,1,40,21/06/2025,Cash,21/06/2025 17:25:07,
60f47a14,ee72568a,Piece,1,2,20,21/06/2025,Cash,21/06/2025 17:25:38,
098b57f8,8b22178e,Piece,1,1,40,21/06/2025,Cash,21/06/2025 17:27:08,
26504088,9610a374,Piece,1,1,750,21/06/2025,Cash,21/06/2025 19:06:32,
f5cf9761,070c1507,Piece,1,6,50,21/06/2025,Cash,21/06/2025 20:40:38,
63eaefb3,15880a38,Piece,1,1,80,21/06/2025,Cash,21/06/2025 21:48:30,
0f515c1b,38488d32,Liter,1,2,114,22/06/2025,Cash,22/06/2025 11:51:54,
0be46a98,38488d34,KG,0.8,1,50,22/06/2025,Cash,22/06/2025 11:52:30,
b6a65daa,a31d5abb,KG,0.5,1,60,22/06/2025,Cash,22/06/2025 11:53:01,
392d68ea,38488d51,KG,1.5,1,420,22/06/2025,Cash,22/06/2025 11:53:33,
a48647ae,38488d48,KG,5,1,300,22/06/2025,Cash,22/06/2025 11:54:36,
c9a04332,38488d55,Piece,1,2,20,22/06/2025,Cash,22/06/2025 11:56:11,
7ce59509,4cb0d65e,Piece,1,1,10,22/06/2025,Cash,22/06/2025 11:56:36,
22bf326b,cc94edad,Piece,1,2,120,22/06/2025,Cash,22/06/2025 11:57:38,
4bd4c7a1,38488d78,KG,1,1,45,22/06/2025,Cash,22/06/2025 12:25:22,
f9a6a4c8,38488d79,Piece,1,15,150,22/06/2025,Cash,22/06/2025 17:38:00,
71e556b8,38488d43,Piece,0.5,4,40,23/06/2025,Cash,23/06/2025 11:57:20,
bc4c976f,38488d32,Liter,0.5,4,116,23/06/2025,Cash,23/06/2025 18:56:53,
11d8e628,38488d33,KG,2,1,100,23/06/2025,Cash,23/06/2025 18:57:55,
d182529c,38488d35,KG,0.25,1,20,23/06/2025,Cash,23/06/2025 19:52:27,
b2305c23,38488d37,KG,0.5,1,30,23/06/2025,Cash,23/06/2025 19:53:30,
e8d505d6,38488d84,KG,0.5,1,30,23/06/2025,Cash,23/06/2025 19:54:14,
55933da8,38488d70,Piece,12,7,280,23/06/2025,Cash,23/06/2025 19:55:27,
108e058c,38488d73,KG,6.8,1,130,23/06/2025,Cash,23/06/2025 20:39:22,
38c79ade,cae57605,Piece,1,2,20,23/06/2025,Cash,23/06/2025 22:03:00,
6ba6675d,38488d32,Liter,1,2,114,24/06/2025,Cash,24/06/2025 10:13:42,
52eea0e6,a92f80eb,KG,1.5,1,30,24/06/2025,Cash,24/06/2025 10:15:56,
632ab1fb,38488d70,Piece,12,3,120,24/06/2025,Cash,24/06/2025 10:16:10,
c183ca71,38488d47,KG,25,1,600,24/06/2025,Cash,24/06/2025 12:53:15,
ed215305,a92f80eb,KG,25,1,450,24/06/2025,Cash,24/06/2025 12:53:53,
ec97371c,38488d69,KG,0.25,1,110,24/06/2025,Cash,24/06/2025 18:21:27,
898e8ebc,6d43a33d,KG,6.5,1,320,24/06/2025,Cash,24/06/2025 18:22:14,
d5f74194,38488d33,KG,2.5,1,120,24/06/2025,Cash,24/06/2025 20:20:15,
9f022e3e,38488d34,KG,1,1,50,24/06/2025,Cash,24/06/2025 20:23:14,
75b05099,38488d37,KG,2,1,80,24/06/2025,Cash,24/06/2025 20:23:35,
b4619715,38488d84,KG,2,1,60,24/06/2025,Cash,24/06/2025 20:24:05,
0e77c05b,38488d36,KG,1.5,1,120,24/06/2025,Cash,24/06/2025 20:25:19,
502b4b6d,38488d72,KG,0.5,1,40,24/06/2025,Cash,24/06/2025 20:26:15,
fde87518,38488d82,KG,1,1,40,24/06/2025,Cash,24/06/2025 20:28:10,
eee9c956,7cfdeddd,KG,1,1,70,24/06/2025,Cash,24/06/2025 20:28:36,
74a6b29c,1905cc15,KG,1.5,1,90,24/06/2025,Cash,24/06/2025 20:29:16,
e9edbdce,a31d5abb,KG,1,1,100,24/06/2025,Cash,24/06/2025 20:30:33,
836d4b5a,1870042c,KG,10,1,230,24/06/2025,Cash,24/06/2025 20:31:41,
748449c8,38488d63,KG,1.5,1,40,24/06/2025,Cash,24/06/2025 20:39:31,
a973ce46,38488d38,KG,0.35,1,30,25/06/2025,Cash,25/06/2025 12:07:13,
b792d42c,38488d32,Liter,0.5,4,116,25/06/2025,Cash,25/06/2025 17:31:40,
24207340,38488d32,Liter,1,2,114,26/06/2025,Cash,26/06/2025 10:36:43,
8f9931cc,38488d38,KG,0.6,1,60,26/06/2025,Cash,26/06/2025 10:36:58,
3bc93c56,38488d48,KG,5,1,300,26/06/2025,Cash,26/06/2025 10:37:23,
2ca77157,38488d32,Liter,1,2,114,27/06/2025,Cash,27/06/2025 09:44:31,
f81a31d8,66645b81,KG,1.5,1,60,27/06/2025,Cash,27/06/2025 09:44:56,
15b3cf52,3f40d071,Piece,12,9,450,27/06/2025,Cash,27/06/2025 09:45:34,
a6a08538,c066447f,Piece,1,1,30,27/06/2025,Cash,27/06/2025 22:05:35,
acfe95ca,38488d32,Liter,1,3,171,28/06/2025,Cash,28/06/2025 10:27:39,
08ddc534,38488d50,KG,1.25,1,40,28/06/2025,Cash,28/06/2025 10:28:02,
c263896c,38488d38,KG,0.4,1,40,28/06/2025,Cash,28/06/2025 10:31:22,
f55b0b3d,38488d48,KG,5,1,300,28/06/2025,Cash,28/06/2025 18:04:30,
bb2f1c3f,38488d54,KG,5,1,180,28/06/2025,Cash,28/06/2025 19:26:57,
01433de0,81cb458e,Piece,12,1,1300,28/06/2025,Cash,28/06/2025 19:27:47,
9a9657c1,38488d72,KG,0.16,1,25,28/06/2025,Cash,28/06/2025 19:31:26,
b42afe7d,38488d32,Liter,1,3,171,29/06/2025,Cash,29/06/2025 10:39:24,
09579fc5,38488d82,KG,0.3,1,20,29/06/2025,Cash,29/06/2025 10:40:34,
8c16417d,38488d51,KG,1.25,1,350,29/06/2025,Cash,29/06/2025 10:41:14,
365df432,38488d68,KG,1,1,120,29/06/2025,Cash,29/06/2025 10:42:18,
3a5b4c29,38488d47,KG,25,1,600,29/06/2025,Cash,29/06/2025 21:04:10,
9e326a17,1870042c,KG,5,1,150,29/06/2025,Cash,29/06/2025 21:04:29,
05f1a11e,38488d55,Piece,1,2,20,29/06/2025,Cash,29/06/2025 21:05:38,
f215da3f,38488d42,Piece,1,2,130,29/06/2025,Cash,29/06/2025 21:06:21,
7e8463cb,38488d43,KG,0.5,5,50,30/06/2025,Cash,30/06/2025 11:26:06,
c02b003a,38488d38,KG,0.6,1,55,30/06/2025,Cash,30/06/2025 11:26:29,
441c645e,38488d32,Liter,0.5,5,145,30/06/2025,Cash,30/06/2025 17:33:18,
5cb871ce,38488d33,KG,2,1,100,30/06/2025,Cash,30/06/2025 17:36:18,
db24eaa0,ce05a0dc,Piece,1,3,30,30/06/2025,Cash,30/06/2025 21:14:18,
9681886d,38488d32,Liter,1,3,171,01/07/2025,Cash,01/07/2025 12:11:46,
ca634f3a,38488d38,KG,0.6,1,55,01/07/2025,Cash,01/07/2025 12:12:23,
e593e659,fcd75bd5,Piece,1,1,10,01/07/2025,Cash,01/07/2025 19:02:28,
abf7501a,38488d69,KG,0.25,1,110,01/07/2025,Cash,01/07/2025 19:03:39,
99a965ce,2f5f74e8,Piece,1,1,50,01/07/2025,Cash,01/07/2025 19:04:25,
2ed71958,38488d36,KG,1,1,80,01/07/2025,Cash,01/07/2025 21:15:52,
2a2de353,61deb399,KG,1,1,60,01/07/2025,Cash,01/07/2025 21:16:21,
f7216f62,1905cc15,KG,1,1,60,01/07/2025,Cash,01/07/2025 21:16:54,
aafe04a3,38488d82,KG,1,1,100,01/07/2025,Cash,01/07/2025 21:17:27,
85e7cf62,7cfdeddd,KG,1,1,70,01/07/2025,Cash,01/07/2025 21:17:49,
8fc0fc62,38488d72,KG,0.5,1,50,01/07/2025,Cash,01/07/2025 21:18:18,
e3e2976c,6d43a33d,KG,0.25,1,15,01/07/2025,Cash,01/07/2025 21:19:40,
b03fb4cc,38488d32,KG,0.5,2,58,01/07/2025,Cash,01/07/2025 21:46:02,
8dc9bbf3,38488d32,Liter,1,3,171,02/07/2025,Cash,02/07/2025 10:50:00,
7c07fcfb,38488d48,KG,5,1,300,02/07/2025,Cash,02/07/2025 10:50:21,
af5ede93,38488d38,KG,0.6,1,55,02/07/2025,Cash,02/07/2025 10:50:43,
333a483c,f0b3998d,Piece,1,3,40,02/07/2025,Cash,02/07/2025 12:07:32,
7ac22701,38488d51,KG,1,1,280,02/07/2025,Cash,02/07/2025 21:56:50,
6a791207,49bab0db,Piece,1,1,50,03/07/2025,Cash,03/07/2025 11:12:25,
1bad02ef,8fe4d6eb,Piece,1,1,40,03/07/2025,Cash,03/07/2025 11:12:50,
144cade8,38488d71,KG,1.5,1,40,03/07/2025,Cash,03/07/2025 16:38:38,
ef751413,38488d32,KG,0.5,2,58,03/07/2025,Cash,03/07/2025 19:26:37,
7968a7e4,52cdaa61,KG,0.5,1,35,03/07/2025,Cash,03/07/2025 19:30:42,
76481df7,38488d60,KG,0.5,1,80,03/07/2025,Cash,03/07/2025 20:01:03,
df9636e8,38488d59,KG,0.5,1,80,03/07/2025,Cash,03/07/2025 20:02:07,
a80f3933,38488d32,Liter,1,2,114,04/07/2025,Cash,04/07/2025 10:19:54,
16b6a931,1870042c,KG,2,1,110,04/07/2025,Cash,04/07/2025 10:20:13,
751146a1,38488d38,KG,0.2,1,20,04/07/2025,Cash,04/07/2025 10:20:31,
e51154bf,316fcd40,Piece,1,1,30,04/07/2025,Cash,04/07/2025 10:21:06,
7e2ac468,2174fb78,KG,0.75,1,60,04/07/2025,Cash,04/07/2025 21:24:02,
4a7b7d40,1870042c,KG,5,1,200,05/07/2025,Cash,05/07/2025 19:09:38,
095af8b9,38488d32,KG,0.5,4,116,05/07/2025,Cash,05/07/2025 19:10:22,
29a27d5d,38488d72,KG,0.25,1,40,05/07/2025,Cash,05/07/2025 19:10:48,
b6f89f57,6d43a33d,KG,5,1,250,05/07/2025,Cash,05/07/2025 19:12:54,
7b473f51,c33be040,Piece,1,6,50,05/07/2025,Cash,05/07/2025 21:22:37,
dfec7078,38488d32,KG,0.5,4,116,06/07/2025,Cash,06/07/2025 22:19:59,
4e60bf91,38488d32,Liter,1,2,114,07/07/2025,Cash,07/07/2025 12:25:59,
f478b6d0,38488d48,KG,5,1,300,07/07/2025,Cash,07/07/2025 12:26:58,
4cd1a59e,38488d57,KG,2.5,1,90,07/07/2025,Cash,07/07/2025 14:33:31,
a39502f1,38488d38,KG,0.3,1,30,07/07/2025,Cash,07/07/2025 20:27:02,
197c977b,38488d32,Liter,1,2,114,08/07/2025,Cash,08/07/2025 10:52:43,
ffda348a,38488d43,KG,0.5,5,50,08/07/2025,Cash,08/07/2025 10:53:02,
ff068630,38488d38,KG,0.6,1,60,08/07/2025,Cash,08/07/2025 10:53:27,
61872c9e,f4eeda21,Piece,1,1,20,08/07/2025,Cash,08/07/2025 11:55:42,
38806a6e,38488d32,KG,0.5,4,116,08/07/2025,Cash,08/07/2025 17:44:08,
03da83b3,fcd75bd5,Piece,1,1,10,08/07/2025,Cash,08/07/2025 17:44:25,
ffe14a72,1870042c,KG,2,1,80,08/07/2025,Cash,08/07/2025 17:45:52,
9c357bc7,38488d47,KG,25,1,600,08/07/2025,Cash,08/07/2025 18:59:41,
08011b37,38488d69,KG,0.25,1,110,08/07/2025,Cash,08/07/2025 18:59:57,
5417d923,1870042c,KG,5,1,160,08/07/2025,Cash,08/07/2025 19:00:16,
e5e8c3c6,38488d36,KG,1,1,80,08/07/2025,Cash,08/07/2025 21:21:31,
17832950,38488d82,KG,1,1,120,08/07/2025,Cash,08/07/2025 21:21:53,
5263d826,38488d37,KG,0.5,1,30,08/07/2025,Cash,08/07/2025 21:22:19,
040a0282,38488d84,KG,1,1,50,08/07/2025,Cash,08/07/2025 21:25:04,
ffe17db3,61deb399,KG,1,1,60,08/07/2025,Cash,08/07/2025 21:25:44,
24020931,a31d5abb,KG,1,1,120,08/07/2025,Cash,08/07/2025 21:26:05,
e1352871,1905cc15,KG,1.25,1,60,08/07/2025,Cash,08/07/2025 21:26:23,
6a16692e,38488d35,KG,0.3,1,20,08/07/2025,Cash,08/07/2025 21:27:17,
bbca3930,38488d71,KG,1,1,30,08/07/2025,Cash,08/07/2025 21:27:38,
1699c8f5,38488d70,Piece,12,8,320,08/07/2025,Cash,08/07/2025 21:31:15,
f97cd6e9,cae57605,Piece,1,2,20,08/07/2025,Cash,08/07/2025 21:48:03,
e5e07f04,7cfdeddd,KG,1,1,70,08/07/2025,Cash,08/07/2025 22:09:09,
6e9e855b,38488d32,KG,0.5,4,116,09/07/2025,Cash,09/07/2025 18:53:39,
ba9a28d7,38488d72,KG,0.25,1,50,09/07/2025,Cash,09/07/2025 19:29:20,
5b3239f8,38488d32,KG,0.5,6,174,10/07/2025,Cash,10/07/2025 15:24:52,
5fa5cb78,6d43a33d,KG,5.5,1,275,10/07/2025,Cash,10/07/2025 15:27:53,
b456af17,a92f80eb,KG,50,1,900,10/07/2025,Cash,10/07/2025 19:20:06,
b8f2a88a,38488d51,KG,1.25,1,350,10/07/2025,Cash,10/07/2025 19:20:27,
be684a5e,38488d68,KG,1,1,120,10/07/2025,Cash,10/07/2025 19:20:50,
6c6e8289,38488d55,Piece,1,2,20,10/07/2025,Cash,10/07/2025 19:21:32,
24818c5c,38488d32,Liter,0.5,4,116,11/07/2025,Cash,11/07/2025 17:06:41,
e5122c39,38488d38,KG,0.6,1,55,11/07/2025,Cash,11/07/2025 17:07:45,
856ed9fe,38488d32,Liter,1,3,171,12/07/2025,Cash,12/07/2025 12:05:59,
aa11d2ca,38488d48,KG,5,1,300,12/07/2025,Cash,12/07/2025 12:06:31,
8bce27bb,3f40d071,Piece,12,8,400,12/07/2025,Cash,12/07/2025 12:07:01,
6f399c10,66645b81,KG,1.5,1,60,12/07/2025,Cash,12/07/2025 12:07:19,
65ca4541,1870042c,KG,5,1,150,12/07/2025,Cash,12/07/2025 12:07:42,
893a2c3a,6d43a33d,KG,2.5,1,100,12/07/2025,Cash,12/07/2025 19:52:34,
9c0f7f1d,38488d32,KG,1,3,171,13/07/2025,Cash,13/07/2025 09:44:47,
3e338b8e,38488d51,KG,1.25,1,350,13/07/2025,Cash,13/07/2025 09:45:19,
722bacd5,38488d55,Piece,1,2,20,13/07/2025,Cash,13/07/2025 09:46:05,
3b0081d9,38488d32,KG,0.5,4,116,14/07/2025,Cash,14/07/2025 19:16:27,
267bbbaf,38488d43,KG,0.5,5,50,14/07/2025,Cash,14/07/2025 19:17:11,
15caa421,38488d71,KG,1.8,1,50,14/07/2025,Cash,14/07/2025 19:17:52,
aba3f6f7,38488d32,KG,0.5,4,116,15/07/2025,Cash,15/07/2025 18:17:43,
c48562c2,38488d59,KG,1,1,160,15/07/2025,Cash,15/07/2025 18:18:17,
d64c49c3,38488d60,KG,0.5,1,80,15/07/2025,Cash,15/07/2025 18:21:38,
b7416c35,6d43a33d,KG,6.5,1,325,15/07/2025,Cash,15/07/2025 18:22:19,
54718da3,38488d32,KG,0.5,4,116,15/07/2025,Cash,15/07/2025 19:04:19,
9fbd60c8,fcd75bd5,Piece,1,1,10,15/07/2025,Cash,15/07/2025 19:05:25,
b32fed30,2f5f74e8,Piece,1,1,60,15/07/2025,Cash,15/07/2025 19:07:42,
c4338e44,38488d69,KG,0.25,1,110,15/07/2025,Cash,15/07/2025 19:08:57,
e9820208,66645b81,KG,1.25,1,50,15/07/2025,Cash,15/07/2025 21:20:30,
eac80729,38488d71,KG,2,1,30,15/07/2025,Cash,15/07/2025 21:24:16,
b7f7a3ae,38488d57,KG,2.5,1,100,15/07/2025,Cash,15/07/2025 21:24:46,
e1c0c17d,38488d63,KG,1.5,1,60,15/07/2025,Cash,15/07/2025 21:26:38,
4bd2ef6b,1870042c,KG,5,1,150,15/07/2025,Cash,15/07/2025 21:27:33,
75cbcd1c,38488d36,KG,1,1,80,15/07/2025,Cash,15/07/2025 21:41:57,
7fd18787,7cfdeddd,KG,1,1,70,15/07/2025,Cash,15/07/2025 21:42:23,
9fe4208f,38488d82,KG,0.5,1,50,15/07/2025,Cash,15/07/2025 21:43:04,
095bf149,1905cc15,KG,1.5,1,60,15/07/2025,Cash,15/07/2025 21:43:36,
90d79bb1,316fcd40,KG,5,1,300,15/07/2025,Cash,15/07/2025 21:51:16,
747096af,c33be040,Piece,1,6,50,15/07/2025,Cash,15/07/2025 21:57:46,
a4196bad,ee4c7cc6,Piece,1,1,140,15/07/2025,Cash,15/07/2025 22:00:05,
1b81f499,074f02cb,Piece,1,4,64,15/07/2025,Cash,15/07/2025 22:16:04,
991c1505,38488d32,Liter,1,2,114,16/07/2025,Cash,16/07/2025 09:16:16,
a5885091,38488d48,KG,5,1,300,16/07/2025,Cash,16/07/2025 09:16:33,
9085c38e,38488d38,KG,0.6,2,110,16/07/2025,Cash,16/07/2025 09:17:08,
39e9553e,49bab0db,Piece,1,1,50,16/07/2025,Cash,16/07/2025 09:17:37,
69b4a29f,38488d32,KG,0.5,2,58,16/07/2025,Cash,16/07/2025 22:06:39,
586242db,38488d32,Liter,1,2,114,17/07/2025,Cash,17/07/2025 13:26:39,
0ab821b7,31170873,Piece,1,1,200,17/07/2025,Cash,17/07/2025 13:26:54,
322ffc9f,6eac27e1,Piece,1,2,120,17/07/2025,Cash,17/07/2025 13:28:34,
93990716,608e4a15,Piece,1,1,200,17/07/2025,Cash,17/07/2025 13:30:01,
37319d73,38488d57,KG,0.25,1,15,17/07/2025,Cash,17/07/2025 16:57:56,
ad769cbf,38488d35,KG,0.25,1,15,17/07/2025,Cash,17/07/2025 16:58:18,
7f01bfe6,38488d63,KG,1.5,1,60,17/07/2025,Cash,17/07/2025 16:58:39,
13c6ad6f,38488d62,KG,1,4,240,17/07/2025,Cash,17/07/2025 16:59:00,
135737f9,2f5f74e8,Piece,1,1,60,17/07/2025,Cash,17/07/2025 16:59:38,
4b77bd53,2c4d95ef,KG,0.25,1,40,17/07/2025,Cash,17/07/2025 17:00:18,
4d6cdd17,ee72568a,Piece,1,2,20,17/07/2025,Cash,17/07/2025 17:01:30,
223379eb,13a4f998,Piece,1,1,150,17/07/2025,Cash,17/07/2025 17:02:17,
ffab345b,38488d68,KG,0.5,2,150,17/07/2025,Cash,17/07/2025 18:54:15,
6954a3c3,38488d72,KG,0.25,1,40,17/07/2025,Cash,17/07/2025 18:57:16,
abbd50fd,38488d32,Liter,1,2,114,18/07/2025,Cash,18/07/2025 14:29:58,
b33081be,38488d38,,0.6,1,55,18/07/2025,Cash,18/07/2025 14:30:27,
a1665a22,38488d47,KG,25,1,600,18/07/2025,Cash,18/07/2025 17:24:41,
696f7fa2,1870042c,KG,5,1,180,18/07/2025,Cash,18/07/2025 18:50:39,
9c64934b,38488d51,KG,1,1,280,18/07/2025,Cash,18/07/2025 20:36:03,
bb7ffd02,38488d32,KG,1,1,58,18/07/2025,Cash,18/07/2025 20:36:32,
e4988808,38488d72,KG,0.5,1,60,18/07/2025,Cash,18/07/2025 20:37:25,
9c0935c6,38488d32,KG,0.5,5,145,19/07/2025,Cash,19/07/2025 16:31:23,
648100c8,c066447f,Piece,1,1,40,19/07/2025,Cash,19/07/2025 20:17:53,
dd2682b4,38488d32,Liter,1,3,171,20/07/2025,Cash,20/07/2025 09:02:27,
cc1164a5,38488d48,KG,5,1,300,20/07/2025,Cash,20/07/2025 09:02:46,
71958b40,2bdbfdb6,KG,1.5,1,150,20/07/2025,Cash,20/07/2025 09:03:11,
fdb25aba,2bdbfdb8,Piece,1,2,20,20/07/2025,Cash,20/07/2025 09:03:45,
d539241b,38488d42,Piece,1,2,114,20/07/2025,Cash,20/07/2025 19:28:24,
f4535f50,38488d32,KG,0.5,4,116,21/07/2025,Cash,21/07/2025 11:22:04,
92c5d868,38488d43,KG,0.5,5,50,21/07/2025,Cash,21/07/2025 11:22:21,
58f0e629,38488d74,KG,4,1,100,21/07/2025,Cash,21/07/2025 19:17:36,
83521f5e,e2afd59e,Piece,1,5,20,21/07/2025,Cash,21/07/2025 19:18:26,
f0197387,38488d32,Liter,1,2,114,22/07/2025,Cash,22/07/2025 08:59:03,
60b4daac,38488d50,KG,1,1,40,22/07/2025,Cash,22/07/2025 08:59:31,
d2e55d91,2f5f74e8,Piece,1,1,60,22/07/2025,Cash,22/07/2025 18:13:59,
8e49554b,1870042c,KG,2,1,80,22/07/2025,Cash,22/07/2025 18:14:32,
591d3e88,38488d32,Liter,0.5,4,116,22/07/2025,Cash,22/07/2025 18:15:28,
4f24a356,fcd75bd5,Piece,1,1,10,22/07/2025,Cash,22/07/2025 18:16:25,
c77e7c95,38488d69,KG,0.25,1,110,22/07/2025,Cash,22/07/2025 19:05:27,
d905b36b,38488d36,KG,1,1,90,22/07/2025,Cash,22/07/2025 21:37:17,
71470150,1870042c,KG,5,1,200,22/07/2025,Cash,22/07/2025 21:45:09,
9bba2692,38488d57,KG,4,1,120,22/07/2025,Cash,22/07/2025 21:45:46,
4914d7e3,533238d5,KG,1.5,1,75,22/07/2025,Cash,22/07/2025 21:46:21,
01c6558b,38488d63,KG,1.5,1,30,22/07/2025,Cash,22/07/2025 21:46:42,
7448e8d8,38488d82,KG,1,1,100,22/07/2025,Cash,22/07/2025 21:47:16,
3193fd2c,38488d72,KG,1,1,70,22/07/2025,Cash,22/07/2025 21:47:47,
9ff28ad7,a31d5abb,KG,1,1,120,22/07/2025,Cash,22/07/2025 21:48:48,
8239aeb1,7cfdeddd,KG,1,1,70,22/07/2025,Cash,22/07/2025 21:49:19,
2a7caf93,c33be040,Piece,1,6,50,22/07/2025,Cash,22/07/2025 21:51:12,
776c1f84,38488d71,KG,2,1,30,22/07/2025,Cash,22/07/2025 22:06:01,
c1f5449f,38488d32,KG,0.5,4,116,23/07/2025,Cash,23/07/2025 19:16:42,
1ff62675,38488d38,KG,0.6,2,110,23/07/2025,Cash,23/07/2025 19:19:48,
64a2a0fc,38488d32,KG,0.5,4,116,24/07/2025,Cash,24/07/2025 19:45:57,
e7676461,3f5a9999,Liter,5,1,75,24/07/2025,Cash,24/07/2025 19:46:35,
d88dcdc7,38488d33,KG,0.5,1,50,24/07/2025,Cash,24/07/2025 19:47:11,
4c193a36,38488d34,KG,0.25,1,30,24/07/2025,Cash,24/07/2025 19:47:29,
2c591719,38488d35,KG,0.25,1,20,24/07/2025,Cash,24/07/2025 19:47:52,
3c43cf10,38488d37,KG,0.5,1,30,24/07/2025,Cash,24/07/2025 19:48:09,
cfd879c0,38488d71,KG,1.25,1,30,24/07/2025,Cash,24/07/2025 19:48:38,
e8281b1d,38488d84,KG,0.5,1,30,24/07/2025,Cash,24/07/2025 19:49:25,
57d612a7,38488d70,Piece,12,8,320,24/07/2025,Cash,24/07/2025 19:50:41,
8d6d1b0f,cae57605,Piece,1,2,20,24/07/2025,Cash,24/07/2025 21:16:02,
78c3949a,38488d32,Liter,1,2,114,25/07/2025,Cash,25/07/2025 09:58:00,
7d4aadef,2174fb78,KG,0.75,1,60,25/07/2025,Cash,25/07/2025 09:58:34,
498ffecb,38488d63,KG,2,1,70,25/07/2025,Cash,25/07/2025 18:35:18,
4516adcb,38488d47,KG,25,1,600,25/07/2025,Cash,25/07/2025 21:21:55,
ee2a32b3,38488d32,Liter,1,2,114,26/07/2025,Cash,26/07/2025 09:53:37,
78cd8499,38488d38,KG,0.6,1,55,26/07/2025,Cash,26/07/2025 09:54:01,
02357ee2,38488d48,KG,5,1,300,26/07/2025,Cash,26/07/2025 09:54:26,
77771778,1a4280e2,KG,2,1,300,26/07/2025,Cash,26/07/2025 11:49:50,
eee4d208,18374158,Piece,1,2,200,26/07/2025,Cash,26/07/2025 11:51:06,
4bdb2f54,b1a56963,Piece,1,1,100,26/07/2025,Cash,26/07/2025 11:56:11,
cdb03fdb,608e4a15,Piece,1,1,400,26/07/2025,Cash,26/07/2025 11:58:22,
b1c92851,38488d33,KG,2,1,130,26/07/2025,Cash,26/07/2025 11:59:25,
700c101a,38488d32,Liter,1,2,114,27/07/2025,Cash,27/07/2025 10:45:39,
2ce470f3,1870042c,KG,2,1,120,27/07/2025,Cash,27/07/2025 10:45:59,
d2425522,38488d51,KG,1,1,280,27/07/2025,Cash,27/07/2025 10:46:25,
aacee793,38488d34,KG,0.2,1,25,27/07/2025,Cash,27/07/2025 10:46:52,
a752c5ef,38488d37,KG,0.75,1,30,27/07/2025,Cash,27/07/2025 10:47:40,
3cf7312a,38488d80,KG,1,1,50,27/07/2025,Cash,27/07/2025 10:48:04,
fa0c1935,38488d55,Piece,1,2,20,27/07/2025,Cash,27/07/2025 10:49:22,
091012ad,7db874e1,Piece,1,2,20,27/07/2025,Cash,27/07/2025 15:04:14,
976ce32e,38488d32,Liter,1,2,114,28/07/2025,Cash,28/07/2025 11:37:56,
6ffbe407,38488d32,KG,1,1,45,28/07/2025,Cash,28/07/2025 11:39:25,
3be90d91,b1a56963,Piece,1,1,300,28/07/2025,Cash,28/07/2025 18:58:17,
90788061,8fece4e2,Piece,1,4,40,28/07/2025,Cash,28/07/2025 19:05:30,
90ab7d71,ee4c7cc6,Piece,1,1,140,28/07/2025,Cash,28/07/2025 21:47:56,
c6c8c3eb,38488d32,Liter,1,2,114,29/07/2025,Cash,29/07/2025 10:11:31,
9bc96222,38488d48,KG,5,1,300,29/07/2025,Cash,29/07/2025 10:12:13,
999dc79d,1905cc15,KG,1,1,50,29/07/2025,Cash,29/07/2025 10:13:05,
09f3b5c7,1870042c,KG,1,1,70,29/07/2025,Cash,29/07/2025 10:13:43,
5668748d,38488d36,KG,0.25,1,30,29/07/2025,Cash,29/07/2025 18:23:15,
3fada919,38488d32,KG,0.5,4,116,29/07/2025,Cash,29/07/2025 18:26:24,
a3f53b4f,fcd75bd5,Piece,1,1,10,29/07/2025,Cash,29/07/2025 18:27:27,
d4861ecf,38488d69,KG,0.25,1,110,29/07/2025,Cash,29/07/2025 18:36:06,
e40d6940,38488d72,KG,1,1,100,29/07/2025,Cash,29/07/2025 20:54:33,
15b1dae7,1870042c,KG,5.5,1,300,29/07/2025,Cash,29/07/2025 20:55:07,
f06dd5ca,38488d57,KG,4,1,100,29/07/2025,Cash,29/07/2025 20:55:56,
d2b362ba,38488d63,KG,2,1,50,29/07/2025,Cash,29/07/2025 20:58:27,
119e7c14,38488d74,KG,4,1,100,29/07/2025,Cash,29/07/2025 20:59:07,
1e521eae,533238d5,Piece,1.5,1,60,29/07/2025,Cash,29/07/2025 21:04:11,
e4a4d7f6,38488d82,KG,0.5,1,50,29/07/2025,Cash,29/07/2025 21:06:18,
304031a8,38488d36,KG,1,1,90,29/07/2025,Cash,29/07/2025 21:08:18,
1b02a845,7cfdeddd,KG,1,1,60,29/07/2025,Cash,29/07/2025 21:09:00,
9f9f73dc,38488d84,KG,2,1,80,29/07/2025,Cash,29/07/2025 21:10:35,
af5bc223,a31d5abb,KG,1,1,100,29/07/2025,Cash,29/07/2025 21:15:53,
fadee361,38488d51,KG,0.75,1,210,29/07/2025,Cash,29/07/2025 22:22:00,
6c6bf021,38488d38,KG,0.6,1,55,30/07/2025,Cash,30/07/2025 11:45:08,
9e7f09ad,38488d32,KG,0.5,4,116,30/07/2025,Cash,30/07/2025 17:59:35,
c791b35a,e73a4f6b,Piece,1,1,10,30/07/2025,Cash,30/07/2025 21:23:58,
2cf516e6,38488d32,Liter,1,2,114,31/07/2025,Cash,31/07/2025 10:27:38,
2c9b3a7b,3f40d071,Piece,12,8,400,31/07/2025,Cash,31/07/2025 10:29:10,
b9df4582,38488d32,KG,0.5,4,116,01/08/2025,Cash,01/08/2025 10:02:48,
0d4251ac,38488d38,KG,0.6,1,55,01/08/2025,Cash,01/08/2025 10:03:18,
a2f4155d,38488d63,KG,1.5,1,60,01/08/2025,Cash,01/08/2025 17:27:34,
15d4474a,38488d35,KG,0.25,1,20,01/08/2025,Cash,01/08/2025 17:28:16,
e2b92829,38488d57,KG,0.25,1,10,01/08/2025,Cash,01/08/2025 17:28:37,
33a87800,2f5f74e8,Piece,1,1,60,01/08/2025,Cash,01/08/2025 17:29:05,
ef690b18,2c4d95ef,KG,0.3,1,50,01/08/2025,Cash,01/08/2025 17:29:55,
e82a4d20,38488d62,KG,1,4,240,01/08/2025,Cash,01/08/2025 17:32:31,
ed71703e,ee72568a,Piece,1,2,20,01/08/2025,Cash,01/08/2025 17:34:02,
4c6f5144,38488d68,KG,0.7,1,115,01/08/2025,Cash,01/08/2025 17:38:17,
b7c1f059,ce05468e,Piece,1,1,10,01/08/2025,Cash,01/08/2025 20:41:20,
6a272c5a,e73a4f6b,Piece,1,3,30,01/08/2025,Cash,01/08/2025 20:41:44,
655a26a9,38488d72,KG,0.5,1,50,01/08/2025,Cash,01/08/2025 20:42:06,
06f36b8c,38488d32,Liter,1,2,114,02/08/2025,Cash,02/08/2025 11:11:59,
f8e7e5c4,38488d34,KG,0.75,1,60,02/08/2025,Cash,02/08/2025 11:12:16,
04847a3e,074f02cb,Piece,1,2,40,02/08/2025,Cash,02/08/2025 12:48:14,
6a4f9d0f,1870042c,KG,5,1,250,02/08/2025,Cash,02/08/2025 19:50:38,
9fa03699,38488d47,KG,30,1,720,02/08/2025,Cash,02/08/2025 19:51:21,
29c7dfec,38488d32,Liter,1,2,114,03/08/2025,Cash,03/08/2025 13:28:58,
5cf0907f,38488d51,KG,1.25,1,350,03/08/2025,Cash,03/08/2025 13:31:05,
40f03cd9,38488d48,KG,5,1,300,03/08/2025,Cash,03/08/2025 13:31:53,
5f0dcc96,38488d55,Piece,1,1,35,03/08/2025,Cash,03/08/2025 13:32:39,
0bdd0624,8db68335,Piece,1,1,200,03/08/2025,Cash,03/08/2025 13:33:28,
dbd7a881,38488d36,KG,0.5,1,50,03/08/2025,Cash,03/08/2025 13:39:07,
3f2a8036,38488d82,KG,0.5,1,50,03/08/2025,Cash,03/08/2025 13:39:29,
93a819bf,38488d42,Piece,1,2,130,03/08/2025,Cash,03/08/2025 19:25:17,
84e07d90,38488d32,Liter,1,2,114,04/08/2025,Cash,04/08/2025 11:44:38,
cc4fde6d,38488d38,KG,0.6,1,60,04/08/2025,Cash,04/08/2025 11:44:57,
9e17bb4c,1905cc15,KG,1,1,50,04/08/2025,Cash,04/08/2025 11:45:24,
c35e12a9,38488d63,KG,1.5,1,50,04/08/2025,Cash,04/08/2025 18:54:37,
cfee4ea3,38488d59,KG,0.25,1,40,04/08/2025,Cash,04/08/2025 19:58:56,
ed30a2c5,38488d60,KG,0.15,1,30,04/08/2025,Cash,04/08/2025 20:00:09,
08a5e3dc,e73a4f6b,Piece,1,1,75,04/08/2025,Cash,04/08/2025 20:01:13,
47a08f95,e73a4f6b,Piece,1,3,30,04/08/2025,Cash,04/08/2025 20:02:43,
58e7a1ed,db6e3e15,Piece,5,1,50,04/08/2025,Cash,04/08/2025 20:59:06,
c86e0f73,38488d32,KG,0.5,1,57,04/08/2025,Cash,04/08/2025 21:43:52,
e164c7c6,38488d32,KG,0.5,8,232,05/08/2025,Cash,05/08/2025 18:34:12,
b2bd7f5e,38488d69,KG,0.25,1,110,05/08/2025,Cash,05/08/2025 18:35:36,
535c011e,fcd75bd5,Piece,1,1,10,05/08/2025,Cash,05/08/2025 18:36:12,
f790a558,3ed563fc,Piece,1,10,300,05/08/2025,Cash,05/08/2025 19:31:36,
5d379491,38488d78,KG,1,1,50,05/08/2025,Cash,05/08/2025 19:32:12,
65ea9950,090f0992,KG,0.7,5,300,05/08/2025,Cash,05/08/2025 19:33:00,
8a07926f,38488d77,Piece,1,4,160,05/08/2025,Cash,05/08/2025 19:33:46,
1e66a20f,058ead3d,Piece,1,2,40,05/08/2025,Cash,05/08/2025 19:35:18,
1c5bdf68,bf503910,Piece,1,2,80,05/08/2025,Cash,05/08/2025 20:01:34,
e441d175,38488d36,KG,1.5,1,160,05/08/2025,Cash,05/08/2025 21:40:47,
79ea2a4d,38488d63,KG,2,1,50,05/08/2025,Cash,05/08/2025 21:41:39,
c9cfb90f,38488d34,KG,1,1,80,05/08/2025,Cash,05/08/2025 21:42:01,
46451b42,1870042c,KG,5,1,300,05/08/2025,Cash,05/08/2025 21:42:17,
4d27dc8b,38488d33,KG,2.5,1,150,05/08/2025,Cash,05/08/2025 21:42:32,
388c01f6,38488d71,KG,3,1,60,05/08/2025,Cash,05/08/2025 21:42:53,
614b374a,38488d84,KG,2,1,50,05/08/2025,Cash,05/08/2025 21:43:26,
6edf7a6b,38488d72,KG,1,1,60,05/08/2025,Cash,05/08/2025 21:44:28,
0f5fbcc3,38488d74,KG,4,1,80,05/08/2025,Cash,05/08/2025 21:44:50,
60a43053,38488d82,KG,1,1,60,05/08/2025,Cash,05/08/2025 21:45:19,
72d49063,1905cc15,KG,2.5,1,100,05/08/2025,Cash,05/08/2025 21:45:57,
32dc73cb,7cfdeddd,KG,1,1,60,05/08/2025,Cash,05/08/2025 21:49:02,
913c1494,c33be040,Piece,1,6,50,05/08/2025,Cash,05/08/2025 22:07:16,
8f8466db,38488d32,Liter,1,2,114,06/08/2025,Cash,06/08/2025 10:04:48,
aa2ea4ea,38488d48,KG,5,1,300,06/08/2025,Cash,06/08/2025 10:05:11,
402d2b1d,38488d38,KG,0.6,1,55,06/08/2025,Cash,06/08/2025 10:05:41,
954fde54,38488d42,Piece,1,2,20,06/08/2025,Cash,06/08/2025 20:24:07,
b38c407f,38488d33,KG,0.3,1,30,06/08/2025,Cash,06/08/2025 21:23:28,
d2799a5a,38488d35,KG,0.25,1,20,06/08/2025,Cash,06/08/2025 21:24:40,
d5a8e94a,38488d37,KG,0.6,1,30,06/08/2025,Cash,06/08/2025 21:25:17,
ca7a2908,38488d70,Piece,12,8,320,06/08/2025,Cash,06/08/2025 21:25:36,
19d917b6,cae57605,Piece,1,2,20,06/08/2025,Cash,06/08/2025 21:26:17,
ff5c1bd2,38488d32,Liter,1,2,114,07/08/2025,Cash,07/08/2025 12:20:41,
f940965c,ed041292,Piece,1,1,200,07/08/2025,Cash,07/08/2025 12:23:02,
cca4ea3e,38488d68,KG,0.5,1,60,07/08/2025,Cash,07/08/2025 18:04:08,
c542d9bf,dea6a6c9,Piece,1,1,220,07/08/2025,Cash,07/08/2025 18:06:54,
ee139f1f,dd6b7e57,Piece,1,1,5,07/08/2025,Cash,07/08/2025 21:10:47,
c6d664e4,38488d51,KG,1,1,260,07/08/2025,Cash,07/08/2025 21:50:56,
41f60be8,38488d32,Liter,1,2,114,08/08/2025,Cash,08/08/2025 11:58:24,
f50ef016,3f5a9999,Liter,5,1,290,08/08/2025,Cash,08/08/2025 11:58:44,
d5a9eda3,38488d75,Piece,1,6,360,08/08/2025,Cash,08/08/2025 12:00:43,
72c59408,a92f80eb,KG,50,1,800,08/08/2025,Cash,08/08/2025 19:14:17,
cab43b2c,38488d47,KG,30,1,700,08/08/2025,Cash,08/08/2025 19:16:14,
09be2dba,38488d68,KG,1,1,120,09/08/2025,Cash,09/08/2025 19:00:05,
aaf1fe86,38488d51,KG,0.5,1,140,09/08/2025,Cash,09/08/2025 19:00:41,
404b450b,38488d32,Liter,1,2,114,10/08/2025,Cash,10/08/2025 09:58:33,
29857d43,38488d72,KG,0.5,1,50,10/08/2025,Cash,10/08/2025 09:58:50,
fc6db53d,38488d38,KG,0.6,1,55,10/08/2025,Cash,10/08/2025 09:59:14,
d4e335be,2bdbfdb6,KG,750,1,75,10/08/2025,Cash,10/08/2025 10:42:49,
93617db9,38488d48,KG,5,1,300,10/08/2025,Cash,10/08/2025 10:44:20,
4e30850f,2bdbfdb8,Piece,1,2,20,10/08/2025,Cash,10/08/2025 10:44:51,
41acf29f,93b88f5b,Piece,1,4,40,10/08/2025,Cash,10/08/2025 19:09:46,
4549cbcb,38488d58,Piece,1,1,30,10/08/2025,Cash,10/08/2025 19:11:53,
faa219b7,1870042c,KG,1,2,140,11/08/2025,Cash,11/08/2025 12:25:34,
0c68d5c7,38488d32,KG,0.5,4,116,11/08/2025,Cash,11/08/2025 19:19:31,
252faee9,38488d57,KG,4,1,120,11/08/2025,Cash,11/08/2025 19:20:01,
7b9008c1,38488d32,Liter,0.5,1,116,12/08/2025,Cash,12/08/2025 10:42:22,
9b7d36e2,38488d38,KG,0.6,2,120,12/08/2025,Cash,12/08/2025 10:42:51,
41d609b5,38488d32,Liter,0.5,4,116,12/08/2025,Cash,12/08/2025 17:45:53,
ffd0a75a,1870042c,KG,2,1,100,12/08/2025,Cash,12/08/2025 17:46:25,
b83afdeb,2f5f74e8,Piece,1,1,60,12/08/2025,Cash,12/08/2025 17:47:06,
53aed044,fcd75bd5,Piece,1,1,10,12/08/2025,Cash,12/08/2025 17:48:41,
a9992429,38488d36,KG,1,1,120,12/08/2025,Cash,12/08/2025 21:36:23,
828aa406,38488d63,KG,1.8,1,60,12/08/2025,Cash,12/08/2025 21:36:42,
bbfb7ea4,38488d34,KG,1,1,80,12/08/2025,Cash,12/08/2025 21:37:11,
45b55e53,38488d72,KG,1,1,80,12/08/2025,Cash,12/08/2025 21:37:26,
a4221ca7,38488d37,KG,1.5,1,60,12/08/2025,Cash,12/08/2025 21:38:10,
cdd70765,7cfdeddd,KG,1,1,90,12/08/2025,Cash,12/08/2025 21:39:42,
d95c9889,1905cc15,KG,1.5,1,60,12/08/2025,Cash,12/08/2025 21:40:30,
aa598e76,a31d5abb,KG,1,1,100,12/08/2025,Cash,12/08/2025 21:41:49,
07a6f9c0,38488d69,KG,0.25,1,110,12/08/2025,Cash,12/08/2025 22:00:11,
5d313dea,38488d32,Liter,1,2,114,13/08/2025,Cash,13/08/2025 11:52:37,
38ad1877,38488d35,KG,0.5,1,30,13/08/2025,Cash,13/08/2025 18:34:00,
ea8a83a7,38488d68,KG,0.5,2,150,13/08/2025,Cash,13/08/2025 18:34:59,
155ee62c,a7a99b92,Piece,1,1,60,13/08/2025,Cash,13/08/2025 19:58:13,
25412f6c,38488d32,Liter,1,3,171,14/08/2025,Cash,14/08/2025 21:41:50,
27791367,3f40d071,Piece,12,1,400,14/08/2025,Cash,14/08/2025 21:42:24,
0d7cd302,38488d54,KG,5,1,200,14/08/2025,Cash,14/08/2025 21:48:19,
579ae305,5b074625,KG,0.5,1,70,14/08/2025,Cash,14/08/2025 21:48:44,
748e2c00,38488d66,KG,3,2,180,14/08/2025,Cash,14/08/2025 22:03:38,
9726edda,38488d32,Liter,1,2,114,15/08/2025,Cash,15/08/2025 11:41:35,
81ce876f,38488d38,KG,0.6,1,60,15/08/2025,Cash,15/08/2025 11:42:06,
5374bd20,38488d68,KG,0.5,2,150,15/08/2025,Cash,15/08/2025 11:42:21,
88420ca7,9efdfdb6,KG,5,1,280,15/08/2025,Cash,15/08/2025 13:32:51,
2706721d,38488d48,KG,5,1,300,15/08/2025,Cash,15/08/2025 18:47:53,
708da5da,7836518d,Piece,1,1,120,15/08/2025,Cash,15/08/2025 18:49:54,
90e89aac,dbb02cb4,Piece,1,1,70,15/08/2025,Cash,15/08/2025 18:55:02,
1feaaad0,5b074625,KG,0.5,1,70,15/08/2025,Cash,15/08/2025 18:58:50,
1c289bbd,38488d38,KG,0.4,1,55,15/08/2025,Cash,15/08/2025 18:59:54,
2f0a8833,38488d32,Liter,0.5,4,116,16/08/2025,Cash,16/08/2025 15:59:58,
0f57a429,c33be040,Piece,1,6,50,16/08/2025,Cash,16/08/2025 16:00:17,
e6e6abab,38488d68,KG,0.5,2,100,16/08/2025,Cash,16/08/2025 20:17:28,
abab1247,38488d51,KG,0.75,1,210,16/08/2025,Cash,16/08/2025 20:19:46,
b514e56c,6eac27e1,Piece,1,2,120,16/08/2025,Cash,16/08/2025 20:20:18,
b3b8cb81,52cdaa61,KG,0.5,1,35,16/08/2025,Cash,16/08/2025 20:26:34,
fdb83b9b,557cb1a3,Piece,1,3,60,16/08/2025,Cash,16/08/2025 20:27:30,
7a8a3833,38488d32,Liter,1,2,114,17/08/2025,Cash,17/08/2025 12:05:40,
55b814f5,38488d82,KG,0.5,1,60,17/08/2025,Cash,17/08/2025 12:09:10,
1678adbb,38488d72,KG,0.25,1,30,17/08/2025,Cash,17/08/2025 12:10:55,
f3ec6dea,1870042c,KG,10,2,500,17/08/2025,Cash,17/08/2025 12:51:57,
aeb4c700,38488d42,Piece,1,2,140,17/08/2025,Cash,17/08/2025 21:07:37,
d8022cb2,38488d32,Liter,1,2,114,18/08/2025,Cash,18/08/2025 14:18:55,
86793138,38488d38,KG,0.6,1,55,18/08/2025,Cash,18/08/2025 14:19:08,
878c3c77,38488d43,Liter,0.5,5,50,18/08/2025,Cash,18/08/2025 20:31:40,
97384e7b,ee4c7cc6,Piece,1,1,140,18/08/2025,Cash,18/08/2025 21:02:00,
efa429b4,38488d60,KG,0.5,1,100,18/08/2025,Cash,18/08/2025 21:50:17,
dcf598e7,38488d59,KG,0.5,1,80,18/08/2025,Cash,18/08/2025 21:51:16,
abceaf06,38488d34,KG,0.15,1,20,18/08/2025,Cash,18/08/2025 21:51:57,
2fa0fb10,38488d35,KG,0.15,1,10,18/08/2025,Cash,18/08/2025 21:52:25,
058fd01a,38488d32,Liter,0.5,6,174,19/08/2025,Cash,19/08/2025 17:11:14,
19a2c598,38488d38,KG,0.6,1,55,19/08/2025,Cash,19/08/2025 17:11:59,
f7610a08,4340a96c,KG,0.5,1,35,19/08/2025,Cash,19/08/2025 17:12:14,
73a7e460,38488d57,KG,3,1,100,19/08/2025,Cash,19/08/2025 17:12:43,
4b8101c9,38488d69,KG,0.25,1,110,19/08/2025,Cash,19/08/2025 18:12:02,
42fa47ed,e3c0fff2,KG,1,1,80,19/08/2025,Cash,19/08/2025 18:13:52,
89d88f40,38488d36,KG,1,1,70,19/08/2025,Cash,19/08/2025 21:18:09,
1ad69be9,38488d34,KG,1,1,70,19/08/2025,Cash,19/08/2025 21:20:05,
10502a36,38488d63,KG,1.5,1,50,19/08/2025,Cash,19/08/2025 21:20:58,
a21b0ff7,38488d42,Piece,1,1,15,19/08/2025,Cash,19/08/2025 21:21:34,
17d79e62,38488d72,KG,0.5,1,50,19/08/2025,Cash,19/08/2025 21:21:58,
9249c6e2,38488d82,KG,0.5,1,50,19/08/2025,Cash,19/08/2025 21:22:34,
aba11821,7cfdeddd,KG,1,1,80,19/08/2025,Cash,19/08/2025 21:24:14,
fd22a58e,cce54458,KG,0.5,2,180,19/08/2025,Cash,19/08/2025 21:24:41,
c87ce0db,38488d84,KG,1,1,40,19/08/2025,Cash,19/08/2025 21:25:25,
aa076104,8adbb5f7,KG,1,1,50,19/08/2025,Cash,19/08/2025 21:37:59,
32fb1616,7211596c,Piece,12,1,100,19/08/2025,Cash,19/08/2025 21:57:17,
52bac1da,4a95b056,Piece,1,1,80,19/08/2025,Cash,19/08/2025 21:57:51,
229a159e,38488d32,Liter,1,3,171,20/08/2025,Cash,20/08/2025 09:24:58,
3a76a67d,38488d48,KG,5,1,300,20/08/2025,Cash,20/08/2025 09:25:18,
0acae499,38488d38,KG,0.6,1,55,20/08/2025,Cash,20/08/2025 09:26:03,
04cff700,38488d47,KG,25,1,700,20/08/2025,Cash,20/08/2025 13:10:54,
6bb6a8d8,15880a38,Piece,1,1,80,20/08/2025,Cash,20/08/2025 14:19:24,
6da5c6e7,7110fbe1,Piece,1,4,360,20/08/2025,Cash,20/08/2025 19:44:01,
b8325797,38488d32,Liter,1,3,171,21/08/2025,Cash,21/08/2025 10:35:46,
c5154469,3f40d071,Piece,12,8,400,21/08/2025,Cash,21/08/2025 10:36:07,
3cac8754,38488d32,Liter,0.5,6,174,22/08/2025,Cash,22/08/2025 09:31:10,
c9599711,1870042c,KG,2,1,140,22/08/2025,Cash,22/08/2025 11:20:40,
a76e57a2,1870042c,KG,5,1,280,22/08/2025,Cash,22/08/2025 12:22:16,
11a09a11,38488d74,KG,4,1,120,22/08/2025,Cash,22/08/2025 18:25:20,
7b77ebee,04e745bc,Piece,1,1,300,22/08/2025,Cash,22/08/2025 19:29:03,
b95bdf5a,ed69c25d,Piece,1,6,180,22/08/2025,Cash,22/08/2025 19:55:35,
26b0006b,38488d32,Liter,1,3,171,23/08/2025,Cash,23/08/2025 09:42:09,
f0aed65b,38488d48,KG,5,1,300,23/08/2025,Cash,23/08/2025 09:42:28,
773175f2,38488d33,KG,1.25,1,100,23/08/2025,Cash,23/08/2025 09:43:08,
2765478f,38488d38,KG,0.6,1,55,23/08/2025,Cash,23/08/2025 09:44:05,
27d8ca30,38488d63,KG,1.25,1,40,23/08/2025,Cash,23/08/2025 17:09:59,
323f77ee,1266f89f,Piece,1,1,450,23/08/2025,Cash,23/08/2025 17:12:08,
017d98f2,38488d35,KG,0.25,1,20,23/08/2025,Cash,23/08/2025 17:13:32,
6784ea35,38488d57,KG,0.3,1,20,23/08/2025,Cash,23/08/2025 17:13:53,
97533e0e,38488d62,KG,1,4,240,23/08/2025,Cash,23/08/2025 17:14:33,
cd1034f5,2f5f74e8,Piece,1,1,60,23/08/2025,Cash,23/08/2025 17:16:43,
c7bcb9bb,2c4d95ef,KG,0.25,1,50,23/08/2025,Cash,23/08/2025 17:17:25,
b56efd49,ee72568a,Piece,1,1,20,23/08/2025,Cash,23/08/2025 17:18:44,
d2396c22,8b22178e,KG,1.2,1,180,23/08/2025,Cash,23/08/2025 17:19:12,
50bdc6d1,38488d68,KG,0.5,2,140,23/08/2025,Cash,23/08/2025 18:01:52,
8fbef75a,38488d32,Liter,1,3,171,24/08/2025,Cash,24/08/2025 09:48:26,
1676794d,38488d66,KG,3.3,2,200,24/08/2025,Cash,24/08/2025 09:50:11,
9002517d,38488d51,KG,1.25,1,350,24/08/2025,Cash,24/08/2025 09:51:35,
da63d4c3,38488d68,KG,1,1,120,24/08/2025,Cash,24/08/2025 09:53:02,
86908dbf,38488d42,Piece,1,2,140,24/08/2025,Cash,24/08/2025 21:08:15,
462dba34,38488d32,Liter,0.5,4,116,25/08/2025,Cash,25/08/2025 11:13:20,
cf9309cf,38488d48,KG,5,1,300,25/08/2025,Cash,25/08/2025 11:14:21,
7721148a,533238d5,KG,1,1,60,25/08/2025,Cash,25/08/2025 11:15:51,
5d2b8ff1,38488d57,KG,3.7,1,120,25/08/2025,Cash,25/08/2025 19:39:41,
74c29906,38488d78,Piece,1,1,10,25/08/2025,Cash,25/08/2025 21:40:48,
16fb38ab,38488d32,Liter,1,3,171,26/08/2025,Cash,26/08/2025 12:14:26,
4923bed9,66645b81,KG,1.5,1,60,26/08/2025,Cash,26/08/2025 12:15:32,
56689526,aadb68ed,Piece,1,2,20,26/08/2025,Cash,26/08/2025 12:16:55,
4440b3d9,c33be040,Piece,1,3,30,26/08/2025,Cash,26/08/2025 12:17:25,
bc80032b,38488d32,Liter,0.5,3,87,26/08/2025,Cash,26/08/2025 19:28:59,
2f08646f,2f5f74e8,Piece,1,1,60,26/08/2025,Cash,26/08/2025 19:31:00,
a924a001,38488d69,KG,0.25,1,110,26/08/2025,Cash,26/08/2025 19:39:19,
05347fa0,1870042c,KG,5,1,200,26/08/2025,Cash,26/08/2025 21:02:12,
452267c1,38488d47,KG,2,1,60,26/08/2025,Cash,26/08/2025 21:09:03,
e943642d,38488d37,KG,1.5,1,60,26/08/2025,Cash,26/08/2025 21:09:21,
a6d649aa,38488d63,KG,2,1,50,26/08/2025,Cash,26/08/2025 21:09:55,
29678ea4,38488d71,KG,1.9,1,50,26/08/2025,Cash,26/08/2025 21:10:27,
a63c8517,38488d84,KG,1,1,40,26/08/2025,Cash,26/08/2025 21:11:45,
a2b83a89,38488d36,KG,1.5,1,100,26/08/2025,Cash,26/08/2025 21:12:10,
a335907b,38488d72,KG,0.5,1,30,26/08/2025,Cash,26/08/2025 21:12:29,
cfbafcf7,38488d82,KG,1,1,70,26/08/2025,Cash,26/08/2025 21:13:00,
0c1061f2,38488d35,KG,0.15,1,10,26/08/2025,Cash,26/08/2025 21:13:28,
ab65a727,1cab637b,Piece,1,8,120,26/08/2025,Cash,26/08/2025 21:13:52,
8e6a2f58,a31d5abb,KG,1,1,100,26/08/2025,Cash,26/08/2025 21:14:15,
92874156,4340a96c,KG,0.5,2,70,26/08/2025,Cash,26/08/2025 21:15:22,
20dfa31e,7cfdeddd,KG,1,1,70,26/08/2025,Cash,26/08/2025 21:19:05,
b1cbb9b0,ee4c7cc6,KG,1,1,180,26/08/2025,Cash,26/08/2025 21:20:19,
82f049ae,38488d59,KG,0.5,1,80,26/08/2025,Cash,26/08/2025 21:21:22,
d4762ca2,38488d60,KG,0.5,1,100,26/08/2025,Cash,26/08/2025 21:22:24,
ef78945b,316fcd40,KG,3,1,180,26/08/2025,Cash,26/08/2025 21:24:54,
0b3c2fb3,1905cc15,KG,1.5,1,60,26/08/2025,Cash,26/08/2025 21:25:45,
30d105fc,38488d77,Piece,1,3,150,26/08/2025,Cash,26/08/2025 21:55:07,
23c5c67a,7211596c,Piece,12,1,100,26/08/2025,Cash,26/08/2025 21:58:10,
04b24d13,38488d32,Liter,1,3,171,27/08/2025,Cash,27/08/2025 11:15:09,
b9ec4354,38488d38,KG,0.6,2,110,27/08/2025,Cash,27/08/2025 11:15:34,
f9ab5f12,38488d47,KG,25,1,570,27/08/2025,Cash,27/08/2025 13:01:43,
a0771d9b,a92f80eb,KG,50,1,750,27/08/2025,Cash,27/08/2025 13:02:16,
60ab8f6a,7db874e1,Piece,1,2,20,27/08/2025,Cash,27/08/2025 21:34:49,
bb9baed7,38488d32,Liter,1,3,171,28/08/2025,Cash,28/08/2025 12:16:49,
6fecbd0e,38488d39,KG,0.5,1,20,28/08/2025,Cash,28/08/2025 18:20:52,
6f470aa1,38488d71,KG,1,1,30,28/08/2025,Cash,28/08/2025 18:22:23,
e38152b5,38488d35,KG,0.25,1,20,28/08/2025,Cash,28/08/2025 18:23:06,
4251143e,38488d33,KG,0.5,1,40,28/08/2025,Cash,28/08/2025 18:23:27,
cbde2a07,38488d37,KG,0.5,1,30,28/08/2025,Cash,28/08/2025 18:23:49,
d5b3e7d1,38488d34,KG,0.15,1,15,28/08/2025,Cash,28/08/2025 18:24:29,
ce1073e9,38488d70,Piece,12,8,320,28/08/2025,Cash,28/08/2025 18:38:35,
e950ea6a,cae57605,Piece,1,4,20,28/08/2025,Cash,28/08/2025 18:40:34,
1c0502e6,38488d48,KG,0.5,1,35,28/08/2025,Cash,28/08/2025 18:43:45,
53dbbae1,e73a4f6b,Piece,1,3,30,28/08/2025,Cash,28/08/2025 21:26:41,
887a7cf4,38488d32,Liter,1,3,171,29/08/2025,Cash,29/08/2025 13:09:23,
5ef45027,38488d48,KG,5,1,300,29/08/2025,Cash,29/08/2025 13:09:42,
639245ce,1870042c,KG,5,1,180,29/08/2025,Cash,29/08/2025 13:10:19,
2d993fd3,d6284c33,Piece,1,1,150,29/08/2025,Cash,29/08/2025 20:22:34,
0ff0bb24,38488d32,Liter,1,3,171,30/08/2025,Cash,30/08/2025 11:21:41,
93f2720d,38488d35,KG,0.15,1,15,30/08/2025,Cash,30/08/2025 11:22:07,
26815392,38488d34,KG,0.15,1,15,30/08/2025,Cash,30/08/2025 11:22:58,
afc5645f,38488d68,KG,0.5,1,60,30/08/2025,Cash,30/08/2025 11:23:23,
138a8998,38488d84,KG,2,1,100,30/08/2025,Cash,30/08/2025 17:43:55,
ab746f89,38488d72,KG,0.5,1,60,30/08/2025,Cash,30/08/2025 17:45:54,
b14bc375,c39b54f2,KG,2,1,170,30/08/2025,Cash,30/08/2025 18:57:46,
5bf23378,4340a96c,KG,0.5,2,70,30/08/2025,Cash,30/08/2025 21:12:34,
f8fb7010,38488d32,KG,1,3,171,31/08/2025,Cash,31/08/2025 09:57:25,
2bc17d88,38488d66,KG,3,2,180,31/08/2025,Cash,31/08/2025 09:58:43,
997024b5,7cfdeddd,KG,0.5,1,50,31/08/2025,Cash,31/08/2025 09:59:25,
5b8b4509,2bdbfdb6,KG,1.25,1,125,31/08/2025,Cash,31/08/2025 10:00:37,
5b03af0e,2bdbfdb8,Piece,1,1,10,31/08/2025,Cash,31/08/2025 10:01:14,
29b23850,3239911a,KG,0.5,1,80,31/08/2025,Cash,31/08/2025 12:55:10,
58ac9b2a,cce54458,KG,0.5,2,160,31/08/2025,Cash,31/08/2025 19:43:03,
ff0bfad2,bfd804f4,KG,1,1,40,31/08/2025,Cash,31/08/2025 19:44:29,
b65448c8,81cb458e,Piece,10,2,2180,31/08/2025,Cash,31/08/2025 19:46:12,
68f21f38,66645b81,KG,1.5,1,60,31/08/2025,Cash,31/08/2025 19:47:41,
7dbc7f4f,c33be040,Piece,1,6,50,31/08/2025,Cash,31/08/2025 19:48:31,
58eccf97,38488d42,Piece,1,2,140,31/08/2025,Cash,31/08/2025 21:29:00,
cab2eba5,38488d32,Liter,1,3,171,01/09/2025,Cash,01/09/2025 12:55:30,
889157cb,38488d38,KG,0.6,1,60,01/09/2025,Cash,01/09/2025 12:55:46,
fae234c2,38488d77,Piece,1,1,180,01/09/2025,Cash,01/09/2025 13:24:52,
485cc547,38488d43,KG,0.5,6,60,01/09/2025,Cash,01/09/2025 19:57:08,
3d26ffce,1870042c,KG,5,1,180,01/09/2025,Cash,01/09/2025 20:01:35,
557fd82b,38488d60,KG,0.4,1,72,01/09/2025,Cash,01/09/2025 22:08:34,
9ec33c43,38488d59,KG,0.4,1,72,01/09/2025,Cash,01/09/2025 22:09:29,
052ad0a8,38488d32,KG,1,3,171,02/09/2025,Cash,02/09/2025 10:47:43,
67341380,38488d48,KG,5,1,300,02/09/2025,Cash,02/09/2025 10:48:14,
5fbf2494,4340a96c,KG,0.5,1,35,02/09/2025,Cash,02/09/2025 11:45:24,
217a2a03,38488d38,KG,0.6,1,60,02/09/2025,Cash,02/09/2025 11:45:52,
f4843a0b,38488d34,KG,0.15,1,15,02/09/2025,Cash,02/09/2025 11:46:48,
5bc90345,38488d35,KG,0.15,1,10,02/09/2025,Cash,02/09/2025 11:47:10,
120c5210,7cfdeddd,KG,0.5,1,50,02/09/2025,Cash,02/09/2025 11:47:29,
e8732b5a,31170873,Piece,1,1,200,02/09/2025,Cash,02/09/2025 11:49:19,
ecfd6656,13a4f998,Piece,1,1,150,02/09/2025,Cash,02/09/2025 11:52:29,
5acc0258,8871a658,Piece,1,1,750,02/09/2025,Cash,02/09/2025 11:53:57,
fdf8e23c,38488d69,KG,0.25,1,110,02/09/2025,Cash,02/09/2025 17:59:03,
b978f249,38488d51,KG,1.25,1,350,02/09/2025,Cash,02/09/2025 18:04:03,
4959a4fe,38488d68,KG,1,1,120,02/09/2025,Cash,02/09/2025 18:05:03,
ea10f338,1fdb7a95,Piece,1,2,20,02/09/2025,Cash,02/09/2025 18:05:20,
555835c1,49bab0db,Piece,1,1,50,02/09/2025,Cash,02/09/2025 18:11:31,
a9d81bf1,38488d32,KG,0.5,4,116,02/09/2025,Cash,02/09/2025 19:55:14,
ff9690ea,38488d33,KG,2.5,1,150,02/09/2025,Cash,02/09/2025 20:52:56,
393cfce4,38488d34,KG,1,1,80,02/09/2025,Cash,02/09/2025 21:07:12,
c8642a4e,38488d84,KG,2,1,100,02/09/2025,Cash,02/09/2025 21:07:30,
e714673e,38488d37,KG,2,1,80,02/09/2025,Cash,02/09/2025 21:16:53,
e4f7d3ba,38488d63,KG,2,1,60,02/09/2025,Cash,02/09/2025 21:17:20,
d98dde02,533238d5,KG,1.5,1,60,02/09/2025,Cash,02/09/2025 21:18:50,
a5ee9c3b,38488d71,KG,3.7,1,90,02/09/2025,Cash,02/09/2025 21:19:23,
289585f4,66645b81,KG,2,1,60,02/09/2025,Cash,02/09/2025 21:20:19,
f1e707c4,7cfdeddd,KG,1.5,1,120,02/09/2025,Cash,02/09/2025 21:26:23,
349f60d8,38488d72,KG,1,1,60,02/09/2025,Cash,02/09/2025 21:27:49,
815eb3c4,38488d36,KG,2,1,140,02/09/2025,Cash,02/09/2025 21:28:19,
4d443685,38488d82,KG,1,1,60,02/09/2025,Cash,02/09/2025 21:29:26,
d4c21ba7,1cab637b,Piece,1,8,120,02/09/2025,Cash,02/09/2025 21:30:06,
1cd2b80d,38488d77,Piece,1,9,360,02/09/2025,Cash,02/09/2025 21:30:56,
4fd29dba,38488d78,KG,1,1,50,02/09/2025,Cash,02/09/2025 21:32:38,
4f406ff3,38488d32,Liter,0.5,4,116,03/09/2025,Cash,03/09/2025 16:30:50,
e60cbd35,38488d68,KG,0.5,1,50,03/09/2025,Cash,03/09/2025 18:01:28,
90d07478,38488d32,Liter,1,3,171,04/09/2025,Cash,04/09/2025 12:15:40,
a41f86dd,38488d38,KG,0.6,1,55,04/09/2025,Cash,04/09/2025 20:30:04,
d149d49d,e73a4f6b,Piece,1,5,120,04/09/2025,Cash,04/09/2025 20:49:16,
bbdf9b98,38488d58,Piece,1,4,40,04/09/2025,Cash,04/09/2025 20:50:12,
7b6d924a,38488d32,Liter,0.5,2,58,04/09/2025,Cash,04/09/2025 20:50:30,
fdbfb479,c4721744,Piece,1,1,70,04/09/2025,Cash,04/09/2025 22:00:08,
e112d51b,38488d32,Liter,1,3,171,05/09/2025,Cash,05/09/2025 09:14:11,
58c4bb7f,1870042c,KG,3,1,150,05/09/2025,Cash,05/09/2025 09:15:15,
2550b524,e5090a8d,KG,2,1,130,05/09/2025,Cash,05/09/2025 09:16:01,
10d32676,3f40d071,Piece,12,8,400,05/09/2025,Cash,05/09/2025 09:17:08,
31de4441,e73a4f6b,Piece,1,4,40,05/09/2025,Cash,05/09/2025 20:25:22,
354f27fe,38488d58,Piece,1,3,30,05/09/2025,Cash,05/09/2025 20:35:53,
a1c1d284,38488d32,Liter,1,3,171,06/09/2025,Cash,06/09/2025 11:56:57,
4c149af5,6b5d3659,KG,1,3,660,06/09/2025,Cash,06/09/2025 12:31:07,
a2b8bdd7,38488d51,KG,1.25,1,475,06/09/2025,Cash,06/09/2025 12:32:54,
abd55ecf,38488d68,KG,1,1,100,06/09/2025,Cash,06/09/2025 18:07:48,
8b7f450f,1870042c,KG,3,1,120,06/09/2025,Cash,06/09/2025 18:51:04,
e8092938,38488d54,KG,5,1,180,06/09/2025,Cash,06/09/2025 21:53:34,
559e53fd,3239911a,KG,2,1,200,06/09/2025,Cash,06/09/2025 21:54:16,
1b7d2fd1,38488d32,Liter,1,3,171,07/09/2025,Cash,07/09/2025 12:45:23,
c8c0ffc5,38488d48,KG,5,1,300,07/09/2025,Cash,07/09/2025 12:49:20,
4fe3ef51,38488d66,KG,3,2,180,07/09/2025,Cash,07/09/2025 12:50:56,
c3cf7ee9,2bdbfdb6,KG,1.25,1,125,07/09/2025,Cash,07/09/2025 12:51:33,
f7dae8b5,38488d50,,0.5,1,20,07/09/2025,Cash,07/09/2025 12:52:15,
479601a0,38488d42,Piece,1,2,140,07/09/2025,Cash,07/09/2025 16:33:19,
a801b1c9,38488d32,Liter,1,3,171,08/09/2025,Cash,08/09/2025 10:44:18,
34bb2074,38488d38,KG,0.4,1,40,08/09/2025,Cash,08/09/2025 10:44:34,
f7fb7304,c33be040,Piece,1,6,50,08/09/2025,Cash,08/09/2025 18:08:56,
986722cc,38488d75,Piece,1,4,40,08/09/2025,Cash,08/09/2025 18:11:22,
b720e0ea,469eea43,Piece,1,8,80,08/09/2025,Cash,08/09/2025 18:11:47,
ed88ec2c,6e1dad77,Piece,1,1,35,08/09/2025,Cash,08/09/2025 18:17:44,
aad8fbb0,38488d47,KG,25,1,570,08/09/2025,Cash,08/09/2025 18:20:08,
ede4a0f3,1870042c,KG,5,1,160,08/09/2025,Cash,08/09/2025 18:23:02,
af9610a5,38488d57,KG,3,1,120,08/09/2025,Cash,08/09/2025 18:24:39,
d3d5170c,38488d35,KG,0.25,1,20,08/09/2025,Cash,08/09/2025 19:39:01,
fcb12931,38488d37,KG,0.3,1,30,08/09/2025,Cash,08/09/2025 19:40:11,
2778649e,38488d34,KG,0.3,1,30,08/09/2025,Cash,08/09/2025 19:41:04,
81cf3821,38488d71,KG,1,1,40,08/09/2025,Cash,08/09/2025 19:41:44,
cb724ecc,38488d70,Piece,12,8,320,08/09/2025,Cash,08/09/2025 19:42:16,
702aef37,38488d84,KG,0.4,1,30,08/09/2025,Cash,08/09/2025 19:42:54,
ca1e609b,86ce16a9,KG,1,1,80,08/09/2025,Cash,08/09/2025 19:56:02,
912b3fcb,cae57605,Piece,1,2,20,08/09/2025,Cash,08/09/2025 19:57:11,
7b92c99d,38488d32,Liter,1,3,171,09/09/2025,Cash,09/09/2025 14:47:44,
c255af30,38488d48,KG,5,1,300,09/09/2025,Cash,09/09/2025 14:48:23,
b5a6585c,38488d71,KG,2.5,1,60,09/09/2025,Cash,09/09/2025 14:49:13,
6ec662a0,2f5f74e8,Piece,1,1,60,09/09/2025,Cash,09/09/2025 19:12:34,
71711f73,1fdb7a95,Piece,1,2,20,09/09/2025,Cash,09/09/2025 19:13:55,
92b944e0,38488d69,KG,0.25,1,110,09/09/2025,Cash,09/09/2025 19:15:55,
675675c0,38488d36,KG,1,1,80,09/09/2025,Cash,09/09/2025 21:51:47,
b6f9e511,38488d58,KG,1,1,165,09/09/2025,Cash,09/09/2025 21:52:04,
d02eed8c,38488d72,KG,0.25,1,40,09/09/2025,Cash,09/09/2025 21:52:32,
a2281b6c,38488d82,KG,1,1,80,09/09/2025,Cash,09/09/2025 21:53:07,
9f26eb58,7cfdeddd,KG,1,1,80,09/09/2025,Cash,09/09/2025 21:53:28,
c9c6e762,a31d5abb,KG,1,1,100,09/09/2025,Cash,09/09/2025 21:53:53,
987c67af,38488d63,KG,2,1,60,09/09/2025,Cash,09/09/2025 21:54:15,
ad11e2dc,38488d71,KG,3.3,1,60,09/09/2025,Cash,09/09/2025 21:55:52,
e560deab,38488d84,KG,1.5,1,60,09/09/2025,Cash,09/09/2025 21:56:29,
2d4678a5,1cab637b,KG,1.25,1,100,09/09/2025,Cash,09/09/2025 21:56:52,
bd856f60,533238d5,KG,2,1,80,09/09/2025,Cash,09/09/2025 21:57:32,
bfbf8e08,1905cc15,KG,2,1,100,09/09/2025,Cash,09/09/2025 21:57:58,
76a3a0e5,ee4c7cc6,KG,1,1,100,09/09/2025,Cash,09/09/2025 21:58:15,
f89a5e7b,524a0b85,Piece,12,1,100,09/09/2025,Cash,09/09/2025 21:58:49,
0a277ab6,524a0b85,Piece,1,5,50,09/09/2025,Cash,09/09/2025 21:59:49,
53acd3b9,38488d32,Liter,1,3,171,10/09/2025,Cash,10/09/2025 09:29:36,
e37d0b9f,dea6a6c9,Piece,1,1,220,10/09/2025,Cash,10/09/2025 18:06:22,
e67e438f,6eac27e1,Piece,1,2,120,10/09/2025,Cash,10/09/2025 18:06:49,
a8cbdfc0,8fe4d6eb,Piece,1,1,30,10/09/2025,Cash,10/09/2025 21:12:31,
78af72de,38488d32,Liter,1,3,171,11/09/2025,Cash,11/09/2025 09:31:11,
ee2a8d2b,38488d72,KG,0.25,1,40,11/09/2025,Cash,11/09/2025 09:31:38,
b8b27419,38488d35,KG,0.25,1,20,11/09/2025,Cash,11/09/2025 09:32:00,
db8264a8,38488d34,KG,0.15,1,20,11/09/2025,Cash,11/09/2025 09:32:43,
d366166e,38488d68,KG,0.5,1,60,11/09/2025,Cash,11/09/2025 09:33:35,
f18bd263,3f5a9999,KG,5,1,300,11/09/2025,Cash,11/09/2025 18:21:45,
881104f9,9130d9d3,Piece,1,1,150,11/09/2025,Cash,11/09/2025 18:22:40,
38b4895b,e091ecdf,Piece,1,1,250,11/09/2025,Cash,11/09/2025 18:24:11,
ecc785f1,fb323e8d,Piece,1,1,55,11/09/2025,Cash,11/09/2025 20:37:55,
015eafd1,38488d32,Liter,1,3,171,12/09/2025,Cash,12/09/2025 12:45:28,
1d035a78,38488d48,KG,5,1,300,12/09/2025,Cash,12/09/2025 12:47:38,
c3d5e064,38488d47,KG,30,1,660,12/09/2025,Cash,12/09/2025 12:48:46,
ff250b8f,a92f80eb,KG,50,1,750,12/09/2025,Cash,12/09/2025 12:51:52,
3013a2e6,1870042c,KG,5,1,150,12/09/2025,Cash,12/09/2025 12:52:55,
884bd456,38488d62,KG,1,4,240,12/09/2025,Cash,12/09/2025 17:50:25,
eea6397e,2c4d95ef,KG,0.3,1,40,12/09/2025,Cash,12/09/2025 17:51:18,
5ac2d0cc,2f5f74e8,Piece,1,1,50,12/09/2025,Cash,12/09/2025 17:52:21,
a6b67090,ee72568a,Piece,1,2,20,12/09/2025,Cash,12/09/2025 17:52:45,
3377ad4d,38488d63,KG,1.5,1,60,12/09/2025,Cash,12/09/2025 17:54:08,
cadf26c6,38488d57,KG,0.4,1,20,12/09/2025,Cash,12/09/2025 17:54:29,
a356812a,38488d35,KG,0.3,1,20,12/09/2025,Cash,12/09/2025 17:55:23,
e76f262b,38488d68,KG,1,1,150,12/09/2025,Cash,12/09/2025 17:57:00,
0e0dc377,38488d62,KG,1,1,60,12/09/2025,Cash,12/09/2025 20:48:48,
0d93cce8,e73a4f6b,Piece,1,4,40,12/09/2025,Cash,12/09/2025 21:30:29,
4ad527b3,557cb1a3,Piece,1,3,60,12/09/2025,Cash,12/09/2025 21:30:52,
f008e6a1,c7726c4c,Piece,1,1,60,12/09/2025,Cash,12/09/2025 21:31:45,
ee3c12c3,38488d32,Liter,1,3,171,13/09/2025,Cash,13/09/2025 12:26:08,
9b3e7655,38488d38,KG,0.6,1,55,13/09/2025,Cash,13/09/2025 12:26:31,
416eef1d,38488d43,KG,0.5,5,50,13/09/2025,Cash,13/09/2025 19:10:30,
4dfd4307,38488d66,KG,3.3,2,130,13/09/2025,Cash,13/09/2025 22:03:12,
1ca30f4c,38488d32,Liter,1,3,171,14/09/2025,Cash,14/09/2025 10:18:44,
a1986cb6,38488d35,KG,0.1,1,20,14/09/2025,Cash,14/09/2025 10:18:58,
97de8bcf,38488d39,KG,1,1,40,14/09/2025,Cash,14/09/2025 18:06:38,
dc69e8c6,38488d34,KG,0.15,1,15,14/09/2025,Cash,14/09/2025 18:07:02,
92916311,38488d37,KG,0.5,1,30,14/09/2025,Cash,14/09/2025 18:07:52,
61a06095,38488d80,KG,1,1,50,14/09/2025,Cash,14/09/2025 18:09:15,
8b211b42,38488d32,Liter,1,3,171,15/09/2025,Cash,15/09/2025 11:13:50,
4c371984,38488d48,KG,5,1,300,15/09/2025,Cash,15/09/2025 11:15:46,
ad7dbed6,38488d63,KG,2,1,80,15/09/2025,Cash,15/09/2025 11:16:16,
beff73fa,38488d72,KG,0.25,1,50,15/09/2025,Cash,15/09/2025 11:17:11,
8b39a554,38488d38,KG,0.6,1,55,15/09/2025,Cash,15/09/2025 11:17:46,
37a0d55e,38488d33,KG,2,1,160,15/09/2025,Cash,15/09/2025 19:57:59,
9c31ce17,c33be040,Piece,1,6,50,15/09/2025,Cash,15/09/2025 19:58:19,
3aa22886,38488d60,KG,0.5,1,100,15/09/2025,Cash,15/09/2025 21:56:16,
f1674fa3,38488d59,KG,0.5,1,80,15/09/2025,Cash,15/09/2025 21:58:03,
e5f1d280,38488d32,Liter,1,3,171,16/09/2025,Cash,16/09/2025 11:14:42,
ec578005,38488d34,KG,0.15,1,15,16/09/2025,Cash,16/09/2025 11:15:13,
32dfd2e7,38488d35,KG,0.15,1,10,16/09/2025,Cash,16/09/2025 11:16:05,
66d0cb6a,38488d38,KG,0.6,1,55,16/09/2025,Cash,16/09/2025 11:16:35,
32af7383,1870042c,KG,3,1,100,16/09/2025,Cash,16/09/2025 11:17:50,
b9e2fe79,49bab0db,Piece,2,1,50,16/09/2025,Cash,16/09/2025 13:00:58,
1a56f5e4,1fdb7a95,Piece,1,2,20,16/09/2025,Cash,16/09/2025 19:50:25,
a7421962,38488d69,KG,0.25,1,110,16/09/2025,Cash,16/09/2025 19:55:19,
7eec6623,1870042c,KG,5,1,120,16/09/2025,Cash,16/09/2025 19:56:47,
6998e68a,6e08e9a1,Piece,1,1,100,16/09/2025,Cash,16/09/2025 19:57:25,
0fe0af3a,3ed563fc,Piece,1,10,300,16/09/2025,Cash,16/09/2025 20:00:06,
5c6537e4,090f0992,KG,0.75,3,180,16/09/2025,Cash,16/09/2025 20:01:18,
ac1bcc68,38488d78,KG,1,1,50,16/09/2025,Cash,16/09/2025 20:02:40,
024fc6b8,38488d36,KG,1.5,1,100,16/09/2025,Cash,16/09/2025 21:34:00,
f68032c6,38488d72,KG,0.5,1,60,16/09/2025,Cash,16/09/2025 21:34:30,
21102c4f,38488d37,KG,2.5,1,100,16/09/2025,Cash,16/09/2025 21:35:19,
275b515f,38488d33,KG,4,1,240,16/09/2025,Cash,16/09/2025 21:35:39,
26476516,38488d63,KG,2,1,50,16/09/2025,Cash,16/09/2025 21:38:42,
95b30d66,38488d82,KG,1.5,1,90,16/09/2025,Cash,16/09/2025 21:39:10,
fdcbb9a4,1cab637b,Piece,1,8,120,16/09/2025,Cash,16/09/2025 21:39:39,
e7bafb27,7cfdeddd,KG,1,1,70,16/09/2025,Cash,16/09/2025 21:41:32,
4a6c6457,533238d5,KG,2,1,80,16/09/2025,Cash,16/09/2025 21:42:41,
294bf27c,38488d84,KG,1.5,1,60,16/09/2025,Cash,16/09/2025 21:43:03,
ad966585,1905cc15,KG,1.5,1,60,16/09/2025,Cash,16/09/2025 21:43:26,
7aa3ed3e,38488d32,Liter,0.5,6,116,17/09/2025,Cash,17/09/2025 13:54:12,
f0a8128e,38488d32,KG,0.5,2,58,17/09/2025,Cash,17/09/2025 21:45:54,
34f92a08,38488d32,Liter,1,3,171,18/09/2025,Cash,18/09/2025 12:34:15,
2249b824,38488d48,KG,5,1,300,18/09/2025,Cash,18/09/2025 12:34:31,
dde1fda7,38488d34,KG,0.15,1,20,18/09/2025,Cash,18/09/2025 12:35:17,
6757b509,38488d35,KG,0.25,1,20,18/09/2025,Cash,18/09/2025 12:35:50,
b8af4ba3,38488d71,KG,1,1,30,18/09/2025,Cash,18/09/2025 19:16:27,
b0f1f277,38488d70,Piece,12,7,280,18/09/2025,Cash,18/09/2025 19:17:53,
f9286390,cae57605,Piece,1,2,20,18/09/2025,Cash,18/09/2025 21:40:10,
fcaa2653,38488d47,KG,30,1,660,19/09/2025,Cash,19/09/2025 13:38:49,
aa901fbb,1870042c,KG,5,1,140,19/09/2025,Cash,19/09/2025 13:39:22,
d58caa45,38488d32,KG,0.5,6,174,19/09/2025,Cash,19/09/2025 16:42:14,
ba704593,38488d57,KG,3,1,120,19/09/2025,Cash,19/09/2025 18:09:26,
16ad9508,38488d32,KG,0.5,4,116,20/09/2025,Cash,20/09/2025 19:18:18,
ef26a201,38488d38,Liter,0.6,1,55,20/09/2025,Cash,20/09/2025 19:18:48,
5ec0831a,38488d74,KG,4,1,120,20/09/2025,Cash,20/09/2025 19:19:18,
f5d51799,38488d54,KG,5,1,180,20/09/2025,Cash,20/09/2025 19:20:59,
2bf86aa2,368c1858,Piece,1,1,80,20/09/2025,Cash,20/09/2025 19:21:21,
7bfca5f1,557cb1a3,Piece,1,3,60,20/09/2025,Cash,20/09/2025 21:07:00,
cf787ca2,38488d32,Liter,1,2,114,21/09/2025,Cash,21/09/2025 15:42:54,
84b514dd,38488d66,KG,3.5,2,180,21/09/2025,Cash,21/09/2025 15:44:27,
4259f117,38488d39,KG,0.6,1,30,21/09/2025,Cash,21/09/2025 15:47:24,
80f0975f,c4721744,Piece,1,2,80,21/09/2025,Cash,21/09/2025 15:47:58,
9572d432,38488d42,Piece,1,2,140,21/09/2025,Cash,21/09/2025 19:51:47,
613a575f,38488d32,Liter,1,3,171,22/09/2025,Cash,22/09/2025 12:25:27,
47834fbe,e9fd60e0,Piece,12,1,60,22/09/2025,Cash,22/09/2025 13:06:59,
e1203367,b011f24c,KG,1,1,120,22/09/2025,Cash,22/09/2025 13:07:20,
5fbc79b4,38488d32,Piece,1,2,114,22/09/2025,Cash,22/09/2025 18:26:47,
1831e9b4,38488d48,KG,5,1,300,22/09/2025,Cash,22/09/2025 18:46:05,
58acb470,e73a4f6b,Piece,1,4,20,22/09/2025,Cash,22/09/2025 19:44:30,
45d25f7c,114f9996,Piece,1,1,18,22/09/2025,Cash,22/09/2025 20:13:22,
e86e0fab,38488d32,Liter,1,3,171,23/09/2025,Cash,23/09/2025 10:53:41,
2520e6cc,2174fb78,KG,1,1,80,23/09/2025,Cash,23/09/2025 10:54:48,
57d10fb4,7cfdeddd,KG,0.5,1,40,23/09/2025,Cash,23/09/2025 10:55:09,
b54ab81b,3f40d071,Piece,12,8,400,23/09/2025,Cash,23/09/2025 10:55:45,
fa759b2b,93b88f5b,Piece,100,2,180,23/09/2025,Cash,23/09/2025 11:50:15,
7d149312,1870042c,KG,1,1,30,23/09/2025,Cash,23/09/2025 18:32:16,
ccef08d3,38488d32,KG,0.5,4,116,23/09/2025,Cash,23/09/2025 18:34:56,
c6a10e98,1fdb7a95,Piece,1,2,20,23/09/2025,Cash,23/09/2025 18:35:13,
f6a02bb1,38488d69,KG,0.25,1,110,23/09/2025,Cash,23/09/2025 18:37:56,
b71eb39f,f0b3998d,Piece,1,1,10,23/09/2025,Cash,23/09/2025 20:05:53,
8541bbb1,38488d36,KG,1,1,70,23/09/2025,Cash,23/09/2025 21:11:06,
b8d2d6c1,38488d37,KG,2,1,90,23/09/2025,Cash,23/09/2025 21:15:22,
7740516f,38488d84,KG,2,1,100,23/09/2025,Cash,23/09/2025 21:18:05,
be14c2a0,38488d63,KG,2,1,60,23/09/2025,Cash,23/09/2025 21:18:30,
3dbf53f8,38488d33,KG,2,1,120,23/09/2025,Cash,23/09/2025 21:20:13,
4e504a89,38488d72,KG,0.5,1,70,23/09/2025,Cash,23/09/2025 21:20:56,
a72da360,a31d5abb,KG,1,1,100,23/09/2025,Cash,23/09/2025 21:25:13,
502c8857,1cab637b,Piece,1,8,120,23/09/2025,Cash,23/09/2025 21:36:46,
7d1e5f36,1870042c,KG,5,1,140,23/09/2025,Cash,23/09/2025 21:41:23,
181d1834,7cfdeddd,KG,1,1,70,23/09/2025,Cash,23/09/2025 21:59:33,
2b250bec,38488d33,KG,1.5,1,60,23/09/2025,Cash,23/09/2025 22:06:03,
d45fe74e,38488d40,KG,1,1,80,23/09/2025,Cash,23/09/2025 22:06:21,
a4eead05,8ad7d3d3,Piece,1,1,90,23/09/2025,Cash,23/09/2025 22:30:49,
6c348951,c33be040,Piece,1,6,50,23/09/2025,Cash,23/09/2025 22:35:56,
0099f25d,38488d32,KG,0.5,4,116,24/09/2025,Cash,24/09/2025 16:59:36,
c9dbdecf,6b933f19,Piece,40,2,115,24/09/2025,Cash,24/09/2025 17:00:46,
acc9ca76,38488d68,KG,0.5,1,50,24/09/2025,Cash,24/09/2025 18:29:13,
9a74cfb6,38488d32,KG,1,3,171,25/09/2025,Cash,25/09/2025 12:59:43,
e2ece82a,38488d68,KG,0.5,1,80,25/09/2025,Cash,25/09/2025 13:09:34,
ed08b904,38488d61,KG,0.25,1,105,25/09/2025,Cash,25/09/2025 13:10:34,
44329d66,8292d135,Piece,1,2,50,25/09/2025,Cash,25/09/2025 19:43:02,
c80b33f6,38488d32,Liter,1,3,171,26/09/2025,Cash,26/09/2025 11:46:05,
cdfd99af,38488d48,KG,5,1,300,26/09/2025,Cash,26/09/2025 11:46:24,
5ff756ff,38488d38,KG,0.6,1,55,26/09/2025,Cash,26/09/2025 11:46:58,
3f2d93da,38488d32,KG,0.5,1,116,26/09/2025,Cash,26/09/2025 19:09:00,
2e32b407,30b20781,Piece,1,3,600,26/09/2025,Cash,26/09/2025 19:11:20,
e6d66fcc,dea6a6c9,Piece,1,1,220,26/09/2025,Cash,26/09/2025 19:26:24,
5e4ecc4a,ed69c25d,Piece,1,3,90,26/09/2025,Cash,26/09/2025 19:26:49,
007a1f47,f4eeda21,Piece,1,1,10,26/09/2025,Cash,26/09/2025 19:27:20,
06b78a26,1870042c,KG,5,1,150,26/09/2025,Cash,26/09/2025 20:06:34,
b6bb135d,38488d32,Liter,1,3,171,27/09/2025,Cash,27/09/2025 16:07:13,
1c8dc6d2,38488d50,KG,1,1,50,27/09/2025,Cash,27/09/2025 16:07:42,
ebd662ae,a92f80eb,KG,55,1,820,27/09/2025,Cash,27/09/2025 16:08:10,
c26c4526,38488d47,KG,30,1,720,27/09/2025,Cash,27/09/2025 16:11:23,
7ecf00f8,8fe4d6eb,Piece,1,1,100,27/09/2025,Cash,27/09/2025 16:13:22,
5b99c392,e158083a,Piece,1,1,150,27/09/2025,Cash,27/09/2025 16:14:39,
8769db1a,38488d61,KG,0.5,1,180,27/09/2025,Cash,27/09/2025 21:36:24,
4d2b9343,074f02cb,Piece,1,2,90,27/09/2025,Cash,27/09/2025 21:42:00,
b573fa35,38488d32,Liter,1,3,171,28/09/2025,Cash,28/09/2025 14:20:52,
77964fc1,38488d66,KG,3.5,2,210,28/09/2025,Cash,28/09/2025 17:21:47,
123bf696,38488d50,KG,0.5,1,40,28/09/2025,Cash,28/09/2025 17:24:47,
62ab8fab,38488d82,KG,0.6,1,50,28/09/2025,Cash,28/09/2025 17:25:19,
54a3199d,2bdbfdb6,KG,1.25,1,125,28/09/2025,Cash,28/09/2025 17:26:19,
6bef1ce9,38488d42,Piece,1,1,70,28/09/2025,Cash,28/09/2025 22:50:04,
4138c91a,38488d32,Liter,1,3,171,29/09/2025,Cash,29/09/2025 08:57:07,
94fa9d6e,38488d36,KG,0.5,1,50,29/09/2025,Cash,29/09/2025 08:57:26,
e97adbc4,38488d72,KG,0.25,1,60,29/09/2025,Cash,29/09/2025 08:57:41,
f5718675,38488d38,KG,0.6,1,55,29/09/2025,Cash,29/09/2025 08:59:10,
2df9ce3c,38488d57,KG,4,1,140,29/09/2025,Cash,29/09/2025 18:47:02,
a36c178a,38488d48,Piece,1,1,20,29/09/2025,Cash,29/09/2025 18:48:17,
8203df57,1870042c,KG,5,1,150,29/09/2025,Cash,29/09/2025 19:32:07,
035d3f8b,38488d32,Liter,1,3,171,30/09/2025,Cash,30/09/2025 07:43:47,
dc52da67,38488d48,KG,5,1,300,30/09/2025,Cash,30/09/2025 07:44:09,
6315269f,38488d68,KG,0.5,2,160,30/09/2025,Cash,30/09/2025 07:44:36,
76a483ec,38488d51,KG,1,1,280,30/09/2025,Cash,30/09/2025 07:45:29,
cc9dc3c0,4340a96c,KG,0.5,2,60,30/09/2025,Cash,30/09/2025 07:46:17,
2da87444,38488d34,KG,0.5,1,50,30/09/2025,Cash,30/09/2025 18:16:39,
131c1fa9,38488d36,KG,1,1,80,30/09/2025,Cash,30/09/2025 21:19:56,
6d432139,38488d66,KG,3,1,120,30/09/2025,Cash,30/09/2025 21:20:28,
19e545c3,7cfdeddd,KG,1,1,70,30/09/2025,Cash,30/09/2025 21:23:25,
112bac18,38488d84,KG,0.75,1,30,30/09/2025,Cash,30/09/2025 21:24:08,
693aa3ad,38488d52,Piece,1,1,70,30/09/2025,Cash,30/09/2025 21:28:10,
80cbe37c,38488d51,KG,1,1,280,30/09/2025,Cash,30/09/2025 22:39:36,
b9d78964,38488d32,Liter,1,3,171,01/10/2025,Cash,01/10/2025 14:17:30,
881ad7d3,38488d43,KG,0.5,6,60,01/10/2025,Cash,01/10/2025 14:21:05,
13428906,38488d68,KG,1,1,120,01/10/2025,Cash,01/10/2025 17:38:51,
c4bc9744,38488d51,KG,1,1,280,01/10/2025,Cash,01/10/2025 17:41:16,
26866fd4,38488d50,KG,0.6,1,40,01/10/2025,Cash,01/10/2025 23:37:37,
bad298cf,01a89f1a,Piece,1,2,20,01/10/2025,Cash,01/10/2025 23:39:00,
15da3737,38488d32,Liter,1,3,171,02/10/2025,Cash,02/10/2025 10:42:27,
43c3ae5f,38488d68,KG,0.5,2,170,02/10/2025,Cash,02/10/2025 10:43:03,
c7de7757,38488d33,KG,0.5,1,50,02/10/2025,Cash,02/10/2025 10:45:16,
628ed5eb,38488d37,KG,1.25,1,60,02/10/2025,Cash,02/10/2025 10:45:49,
c481ada7,38488d34,KG,0.25,1,30,02/10/2025,Cash,02/10/2025 10:48:47,
087b793c,38488d35,KG,0.25,1,10,02/10/2025,Cash,02/10/2025 10:49:14,
2f28129e,38488d40,KG,0.15,1,20,02/10/2025,Cash,02/10/2025 10:50:12,
71d70653,38488d66,KG,2,1,140,02/10/2025,Cash,02/10/2025 10:51:27,
59608474,1870042c,KG,2,1,80,02/10/2025,Cash,02/10/2025 16:30:56,
a88abcbb,c33be040,Piece,1,6,50,02/10/2025,Cash,02/10/2025 16:34:18,
4f21a899,b32f2f36,Piece,1,1,45,02/10/2025,Cash,02/10/2025 16:39:25,
3aec24b0,38488d32,KG,0.5,4,116,02/10/2025,Cash,02/10/2025 16:46:03,
85a7a0aa,38488d32,Liter,1,3,171,03/10/2025,Cash,03/10/2025 13:53:01,
d87f0710,38488d72,KG,0.25,1,60,03/10/2025,Cash,03/10/2025 13:53:36,
bbbcee32,38488d82,KG,0.5,1,40,03/10/2025,Cash,03/10/2025 13:54:29,
7431caac,38488d63,KG,1.5,1,60,03/10/2025,Cash,03/10/2025 14:01:01,
b64ea3dd,8fe4d6eb,Piece,1,1,100,03/10/2025,Cash,03/10/2025 14:01:33,
65838a46,533238d5,KG,3,1,120,03/10/2025,Cash,03/10/2025 14:02:12,
f8d0faa6,72333f40,KG,0.5,1,70,03/10/2025,Cash,03/10/2025 14:19:37,
4abdfa30,1d9fc2aa,Piece,1,1,10,03/10/2025,Cash,03/10/2025 21:47:05,
76190984,38488d32,Liter,0.5,4,116,04/10/2025,Cash,04/10/2025 16:27:07,
19e69fa7,4340a96c,KG,0.5,2,70,04/10/2025,Cash,04/10/2025 16:29:37,
6347dd10,31170873,Piece,1,1,200,04/10/2025,Cash,04/10/2025 16:34:12,
085b3648,38488d43,KG,0.5,5,50,04/10/2025,Cash,04/10/2025 18:11:46,
5826c0fe,5ad61e4e,KG,1,1,50,04/10/2025,Cash,04/10/2025 21:04:52,
8f797fc1,1870042c,KG,5,1,150,04/10/2025,Cash,04/10/2025 21:22:19,
5504804c,38488d32,Liter,1,3,171,05/10/2025,Cash,05/10/2025 18:21:20,
10d5928f,38488d39,KG,1,1,50,05/10/2025,Cash,05/10/2025 18:21:40,
fda4c05d,38488d32,Liter,1,2,114,06/10/2025,Cash,06/10/2025 11:06:34,
7a12afec,38488d48,KG,5,1,300,06/10/2025,Cash,06/10/2025 11:07:21,
e9f53b0c,38488d84,KG,3,1,100,06/10/2025,Cash,06/10/2025 18:09:04,
3733e7e9,38488d68,KG,0.5,1,60,06/10/2025,Cash,06/10/2025 18:10:03,
1e94c147,38488d47,KG,30,1,700,06/10/2025,Cash,06/10/2025 19:50:14,
07f091cf,38488d32,KG,0.5,2,58,06/10/2025,Cash,06/10/2025 21:29:21,
b74a67ea,1fdb7a95,,1,2,20,06/10/2025,Cash,06/10/2025 21:30:32,
997464fa,38488d32,KG,0.5,4,116,07/10/2025,Cash,07/10/2025 16:58:20,
25f7c9df,e3c0fff2,KG,1,1,80,07/10/2025,Cash,07/10/2025 18:30:09,
77d81a7e,38488d69,KG,0.25,1,110,07/10/2025,Cash,07/10/2025 18:32:18,
16dc537a,38488d32,KG,0.5,4,116,07/10/2025,Cash,07/10/2025 18:32:58,
a733437d,7836518d,Piece,1,3,30,07/10/2025,Cash,07/10/2025 19:52:25,
30770065,e73a4f6b,Piece,1,1,10,07/10/2025,Cash,07/10/2025 19:53:49,
06c0cf6f,38488d36,KG,1,1,100,07/10/2025,Cash,07/10/2025 21:13:12,
f967214d,38488d40,KG,1,1,100,07/10/2025,Cash,07/10/2025 21:13:28,
0d889965,38488d71,KG,3,1,100,07/10/2025,Cash,07/10/2025 21:13:51,
5c5f75aa,38488d72,KG,0.5,1,90,07/10/2025,Cash,07/10/2025 21:14:25,
fc4585ff,38488d82,KG,1,1,70,07/10/2025,Cash,07/10/2025 21:14:57,
dd6dd1ad,7cfdeddd,KG,1,1,70,07/10/2025,Cash,07/10/2025 21:15:21,
36431bb0,38488d84,KG,3,1,100,07/10/2025,Cash,07/10/2025 21:16:13,
c313a53c,38488d34,KG,1,1,80,07/10/2025,Cash,07/10/2025 21:17:28,
e5f1c7ba,66645b81,KG,3,1,90,07/10/2025,Cash,07/10/2025 21:18:25,
2af4a057,1cab637b,Piece,1,8,120,07/10/2025,Cash,07/10/2025 21:19:03,
c2fa935a,a31d5abb,KG,1,1,100,07/10/2025,Cash,07/10/2025 21:19:33,
4a801d04,1870042c,KG,5,1,120,07/10/2025,Cash,07/10/2025 21:31:10,
6a655a5a,38488d60,KG,0.5,1,80,07/10/2025,Cash,07/10/2025 22:07:59,
54c88c14,38488d59,KG,0.5,1,80,07/10/2025,Cash,07/10/2025 22:09:11,
ec866ba6,38488d32,KG,1,3,171,08/10/2025,Cash,08/10/2025 10:17:05,
dfe0f8b2,38488d38,KG,0.6,1,110,08/10/2025,Cash,08/10/2025 10:17:19,
a88a2171,38488d32,KG,1,3,171,09/10/2025,Cash,09/10/2025 19:03:00,
2f13dc3c,38488d48,KG,5,1,300,09/10/2025,Cash,09/10/2025 19:04:18,
88614ee3,ddf1607d,Piece,1,1,45,09/10/2025,Cash,09/10/2025 19:04:41,
1382f5ea,c33be040,Piece,1,6,50,09/10/2025,Cash,09/10/2025 20:46:48,
b36234d8,e73a4f6b,Piece,1,1,10,09/10/2025,Cash,09/10/2025 20:47:45,
33bdb82f,38488d57,KG,3,1,120,09/10/2025,Cash,09/10/2025 21:57:42,
1e9be060,38488d32,KG,0.5,4,116,10/10/2025,Cash,10/10/2025 17:55:24,
0b6a49fc,38488d43,KG,0.5,6,60,10/10/2025,Cash,10/10/2025 17:56:03,
f0b5e409,1870042c,KG,5,1,130,10/10/2025,Cash,10/10/2025 21:44:36,
7510c8d1,e73a4f6b,Piece,1,1,10,10/10/2025,Cash,10/10/2025 21:55:05,
6d8b58f5,38488d32,Liter,1,3,171,11/10/2025,Cash,11/10/2025 10:15:45,
d0477037,38488d50,KG,1,1,50,11/10/2025,Cash,11/10/2025 10:24:59,
3fa24708,38488d38,KG,0.6,1,55,11/10/2025,Cash,11/10/2025 10:26:42,
e754c626,608e4a15,Piece,1,1,250,11/10/2025,Cash,11/10/2025 13:06:17,
10c489a6,1266f89f,Piece,1,2,1000,11/10/2025,Cash,11/10/2025 18:38:26,
d245d182,38488d42,Piece,1,2,60,11/10/2025,Cash,11/10/2025 20:13:37,
3baaf1a2,38488d74,KG,3.5,1,120,11/10/2025,Cash,11/10/2025 21:26:09,
6302bf3d,38488d32,Liter,1,2,114,12/10/2025,Cash,12/10/2025 10:42:29,
de752a61,38488d39,KG,0.7,1,20,12/10/2025,Cash,12/10/2025 10:43:44,
5388dff0,38488d68,KG,1,1,120,12/10/2025,Cash,12/10/2025 10:46:19,
139ec178,38488d51,KG,1,1,280,12/10/2025,Cash,12/10/2025 10:47:31,
451da23b,38488d66,KG,3,2,150,12/10/2025,Cash,12/10/2025 10:48:15,
7968b629,f938eda1,Piece,1,4,100,12/10/2025,Cash,12/10/2025 13:40:52,
bacc73b9,89e823ea,KG,0.5,4,340,12/10/2025,Cash,12/10/2025 13:43:21,
5024aa96,38488d78,KG,1,1,50,12/10/2025,Cash,12/10/2025 13:44:15,
e1add73b,38488d42,Piece,1,2,140,12/10/2025,Cash,12/10/2025 20:37:33,
49bfe233,38488d32,Liter,1,3,171,13/10/2025,Cash,13/10/2025 10:40:42,
cc72c195,38488d48,KG,5,1,300,13/10/2025,Cash,13/10/2025 10:41:50,
6d5102f3,38488d38,KG,0.6,1,55,13/10/2025,Cash,13/10/2025 10:42:29,
a2b5296b,38488d35,KG,0.25,1,20,13/10/2025,Cash,13/10/2025 16:46:49,
98993637,38488d57,KG,0.25,1,20,13/10/2025,Cash,13/10/2025 16:47:13,
50fb1edf,38488d63,KG,1.25,1,50,13/10/2025,Cash,13/10/2025 16:47:36,
5c0a571e,38488d62,KG,1,4,240,13/10/2025,Cash,13/10/2025 16:48:46,
010e231e,2c4d95ef,KG,0.25,1,40,13/10/2025,Cash,13/10/2025 16:50:11,
b9bde771,2f5f74e8,Piece,1,1,50,13/10/2025,Cash,13/10/2025 16:50:39,
712457a4,ee72568a,Piece,1,2,20,13/10/2025,Cash,13/10/2025 16:54:09,
c75c6850,38488d68,KG,0.5,2,160,13/10/2025,Cash,13/10/2025 16:54:33,
04a0b813,38488d70,Piece,12,8,300,13/10/2025,Cash,13/10/2025 19:14:37,
4132d633,38488d33,KG,0.5,1,50,13/10/2025,Cash,13/10/2025 19:18:25,
d264947e,38488d34,KG,0.25,1,30,13/10/2025,Cash,13/10/2025 19:19:11,
cd04a0e6,38488d37,KG,0.5,1,40,13/10/2025,Cash,13/10/2025 19:19:25,
c2c51cda,38488d71,KG,1,1,40,13/10/2025,Cash,13/10/2025 19:19:48,
e4ab9d7b,38488d35,KG,0.15,1,10,13/10/2025,Cash,13/10/2025 19:20:11,
5d2e3680,38488d84,KG,0.25,1,15,13/10/2025,Cash,13/10/2025 19:20:43,
436180fb,e73a4f6b,Piece,1,2,20,13/10/2025,Cash,13/10/2025 20:43:34,
27a073a3,38488d62,KG,1,1,60,13/10/2025,Cash,13/10/2025 20:54:11,
135438f4,cae57605,Piece,1,2,20,13/10/2025,Cash,13/10/2025 21:45:27,
9e36642e,38488d32,Liter,1,3,171,14/10/2025,Cash,14/10/2025 10:19:42,
174b3722,38488d36,KG,0.25,1,30,14/10/2025,Cash,14/10/2025 10:20:00,
9d2ace99,38488d63,KG,1.8,1,70,14/10/2025,Cash,14/10/2025 10:20:34,
4cba5e06,7cfdeddd,KG,0.5,1,40,14/10/2025,Cash,14/10/2025 10:21:07,
5dafd5b6,1870042c,KG,0.5,1,20,14/10/2025,Cash,14/10/2025 18:32:25,
3ed1966a,38488d69,KG,0.25,1,110,14/10/2025,Cash,14/10/2025 18:33:00,
ab628973,2f5f74e8,Piece,1,1,60,14/10/2025,Cash,14/10/2025 18:34:32,
267f7e98,38488d36,KG,1,1,100,14/10/2025,Cash,14/10/2025 21:03:45,
30decdfd,38488d82,KG,1,1,70,14/10/2025,Cash,14/10/2025 21:04:05,
5f236c68,7cfdeddd,KG,1,1,60,14/10/2025,Cash,14/10/2025 21:04:41,
f2654252,5040fe86,KG,4,1,120,14/10/2025,Cash,14/10/2025 21:06:57,
aeb08a61,66645b81,KG,3,1,90,14/10/2025,Cash,14/10/2025 22:20:46,
c50ced8d,38488d84,KG,1,1,40,14/10/2025,Cash,14/10/2025 22:21:48,
69351701,ee4c7cc6,KG,1,2,200,14/10/2025,Cash,14/10/2025 22:22:38,
2ededa49,01a89f1a,Piece,1,3,30,14/10/2025,Cash,14/10/2025 22:24:12,
25ad0963,1cab637b,Piece,1,8,120,14/10/2025,Cash,14/10/2025 22:25:01,
99cf22df,0c53ef5a,KG,1,1,70,14/10/2025,Cash,15/10/2025 08:57:06,
787d813c,38488d32,Liter,1,3,171,15/10/2025,Cash,15/10/2025 09:06:51,
548f7d20,38488d72,KG,0.25,1,70,15/10/2025,Cash,15/10/2025 09:07:10,
96b90fd9,38488d32,Liter,0.5,4,116,16/10/2025,Cash,16/10/2025 17:39:16,
8831e47a,38488d38,KG,0.6,1,55,16/10/2025,Cash,16/10/2025 17:39:41,
acd0856a,38488d32,Liter,1,2,114,17/10/2025,Cash,17/10/2025 11:16:40,
5583ac2e,38488d48,KG,1,1,77,17/10/2025,Cash,17/10/2025 11:17:42,
4552123d,38488d72,KG,0.25,1,60,17/10/2025,Cash,17/10/2025 11:18:13,
1325ebb5,38488d51,KG,0.5,1,140,17/10/2025,Cash,17/10/2025 11:19:14,
4eede1ae,38488d38,KG,0.6,1,55,17/10/2025,Cash,17/10/2025 11:19:48,
d089701c,1870042c,KG,5,1,150,17/10/2025,Cash,17/10/2025 13:05:26,
b39a4e17,a92f80eb,KG,50,1,750,17/10/2025,Cash,17/10/2025 13:05:53,
d8342819,38488d47,KG,30,1,660,17/10/2025,Cash,17/10/2025 13:06:57,
e1a0971a,0390b81d,Piece,1,2,120,17/10/2025,Cash,17/10/2025 19:42:40,
8fd13196,38488d68,KG,1,1,120,17/10/2025,Cash,17/10/2025 19:43:41,
dfe68d05,4cb0d65e,Piece,1,1,80,17/10/2025,Cash,17/10/2025 20:51:52,
5dd4de14,38488d68,KG,0.5,1,80,18/10/2025,Cash,18/10/2025 20:00:21,
06c84b8f,38488d66,KG,1.5,1,90,19/10/2025,Cash,19/10/2025 14:31:59,
ed4678b8,38488d68,KG,0.5,2,160,19/10/2025,Cash,19/10/2025 14:32:54,
d7096a54,316fcd40,Piece,1,1,30,20/10/2025,Cash,20/10/2025 16:06:19,
4d7b355a,38488d32,Liter,1,1,57,21/10/2025,Cash,21/10/2025 11:03:37,
148dbc92,1870042c,KG,2,1,80,21/10/2025,Cash,21/10/2025 11:04:01,
e3cd62f5,38488d33,KG,1,1,100,21/10/2025,Cash,21/10/2025 11:04:19,
f33fab79,38488d32,KG,0.5,1,29,23/10/2025,Cash,23/10/2025 17:48:41,
cdd997f2,316fcd40,Piece,1,1,30,23/10/2025,Cash,23/10/2025 17:49:25,
f7410f73,1870042c,KG,1.25,1,50,24/10/2025,Cash,24/10/2025 10:00:06,
0d9c2fa7,38488d32,Liter,1,1,57,24/10/2025,Cash,24/10/2025 10:00:25,
0406dad6,38488d33,KG,1.25,1,100,24/10/2025,Cash,24/10/2025 10:00:41,
9e6e578d,38488d72,KG,0.25,1,40,24/10/2025,Cash,24/10/2025 10:00:59,
a71feef8,38488d32,KG,1.5,3,87,25/10/2025,Cash,25/10/2025 17:08:10,
fc1eec8d,38488d54,KG,0.5,3,90,25/10/2025,Cash,25/10/2025 21:45:31,
50d9a0ee,38488d32,KG,0.5,1,58,26/10/2025,Cash,26/10/2025 21:24:39,
80de7428,38488d32,Liter,1,2,114,27/10/2025,Cash,27/10/2025 11:06:17,
acb266b5,38488d50,KG,1,1,50,27/10/2025,Cash,27/10/2025 11:06:44,
581fda8f,38488d72,KG,0.5,1,50,27/10/2025,Cash,27/10/2025 11:07:11,
01c75e74,38488d82,KG,0.5,1,50,27/10/2025,Cash,27/10/2025 11:07:40,
07a7a7df,1870042c,KG,2,1,80,27/10/2025,Cash,27/10/2025 11:08:26,
01d5d16e,38488d38,KG,0.6,1,55,27/10/2025,Cash,27/10/2025 11:08:48,
6d25bbee,38488d43,KG,0.5,3,60,27/10/2025,Cash,27/10/2025 18:19:33,
b708ad82,a1532c24,KG,0.2,1,60,27/10/2025,Cash,27/10/2025 18:24:26,
daf379e5,5040fe86,KG,0.5,1,20,27/10/2025,Cash,27/10/2025 20:23:11,
de82c313,38488d59,KG,0.5,1,80,27/10/2025,Cash,27/10/2025 21:06:20,
531d690d,38488d60,KG,0.5,1,80,27/10/2025,Cash,27/10/2025 21:07:38,
ac260e27,38488d34,KG,0.15,1,20,27/10/2025,Cash,27/10/2025 21:08:54,
ac85907b,38488d32,Liter,1,2,114,28/10/2025,Cash,28/10/2025 11:55:38,
f8d4c041,38488d48,KG,5,1,300,28/10/2025,Cash,28/10/2025 11:56:11,
bc03fd87,38488d38,KG,0.6,1,55,28/10/2025,Cash,28/10/2025 11:57:09,
4259b06c,38488d32,KG,0.5,2,58,28/10/2025,Cash,28/10/2025 19:15:16,
628e3cb0,1fdb7a95,Piece,1,2,20,28/10/2025,Cash,28/10/2025 19:15:57,
c1092d7b,38488d69,KG,0.25,1,110,28/10/2025,Cash,28/10/2025 19:17:31,
1371122b,1870042c,KG,5,1,110,28/10/2025,Cash,28/10/2025 21:20:57,
c2ca6daa,38488d34,KG,1,1,80,28/10/2025,Cash,28/10/2025 21:21:35,
5553f7c1,38488d33,KG,2.25,1,130,28/10/2025,Cash,28/10/2025 21:22:03,
f56a6aa7,38488d84,KG,2,1,80,28/10/2025,Cash,28/10/2025 21:22:49,
ebeae13c,070c1507,KG,6,1,50,28/10/2025,Cash,28/10/2025 21:24:38,
944f2d69,8adbb5f7,KG,1,1,50,28/10/2025,Cash,28/10/2025 21:25:49,
9aa52fea,38488d72,KG,0.75,1,50,28/10/2025,Cash,28/10/2025 21:32:41,
58aa65be,38488d36,KG,1,1,90,28/10/2025,Cash,28/10/2025 21:33:42,
5cc71b22,38488d82,KG,1,1,50,28/10/2025,Cash,28/10/2025 21:33:56,
6389d648,7cfdeddd,KG,1,1,70,28/10/2025,Cash,28/10/2025 21:35:03,
9257538c,5040fe86,KG,5,1,120,28/10/2025,Cash,28/10/2025 21:35:29,
5f27cedd,a31d5abb,KG,1,1,100,28/10/2025,Cash,28/10/2025 21:36:01,
2ac87ce4,becc6a8c,Piece,1,1,280,29/10/2025,Cash,29/10/2025 12:00:25,
2aa97edf,13a4f998,Piece,1,1,150,29/10/2025,Cash,29/10/2025 12:01:33,
05f98d85,ec455c14,Piece,1,1,50,29/10/2025,Cash,29/10/2025 12:05:44,
eb6be2d5,31c04891,Piece,1,1,120,29/10/2025,Cash,29/10/2025 12:06:58,
216331ed,38488d32,KG,0.5,4,116,29/10/2025,Cash,29/10/2025 12:40:14,
3dbdc7a6,ce05a0dc,Piece,1,5,10,29/10/2025,Cash,29/10/2025 12:40:37,
c8274bc6,38488d32,KG,0.5,4,116,30/10/2025,Cash,30/10/2025 16:43:06,
ab336c71,33821eb4,Piece,1,1,120,30/10/2025,Cash,30/10/2025 17:22:02,
78a125a0,38488d68,KG,0.5,1,60,30/10/2025,Cash,30/10/2025 17:23:31,
091b06e6,7836518d,Piece,1,1,110,31/10/2025,Cash,31/10/2025 14:09:39,
6263c380,ec14e653,Piece,1,1,70,31/10/2025,Cash,31/10/2025 16:16:22,
7b137d82,38488d32,KG,0.5,4,116,31/10/2025,Cash,31/10/2025 16:22:45,
e36b58e9,38488d51,KG,0.5,1,140,31/10/2025,Cash,31/10/2025 21:57:37,
51385dbf,38488d32,Liter,1,2,114,01/11/2025,Cash,01/11/2025 10:49:50,
737d8f97,38488d71,KG,2.25,1,70,01/11/2025,Cash,01/11/2025 10:50:09,
b1bc08cd,38488d38,KG,0.6,1,55,01/11/2025,Cash,01/11/2025 10:50:41,
024f7d58,38488d78,KG,0.5,1,37,01/11/2025,Cash,01/11/2025 10:51:07,
a279b677,38488d35,KG,1.25,1,100,01/11/2025,Cash,01/11/2025 19:03:54,
3925a41c,38488d32,Liter,1,2,114,02/11/2025,Cash,02/11/2025 13:46:48,
7fd27a61,38488d66,Liter,3,1,180,02/11/2025,Cash,02/11/2025 13:47:31,
2ce6f89d,38488d42,Piece,1,1,70,02/11/2025,Cash,02/11/2025 21:06:05,
899141aa,38488d32,Liter,1,1,58,03/11/2025,Cash,03/11/2025 10:45:29,
ac70e3df,38488d50,KG,1,1,40,03/11/2025,Cash,03/11/2025 10:45:46,
fc8bb605,9efdfdb6,KG,0.4,1,40,03/11/2025,Cash,03/11/2025 10:46:06,
19792230,38488d34,KG,0.25,1,15,03/11/2025,Cash,03/11/2025 14:19:35,
8e47a97e,38488d37,KG,1,1,60,03/11/2025,Cash,03/11/2025 18:45:35,
2daf5e3c,38488d35,KG,0.25,1,15,03/11/2025,Cash,03/11/2025 18:46:21,
193764fd,0c53ef5a,KG,0.25,1,15,03/11/2025,Cash,03/11/2025 18:46:40,
7da60c13,38488d33,KG,0.5,1,20,03/11/2025,Cash,03/11/2025 19:29:02,
cdc1994b,38488d71,KG,1,1,40,03/11/2025,Cash,03/11/2025 19:47:50,
f964c5f6,38488d70,Piece,12,6,240,03/11/2025,Cash,03/11/2025 19:48:16,
3fb38832,cae57605,Piece,1,1,10,03/11/2025,Cash,03/11/2025 19:50:13,
de98f639,38488d84,Piece,0.25,1,15,03/11/2025,Cash,03/11/2025 20:42:23,
f9dcd86f,38488d32,Liter,1,2,114,04/11/2025,Cash,04/11/2025 09:03:21,
ee873a18,818ce46b,KG,0.75,1,60,04/11/2025,Cash,04/11/2025 09:03:41,
1e34f6da,1870042c,KG,5,1,120,04/11/2025,Cash,04/11/2025 12:35:43,
179fbdf7,38488d69,KG,0.25,1,110,04/11/2025,Cash,04/11/2025 17:27:08,
d54baa49,38488d32,KG,0.5,3,87,04/11/2025,Cash,04/11/2025 17:27:50,
17172054,1fdb7a95,Piece,1,2,20,04/11/2025,Cash,04/11/2025 17:32:16,
9cf1ccdc,38488d35,KG,1.5,1,90,04/11/2025,Cash,04/11/2025 20:22:34,
61504ff1,38488d34,KG,1,1,70,04/11/2025,Cash,04/11/2025 20:23:56,
87281940,38488d36,KG,1,1,90,04/11/2025,Cash,04/11/2025 20:24:23,
006026be,38488d71,KG,2.8,1,80,04/11/2025,Cash,04/11/2025 20:25:24,
c39c98ee,3ed563fc,Piece,1,10,300,04/11/2025,Cash,04/11/2025 20:27:38,
4be7f4ec,090f0992,KG,0.7,4,240,04/11/2025,Cash,04/11/2025 20:28:16,
2c6edbab,bf503910,Piece,1,1,40,04/11/2025,Cash,04/11/2025 20:34:27,
6a2ed857,38488d78,KG,1,1,50,04/11/2025,Cash,04/11/2025 20:35:55,
f6f16a4d,38488d72,KG,1,1,50,04/11/2025,Cash,04/11/2025 20:37:12,
ddea1d85,38488d82,KG,1.5,1,90,04/11/2025,Cash,04/11/2025 20:37:51,
0f95db1b,7cfdeddd,KG,1,1,70,04/11/2025,Cash,04/11/2025 20:38:14,
63706fc2,38488d37,KG,2,1,80,04/11/2025,Cash,04/11/2025 20:38:47,
3eb612a2,a31d5abb,KG,1,1,100,04/11/2025,Cash,04/11/2025 20:39:24,
d1a44763,1cab637b,Piece,1,8,120,04/11/2025,Cash,04/11/2025 20:39:39,
77f4ea1b,1870042c,KG,2,1,60,04/11/2025,Cash,04/11/2025 21:54:03,
b1ea97c3,a5ce3b91,Piece,1,1,50,04/11/2025,Cash,04/11/2025 21:55:17,
c369a4b4,524a0b85,Piece,1,5,50,04/11/2025,Cash,04/11/2025 21:56:14,
71260cd7,a30cd5cc,Piece,1,30,240,04/11/2025,Cash,04/11/2025 21:58:19,
97ddf484,b530d255,Piece,1,3,120,04/11/2025,Cash,04/11/2025 22:03:23,
8d972b1c,38488d38,KG,0.6,12,540,04/11/2025,Cash,04/11/2025 22:03:50,
b3120a0c,a92f80eb,KG,55,1,800,04/11/2025,Cash,04/11/2025 22:07:30,
225a0267,5040fe86,KG,5,1,100,04/11/2025,Cash,04/11/2025 22:18:18,
45d6a15a,38488d32,Liter,1,2,114,05/11/2025,Cash,05/11/2025 09:40:52,
c75cb5cd,38488d48,KG,5,1,300,05/11/2025,Cash,05/11/2025 09:41:45,
839a992c,b530d255,KG,1,2,80,05/11/2025,Cash,05/11/2025 19:39:40,
8731b382,a30cd5cc,Piece,1,10,100,05/11/2025,Cash,05/11/2025 19:41:20,
27657425,dd1404d1,Piece,1,1,100,05/11/2025,Cash,05/11/2025 21:21:36,
5e264c25,1870042c,KG,5,1,100,06/11/2025,Cash,06/11/2025 12:27:55,
17a8b602,38488d47,KG,30,1,600,06/11/2025,Cash,06/11/2025 12:40:26,
0d6f86ff,38488d32,KG,0.5,4,116,06/11/2025,Cash,06/11/2025 18:05:36,
0b5c6d36,38488d50,KG,0.25,1,10,06/11/2025,Cash,06/11/2025 18:06:29,
b1fb77a6,38488d68,KG,0.5,1,60,06/11/2025,Cash,06/11/2025 18:06:51,
862c251e,38488d43,KG,0.3,6,60,06/11/2025,Cash,06/11/2025 18:36:21,
83800c2c,e73a4f6b,Piece,1,2,20,06/11/2025,Cash,06/11/2025 21:19:08,
2ab10da1,fdae2a90,Piece,1,1,35,06/11/2025,Cash,06/11/2025 21:21:15,
7de83707,38488d32,KG,0.5,1,116,07/11/2025,Cash,07/11/2025 13:01:05,
975a82af,38488d75,Piece,1,5,50,07/11/2025,Cash,07/11/2025 13:01:31,
e28b760d,c33be040,Piece,1,6,50,08/11/2025,Cash,08/11/2025 12:14:16,
b6ea79d6,38488d32,KG,0.5,3,87,08/11/2025,Cash,08/11/2025 18:30:43,
522365bd,ea228c29,Piece,1,1,330,08/11/2025,Cash,08/11/2025 18:31:40,
09aab926,ec14e653,Piece,1,1,110,08/11/2025,Cash,08/11/2025 18:36:33,
e15e570e,dbb02cb4,Piece,1,1,70,08/11/2025,Cash,08/11/2025 18:37:08,
cd047eaf,38488d33,KG,2.5,1,100,08/11/2025,Cash,08/11/2025 18:39:55,
38ae9d30,52cdaa61,KG,0.5,1,35,08/11/2025,Cash,08/11/2025 18:56:37,
f0c1caca,38488d32,Liter,1,3,171,09/11/2025,Cash,09/11/2025 14:03:26,
10cfd4e8,38488d51,KG,1,1,280,09/11/2025,Cash,09/11/2025 14:04:09,
6c1eefb4,38488d68,KG,1,1,120,09/11/2025,Cash,09/11/2025 14:04:50,
31014b40,38488d48,KG,0.5,1,35,09/11/2025,Cash,09/11/2025 14:58:55,
fb8f0dc4,38488d42,Piece,1,1,70,09/11/2025,Cash,09/11/2025 18:54:59,
174d84a0,38488d32,Liter,1,2,114,10/11/2025,Cash,10/11/2025 09:45:09,
a69e4f19,38488d48,KG,5,1,300,10/11/2025,Cash,10/11/2025 09:45:30,
6ebedab1,38488d72,KG,0.25,1,20,10/11/2025,Cash,10/11/2025 09:46:19,
8ee8d7ca,38488d37,KG,1,1,40,10/11/2025,Cash,10/11/2025 18:36:52,
70a8ce54,38488d34,KG,0.25,1,20,10/11/2025,Cash,10/11/2025 18:37:15,
3fa68650,38488d35,KG,0.3,1,20,10/11/2025,Cash,10/11/2025 18:37:36,
e2645a24,0c53ef5a,KG,0.25,1,20,10/11/2025,Cash,10/11/2025 18:37:51,
9a30d287,38488d68,KG,0.5,2,150,10/11/2025,Cash,10/11/2025 18:38:19,
4755f61c,38488d32,Liter,1,2,114,11/11/2025,Cash,11/11/2025 10:05:53,
d195e196,1870042c,KG,1,1,50,11/11/2025,Cash,11/11/2025 10:06:13,
4593134d,3f40d071,Piece,12,5,250,11/11/2025,Cash,11/11/2025 10:06:33,
dd3705e2,1fdb7a95,Piece,1,2,20,11/11/2025,Cash,11/11/2025 17:55:38,
7b9a3fbe,38488d69,KG,0.25,1,110,11/11/2025,Cash,11/11/2025 17:57:17,
f994a755,38488d35,KG,1,1,60,11/11/2025,Cash,11/11/2025 21:13:51,
8bc28e1a,38488d37,KG,2,1,70,11/11/2025,Cash,11/11/2025 21:14:36,
692e4da3,38488d84,KG,2.5,1,100,11/11/2025,Cash,11/11/2025 21:15:10,
8af81497,66645b81,KG,2,1,60,11/11/2025,Cash,11/11/2025 21:15:41,
7e993f57,38488d36,KG,1,1,100,11/11/2025,Cash,11/11/2025 21:16:46,
7de89a39,38488d72,KG,1,1,40,11/11/2025,Cash,11/11/2025 21:17:08,
37137f26,38488d82,KG,1,1,60,11/11/2025,Cash,11/11/2025 21:17:32,
bb1b5723,38488d33,KG,4.5,1,130,11/11/2025,Cash,11/11/2025 21:24:52,
f58c5195,df878bc5,KG,1,1,70,11/11/2025,Cash,11/11/2025 21:25:35,
3e57c047,7cfdeddd,KG,1,1,70,11/11/2025,Cash,11/11/2025 21:37:59,
8cdfe304,38488d32,KG,0.5,3,87,11/11/2025,Cash,11/11/2025 21:43:15,
c57a26bd,38488d32,Liter,1,2,114,12/11/2025,Cash,12/11/2025 10:27:26,
cb75ad21,1870042c,KG,1,1,40,12/11/2025,Cash,12/11/2025 10:28:00,
e74b4dff,f0b3998d,Piece,1,1,40,13/11/2025,Cash,13/11/2025 17:55:16,
95face05,38488d68,KG,0.5,1,60,13/11/2025,Cash,13/11/2025 17:56:17,
712a6ba0,1870042c,KG,5,1,250,13/11/2025,Cash,13/11/2025 18:11:22,
1e7d9c9d,38488d32,KG,0.5,4,116,13/11/2025,Cash,13/11/2025 18:13:22,
da032019,38488d70,Piece,12,1,200,13/11/2025,Cash,13/11/2025 19:57:14,
b69daa4f,38488d71,KG,1,1,40,13/11/2025,Cash,13/11/2025 19:58:04,
4d7bb84d,38488d34,KG,0.3,1,30,13/11/2025,Cash,13/11/2025 19:59:05,
aa30f643,e73a4f6b,Piece,1,1,10,13/11/2025,Cash,13/11/2025 20:02:27,
01be0354,cae57605,Piece,1,1,10,13/11/2025,Cash,13/11/2025 21:27:30,
57367ea5,42f6d331,Piece,1,1,100,14/11/2025,Cash,14/11/2025 11:55:56,
c9eee38c,a8c7009f,Piece,1,1,1500,14/11/2025,Cash,14/11/2025 17:31:34,
bd68deab,38488d32,Liter,2.5,1,143,14/11/2025,Cash,14/11/2025 18:04:04,
b4d8d98f,38488d51,KG,0.75,1,210,14/11/2025,Cash,14/11/2025 18:04:45,
c0c2cb70,38488d32,Liter,1,2,114,15/11/2025,Cash,15/11/2025 18:56:19,
24d814b8,38488d63,KG,1.6,1,90,15/11/2025,Cash,15/11/2025 18:56:34,
f5e07325,074f02cb,Piece,1,1,18,15/11/2025,Cash,15/11/2025 21:23:18,
90abf6f0,38488d32,Liter,1,1,57,16/11/2025,Cash,16/11/2025 11:57:41,
f35751ae,38488d66,KG,3,1,150,16/11/2025,Cash,16/11/2025 11:58:02,
fc44806f,2bdbfdb6,KG,1,1,100,16/11/2025,Cash,16/11/2025 16:06:42,
c90a687a,2bdbfdb8,Piece,1,1,50,16/11/2025,Cash,16/11/2025 16:07:13,
93a984d8,38488d37,KG,0.5,1,20,16/11/2025,Cash,16/11/2025 16:07:36,
a56f5f2a,38488d35,KG,0.15,1,10,16/11/2025,Cash,16/11/2025 16:08:20,
37f3846d,38488d34,KG,0.15,1,10,16/11/2025,Cash,16/11/2025 16:09:02,
cf3eb569,38488d80,KG,1,1,50,16/11/2025,Cash,16/11/2025 16:09:24,
840dd767,1266f89f,Piece,1,1,350,16/11/2025,Cash,16/11/2025 17:06:57,
466cf40d,c8599a42,Piece,1,1,65,16/11/2025,Cash,16/11/2025 20:49:32,
87d67b2a,38488d32,Liter,1,2,114,17/11/2025,Cash,17/11/2025 10:08:35,
0535f5d4,38488d38,KG,0.6,1,55,17/11/2025,Cash,17/11/2025 10:09:37,
2dfb885f,38488d34,KG,1,1,80,17/11/2025,Cash,17/11/2025 10:47:36,
6e2984c5,7836518d,Piece,1,1,110,17/11/2025,Cash,17/11/2025 17:59:54,
af9bfce7,38488d43,KG,0.5,5,50,17/11/2025,Cash,17/11/2025 18:00:23,
c1d51ca8,38488d60,KG,0.5,1,80,17/11/2025,Cash,17/11/2025 18:01:45,
628a55f2,38488d59,KG,0.5,1,80,17/11/2025,Cash,17/11/2025 18:02:46,
0d503f5f,316fcd40,KG,2,1,120,17/11/2025,Cash,17/11/2025 18:04:14,
9887a72c,38488d68,KG,0.5,1,60,17/11/2025,Cash,17/11/2025 18:05:51,
d166126b,ce05468e,Piece,1,1,10,17/11/2025,Cash,17/11/2025 18:07:26,
479d1521,c33be040,Piece,1,6,50,17/11/2025,Cash,17/11/2025 20:29:10,
18fa5435,38488d32,Liter,1,2,114,18/11/2025,Cash,18/11/2025 11:40:30,
8aa828a5,38488d72,KG,0.25,1,20,18/11/2025,Cash,18/11/2025 11:40:49,
ed423fa1,38488d50,KG,1,1,50,18/11/2025,Cash,18/11/2025 11:41:45,
29aa9a6b,38488d69,KG,0.25,1,110,18/11/2025,Cash,18/11/2025 19:28:10,
b85b9819,38488d32,KG,0.5,3,87,18/11/2025,Cash,18/11/2025 19:43:41,
933f80ce,fcd75bd5,Piece,1,1,10,18/11/2025,Cash,18/11/2025 19:44:57,
1f4ee8f2,1fdb7a95,Piece,1,2,20,18/11/2025,Cash,18/11/2025 19:46:41,
dab8cecf,38488d77,Piece,1,3,160,18/11/2025,Cash,18/11/2025 21:07:22,
8f2b948b,7211596c,Piece,12,1,100,18/11/2025,Cash,18/11/2025 21:08:07,
6c41e90a,524a0b85,Piece,12,1,100,18/11/2025,Cash,18/11/2025 21:08:30,
b394b855,38488d33,KG,2.5,1,100,18/11/2025,Cash,18/11/2025 21:09:07,
50a606f5,38488d84,KG,2.5,1,100,18/11/2025,Cash,18/11/2025 21:12:46,
cd9c7c61,38488d37,KG,2,1,80,18/11/2025,Cash,18/11/2025 21:13:13,
0f0e3a4b,38488d34,KG,0.75,1,60,18/11/2025,Cash,18/11/2025 21:13:32,
2d32b592,38488d35,KG,1,1,40,18/11/2025,Cash,18/11/2025 21:14:17,
2165fa91,38488d40,KG,1,1,60,18/11/2025,Cash,18/11/2025 21:14:35,
4ec6e59c,818ce46b,KG,1,1,60,18/11/2025,Cash,18/11/2025 21:14:52,
ff76e1f3,38488d36,KG,1,1,100,18/11/2025,Cash,18/11/2025 21:16:15,
51e5ec10,38488d72,KG,1,1,60,18/11/2025,Cash,18/11/2025 21:35:26,
f7d9b7b6,38488d82,KG,1,1,60,18/11/2025,Cash,18/11/2025 21:36:11,
bcd56328,7cfdeddd,KG,0.5,1,30,18/11/2025,Cash,18/11/2025 21:36:44,
62b4d47e,1cab637b,Piece,1,7,110,18/11/2025,Cash,18/11/2025 21:37:36,
4f5a6dc0,5040fe86,KG,5,1,120,18/11/2025,Cash,18/11/2025 21:38:01,
4002fb93,df878bc5,KG,1,1,80,18/11/2025,Cash,18/11/2025 21:38:51,
f8f3e176,38488d32,KG,0.5,4,116,19/11/2025,Cash,19/11/2025 17:12:09,
37573627,38488d38,KG,0.6,1,55,19/11/2025,Cash,19/11/2025 17:12:37,
602a23ef,4340a96c,KG,0.5,1,35,19/11/2025,Cash,19/11/2025 17:13:05,
fa041e39,38488d51,KG,1,1,280,19/11/2025,Cash,19/11/2025 19:02:45,
b4280be8,38488d68,KG,1,1,120,19/11/2025,Cash,19/11/2025 19:04:04,
b06b35e4,1870042c,KG,5,1,250,19/11/2025,Cash,19/11/2025 19:05:44,
971defb0,38488d47,KG,30,1,500,19/11/2025,Cash,19/11/2025 19:06:17,
700d3f4e,38488d32,Liter,1,2,114,20/11/2025,Cash,20/11/2025 12:51:04,
9958ffd7,38488d48,KG,0.1,1,20,20/11/2025,Cash,20/11/2025 12:51:27,
5982917f,1870042c,KG,5,1,250,20/11/2025,Cash,20/11/2025 19:02:26,
0a9a8868,38488d36,KG,0.5,1,50,20/11/2025,Cash,20/11/2025 19:03:15,
c5915daa,a31d5abb,KG,1,1,100,20/11/2025,Cash,20/11/2025 19:04:17,
359030b3,4cb0d65e,Piece,1,1,30,20/11/2025,Cash,20/11/2025 19:05:07,
9da2aea4,38488d32,Liter,1,2,114,21/11/2025,Cash,21/11/2025 20:03:53,
805a6004,38488d72,KG,0.25,1,20,21/11/2025,Cash,21/11/2025 20:04:25,
10ac198a,293737a6,Piece,1,2,20,21/11/2025,Cash,21/11/2025 21:34:22,
424ad0dc,4cb0d65e,,1,1,150,21/11/2025,Cash,21/11/2025 21:54:07,
1b1311d3,38488d38,KG,0.6,1,55,22/11/2025,Cash,22/11/2025 11:56:53,
308f446f,38488d32,Liter,1,2,114,22/11/2025,Cash,22/11/2025 17:45:35,
149bee96,38488d43,KG,0.5,5,50,22/11/2025,Cash,22/11/2025 17:45:52,
a6fd9547,15ed5402,KG,0.5,2,120,22/11/2025,Cash,22/11/2025 17:46:12,
f77f4486,38488d40,KG,0.25,1,20,22/11/2025,Cash,22/11/2025 17:46:35,
eb00cf4a,38488d32,KG,1.25,1,60,22/11/2025,Cash,22/11/2025 17:47:32,
5bfedb94,38488d34,KG,0.75,1,60,23/11/2025,Cash,23/11/2025 10:52:38,
ee2840c0,d2feae0c,Piece,1,1,30,23/11/2025,Cash,23/11/2025 10:53:14,
bc28a11b,38488d66,KG,2.5,1,120,23/11/2025,Cash,23/11/2025 10:53:40,
0c74f62f,38488d51,KG,1,1,280,23/11/2025,Cash,23/11/2025 10:54:31,
3863b13a,38488d72,KG,0.4,1,30,23/11/2025,Cash,23/11/2025 14:12:06,
2974c14d,38488d82,KG,0.3,1,30,23/11/2025,Cash,23/11/2025 14:13:14,
4e26d9be,38488d55,Piece,1,2,20,23/11/2025,Cash,23/11/2025 14:38:43,
f0546580,38488d32,KG,0.5,4,116,24/11/2025,Cash,24/11/2025 17:45:11,
2fd6dce4,38488d63,KG,1,1,50,24/11/2025,Cash,24/11/2025 17:45:34,
f69ec8f8,38488d32,KG,0.5,6,174,25/11/2025,Cash,25/11/2025 18:00:35,
b6016e72,1870042c,KG,2,1,120,25/11/2025,Cash,25/11/2025 18:01:03,
657e866b,38488d82,KG,0.5,1,40,25/11/2025,Cash,25/11/2025 18:02:15,
d6c13694,38488d69,KG,0.25,1,110,25/11/2025,Cash,25/11/2025 18:02:40,
f11fbefa,2f5f74e8,Piece,1,1,50,25/11/2025,Cash,25/11/2025 18:03:52,
174bd4b1,1fdb7a95,Piece,1,2,20,25/11/2025,Cash,25/11/2025 18:04:33,
0bf556fb,38488d36,KG,1.5,1,140,25/11/2025,Cash,25/11/2025 21:03:07,
93348608,38488d72,KG,1,1,50,25/11/2025,Cash,25/11/2025 21:03:48,
919fe4b4,38488d35,KG,1,1,30,25/11/2025,Cash,25/11/2025 21:04:10,
578fe894,38488d37,KG,2,1,70,25/11/2025,Cash,25/11/2025 21:04:30,
333d4000,38488d33,KG,3,1,120,25/11/2025,Cash,25/11/2025 21:04:53,
ce2e1888,38488d82,KG,1,1,70,25/11/2025,Cash,25/11/2025 21:05:30,
99e38b49,7cfdeddd,KG,1,1,70,25/11/2025,Cash,25/11/2025 21:05:56,
577d8719,38488d63,KG,2,1,80,25/11/2025,Cash,25/11/2025 21:06:20,
59afa519,38488d71,KG,2.3,1,50,25/11/2025,Cash,25/11/2025 21:06:43,
e066909d,38488d84,KG,3,1,100,25/11/2025,Cash,25/11/2025 21:07:09,
5ab9b443,a31d5abb,KG,1,1,100,25/11/2025,Cash,25/11/2025 21:07:47,
145aadef,38488d66,KG,2.3,1,90,25/11/2025,Cash,25/11/2025 21:08:11,
abaf1889,38488d40,KG,1,1,40,25/11/2025,Cash,25/11/2025 21:08:54,
1b22890a,5040fe86,KG,5,1,100,25/11/2025,Cash,25/11/2025 21:09:24,
144659c6,38488d32,Liter,1,1,57,25/11/2025,Cash,25/11/2025 22:00:34,
a3d43abf,a92f80eb,KG,50,1,750,26/11/2025,Cash,26/11/2025 13:27:01,
fd264b6e,1870042c,KG,5,1,250,26/11/2025,Cash,26/11/2025 13:27:25,
2d895a65,38488d70,Piece,12,6,240,26/11/2025,Cash,26/11/2025 17:57:30,
c1b3f3a3,a208793d,Piece,1,1,50,26/11/2025,Cash,26/11/2025 18:01:30,
bef6d5c0,cae57605,Piece,1,1,10,26/11/2025,Cash,26/11/2025 20:52:10,
ae1a711c,38488d32,KG,0.5,4,116,27/11/2025,Cash,27/11/2025 17:04:49,
8bcc343e,c33be040,Piece,1,6,50,27/11/2025,Cash,27/11/2025 18:25:34,
64ee2ed2,38488d55,Piece,1,1,10,27/11/2025,Cash,27/11/2025 18:26:00,
937ba029,38488d68,KG,0.5,1,60,27/11/2025,Cash,27/11/2025 18:52:05,
89b61a6d,38488d38,KG,0.6,1,55,28/11/2025,Cash,28/11/2025 16:27:17,
fefcf03f,38488d71,KG,1.5,1,40,28/11/2025,Cash,28/11/2025 16:27:38,
54374571,38488d32,KG,0.5,4,116,28/11/2025,Cash,28/11/2025 17:10:40,
f09f3baf,ee4c7cc6,Piece,1,1,85,28/11/2025,Cash,28/11/2025 18:53:31,
bbc3ff46,38488d32,KG,1,2,114,29/11/2025,Cash,29/11/2025 10:27:43,
ad03ae5a,38488d38,KG,0.4,1,40,29/11/2025,Cash,29/11/2025 10:28:27,
04ea2b8f,38488d63,KG,1,1,60,29/11/2025,Cash,29/11/2025 18:00:06,
94d45234,38488d35,KG,0.15,1,15,29/11/2025,Cash,29/11/2025 18:00:55,
cd22245f,38488d57,KG,0.18,1,20,29/11/2025,Cash,29/11/2025 18:01:42,
3b00e99c,38488d68,KG,0.5,2,150,29/11/2025,Cash,29/11/2025 18:02:07,
0ff1a2ec,38488d62,Liter,1,4,240,29/11/2025,Cash,29/11/2025 18:02:28,
85c341a3,2f5f74e8,Piece,1,1,50,29/11/2025,Cash,29/11/2025 18:03:24,
efb08f14,ee72568a,Piece,1,2,20,29/11/2025,Cash,29/11/2025 18:04:11,
b4db67ba,2c4d95ef,KG,0.25,1,45,29/11/2025,Cash,29/11/2025 18:04:32,
4a7fa7f7,72333f40,KG,1,1,130,29/11/2025,Cash,29/11/2025 20:56:40,
6e2db942,72333f40,Piece,5.7,2,80,29/11/2025,Cash,29/11/2025 20:57:15,
ddf3edf6,38488d66,KG,2.5,1,100,29/11/2025,Cash,29/11/2025 21:00:40,
c28aa763,38488d54,KG,5,1,180,29/11/2025,Cash,29/11/2025 21:01:06,
d5a13e84,38488d32,Liter,1,2,114,30/11/2025,Cash,30/11/2025 10:18:29,
7bd328d5,38488d34,KG,0.5,1,50,30/11/2025,Cash,30/11/2025 10:18:51,
5236cfe9,38488d51,KG,1.5,1,420,30/11/2025,Cash,30/11/2025 10:19:19,
dfb6ed39,38488d32,Liter,1,2,114,01/12/2025,Cash,01/12/2025 12:38:14,
71dd6a1d,38488d50,KG,1,1,40,01/12/2025,Cash,01/12/2025 12:39:10,
9b23b10c,38488d72,KG,0.5,1,40,01/12/2025,Cash,01/12/2025 12:39:34,
5ebc8412,13a4f998,Piece,1,1,150,01/12/2025,Cash,01/12/2025 12:46:28,
0d3f3a5b,6eac27e1,Piece,1,2,120,01/12/2025,Cash,01/12/2025 12:47:02,
4f2e24fa,38488d50,KG,0.75,1,30,01/12/2025,Cash,01/12/2025 20:06:17,
3bb112c9,38488d82,KG,0.25,1,20,01/12/2025,Cash,01/12/2025 20:06:58,
69ca4b0c,38488d55,Piece,1,1,10,01/12/2025,Cash,01/12/2025 21:26:40,
f3f4fda2,38488d32,KG,0.5,4,116,02/12/2025,Cash,02/12/2025 10:24:55,
9b9b2588,38488d38,KG,0.6,1,55,02/12/2025,Cash,02/12/2025 10:25:11,
dfb336fc,38488d43,KG,1,1,60,02/12/2025,Cash,02/12/2025 10:25:30,
9302ff67,49bab0db,Piece,2,2,100,02/12/2025,Cash,02/12/2025 12:09:09,
4d7e0593,1870042c,KG,5,1,200,02/12/2025,Cash,02/12/2025 17:31:42,
065ce876,38488d32,KG,0.5,1,87,02/12/2025,Cash,02/12/2025 17:32:13,
6f17901f,1fdb7a95,Piece,1,2,20,02/12/2025,Cash,02/12/2025 17:32:29,
a66aeff8,38488d69,KG,0.25,1,110,02/12/2025,Cash,02/12/2025 17:32:52,
fa515971,2f5f74e8,Piece,1,1,60,02/12/2025,Cash,02/12/2025 19:49:20,
3762f091,fcd75bd5,Piece,1,1,10,02/12/2025,Cash,02/12/2025 19:50:17,
d9978da0,38488d36,KG,1,1,100,02/12/2025,Cash,02/12/2025 21:22:25,
2470e53f,38488d72,KG,1,1,50,02/12/2025,Cash,02/12/2025 21:26:44,
03a5d565,38488d35,KG,1,1,40,02/12/2025,Cash,02/12/2025 21:26:59,
0e8ca58d,38488d37,KG,2,1,60,02/12/2025,Cash,02/12/2025 21:27:33,
be015d6a,38488d33,KG,3.8,1,150,02/12/2025,Cash,02/12/2025 21:27:48,
cb252894,38488d63,KG,2,1,60,02/12/2025,Cash,02/12/2025 21:29:01,
3d61a48e,38488d71,KG,3.5,1,70,02/12/2025,Cash,02/12/2025 21:29:29,
fbe4035d,38488d82,KG,1,1,70,02/12/2025,Cash,02/12/2025 21:30:09,
5207bb25,38488d84,KG,3,1,100,02/12/2025,Cash,02/12/2025 21:30:41,
7a447625,df878bc5,KG,1,1,60,02/12/2025,Cash,02/12/2025 21:31:10,
d51beffd,5040fe86,KG,5,1,140,02/12/2025,Cash,02/12/2025 21:31:42,
a345c8ac,818ce46b,KG,1,1,60,02/12/2025,Cash,02/12/2025 21:33:00,
86770d09,0390b81d,Piece,1,6,180,02/12/2025,Cash,02/12/2025 22:31:47,
5b2068a6,38488d32,KG,0.5,4,116,03/12/2025,Cash,03/12/2025 16:00:22,
b4ba9bc1,ed69c25d,Piece,1,2,60,03/12/2025,Cash,03/12/2025 18:55:21,
8105e2a0,38488d32,KG,0.5,4,116,04/12/2025,Cash,04/12/2025 17:52:46,
51a19e0b,38488d47,KG,30,1,450,04/12/2025,Cash,04/12/2025 19:05:46,
1fdd2612,c33be040,Piece,1,6,50,04/12/2025,Cash,04/12/2025 19:15:50,
bb86fe50,3f40d071,Piece,12,5,250,04/12/2025,Cash,04/12/2025 20:10:49,
a46296b9,86ce16a9,KG,5,1,300,04/12/2025,Cash,04/12/2025 20:11:32,
a2481629,38488d63,Piece,0.6,1,25,05/12/2025,Cash,05/12/2025 17:44:28,
fb716eb8,38488d68,KG,1,1,120,05/12/2025,Cash,05/12/2025 17:45:31,
828f9405,38488d55,Piece,1,1,10,05/12/2025,Cash,05/12/2025 17:46:24,
2094c98d,38488d32,KG,1.5,1,86,06/12/2025,Cash,06/12/2025 16:48:40,
a19432fa,1870042c,KG,5,1,200,06/12/2025,Cash,06/12/2025 19:54:37,
ab5f376b,38488d32,Liter,1,2,114,07/12/2025,Cash,07/12/2025 09:50:24,
52d41981,38488d48,KG,1,1,77,07/12/2025,Cash,07/12/2025 09:51:12,
a6ee7d6c,38488d66,KG,2.8,1,130,07/12/2025,Cash,07/12/2025 09:51:40,
e097d023,38488d39,KG,0.5,1,20,07/12/2025,Cash,07/12/2025 09:58:12,
fab35188,38488d32,KG,0.5,5,144,08/12/2025,Cash,08/12/2025 10:46:03,
4b1f3edf,38488d72,KG,0.5,1,40,08/12/2025,Cash,08/12/2025 10:46:56,
770476b6,38488d82,KG,0.5,1,40,08/12/2025,Cash,08/12/2025 10:47:22,
53419b3e,7cfdeddd,KG,0.25,1,20,08/12/2025,Cash,08/12/2025 10:47:50,
1c97c0f2,38488d55,Piece,1,1,10,08/12/2025,Cash,08/12/2025 21:02:11,
574186fc,38488d34,KG,0.2,1,20,08/12/2025,Cash,08/12/2025 21:41:11,
f84e187d,38488d35,KG,0.15,1,10,08/12/2025,Cash,08/12/2025 21:43:46,
77e27b8c,38488d59,KG,0.5,1,80,08/12/2025,Cash,08/12/2025 21:44:43,
423c6bb9,38488d60,KG,0.5,1,80,08/12/2025,Cash,08/12/2025 21:45:11,
098d0557,38488d32,KG,0.5,4,116,09/12/2025,Cash,09/12/2025 09:43:10,
bfcbd805,38488d48,KG,0.2,2,40,09/12/2025,Cash,09/12/2025 09:45:57,
3dc226c2,38488d38,KG,0.5,3,165,09/12/2025,Cash,09/12/2025 09:46:24,
034958ba,38488d32,KG,0.5,1,87,09/12/2025,Cash,09/12/2025 19:48:44,
368e069f,1fdb7a95,Piece,1,2,20,09/12/2025,Cash,09/12/2025 19:49:02,
ea996414,38488d69,KG,0.25,1,110,09/12/2025,Cash,09/12/2025 19:49:46,
afd8ec84,3ff538e9,Piece,12,1,300,09/12/2025,Cash,09/12/2025 19:51:49,
4c101837,38488d36,KG,1.5,1,130,09/12/2025,Cash,09/12/2025 21:34:47,
3c03aa5c,38488d82,KG,1.5,1,90,09/12/2025,Cash,09/12/2025 21:35:41,
e8301610,7cfdeddd,KG,1,1,70,09/12/2025,Cash,09/12/2025 21:36:29,
647b0296,38488d72,KG,1,1,60,09/12/2025,Cash,09/12/2025 21:37:00,
61166a0d,38488d33,KG,5,1,200,09/12/2025,Cash,09/12/2025 21:37:32,
a8a3d586,1870042c,KG,5,1,180,09/12/2025,Cash,09/12/2025 21:38:16,
eba1082a,38488d35,KG,1,1,40,09/12/2025,Cash,09/12/2025 21:39:22,
9622ed9c,38488d37,KG,2,1,60,09/12/2025,Cash,09/12/2025 21:39:57,
6cf5f2cc,38488d34,KG,1,1,60,09/12/2025,Cash,09/12/2025 21:40:20,
e0c5426a,df878bc5,KG,1,1,50,09/12/2025,Cash,09/12/2025 21:41:14,
a6d6bc01,818ce46b,KG,1,1,60,09/12/2025,Cash,09/12/2025 21:42:15,
7b46bcd2,0390b81d,Piece,1,5,100,09/12/2025,Cash,09/12/2025 21:42:55,
1993a5aa,a31d5abb,KG,1,1,100,09/12/2025,Cash,09/12/2025 21:44:05,
d486d81b,38488d84,KG,3,1,100,09/12/2025,Cash,09/12/2025 21:51:45,
167f696b,1cab637b,KG,1,1,100,09/12/2025,Cash,09/12/2025 22:12:59,
68e9fe11,38488d32,Liter,1,1,57,10/12/2025,Cash,10/12/2025 18:33:56,
f6873a6f,f4eeda21,Piece,1,1,10,10/12/2025,Cash,10/12/2025 19:05:58,
84955b7a,cce54458,KG,0.5,2,140,10/12/2025,Cash,10/12/2025 20:50:49,
192645dc,13a4f998,Piece,1,1,150,11/12/2025,Cash,11/12/2025 14:01:43,
68384c37,31170873,Piece,1,1,220,11/12/2025,Cash,11/12/2025 14:05:49,
dc6e1472,38488d32,KG,1.5,2,86,11/12/2025,Cash,11/12/2025 14:33:18,
c7ad769f,d2feae0c,Piece,1,1,100,12/12/2025,Cash,12/12/2025 12:28:14,
356c6d07,38488d38,KG,0.6,1,55,12/12/2025,Cash,12/12/2025 12:34:12,
c447a6d9,38488d32,KG,1.5,2,86,12/12/2025,Cash,12/12/2025 19:29:58,
eb97a4c3,38488d32,Liter,1.5,2,86,13/12/2025,Cash,13/12/2025 12:52:47,
648215c9,38488d32,KG,1.5,2,86,14/12/2025,Cash,14/12/2025 17:37:28,
4af5f7f1,38488d50,KG,0.5,1,20,14/12/2025,Cash,14/12/2025 17:40:27,
f481cca6,c33be040,Piece,1,6,50,14/12/2025,Cash,14/12/2025 17:41:42,
4e0c3029,9130d9d3,Piece,1,1,180,14/12/2025,Cash,14/12/2025 19:28:05,
77daf3b8,38488d32,KG,1.5,1,86,15/12/2025,Cash,15/12/2025 10:15:15,
35217d1a,38488d38,KG,0.6,1,55,15/12/2025,Cash,15/12/2025 10:16:31,
56dd0caf,38488d32,KG,0.5,1,29,15/12/2025,Cash,15/12/2025 11:28:10,
cbda277c,38488d39,KG,0.3,1,20,15/12/2025,Cash,15/12/2025 11:29:05,
31c65879,38488d48,KG,1.5,2,112,15/12/2025,Cash,15/12/2025 11:29:37,
22234d81,0a777579,Piece,1,2,20,15/12/2025,Cash,15/12/2025 11:30:05,
fbe8e2a0,1d9fc2aa,Piece,1,2,20,15/12/2025,Cash,15/12/2025 11:30:46,
bce10d47,38488d39,KG,0.25,1,15,25/12/2025,Cash,25/12/2025 18:10:12,
784fc575,38488d48,KG,1.5,2,112,25/12/2025,Cash,25/12/2025 18:10:44,
e6b6f901,38488d51,KG,1,1,260,25/12/2025,Cash,25/12/2025 18:11:26,
0441da66,04a31ae4,Piece,1,16,240,25/12/2025,Cash,25/12/2025 18:11:57,
e041257b,04a31ae4,Piece,1,4,60,25/12/2025,Cash,25/12/2025 21:16:54,
2c4c75fb,38488d32,KG,1.5,2,86,25/12/2025,Cash,25/12/2025 21:18:31,
68a2590c,38488d32,KG,1.5,2,86,26/12/2025,Cash,26/12/2025 07:41:04,
30125ebf,38488d38,KG,0.6,2,110,26/12/2025,Cash,26/12/2025 07:41:33,
45fa65e9,38488d32,KG,1.5,2,87,27/12/2025,Cash,27/12/2025 15:12:24,
4d031bbf,1870042c,KG,5,1,250,27/12/2025,Cash,27/12/2025 17:21:25,
c4c81329,38488d32,KG,0.5,1,29,27/12/2025,Cash,27/12/2025 19:40:17,
6f7929de,ce05a0dc,Piece,1,1,10,27/12/2025,Cash,27/12/2025 19:40:41,
55c30d52,38488d66,KG,2.5,1,120,28/12/2025,Cash,28/12/2025 13:16:36,
129479ad,38488d48,KG,1.5,2,112,28/12/2025,Cash,28/12/2025 13:17:34,
f1440e05,38488d39,KG,0.3,1,20,28/12/2025,Cash,28/12/2025 13:18:08,
8ee71a25,38488d32,Liter,2,1,115,28/12/2025,Cash,28/12/2025 13:18:33,
13cf5cee,38488d42,Piece,1,2,140,28/12/2025,Cash,28/12/2025 17:22:38,
1983e39c,38488d32,Liter,2.5,3,143,29/12/2025,Cash,29/12/2025 11:42:39,
308dac93,38488d37,KG,0.3,1,30,29/12/2025,Cash,29/12/2025 11:43:07,
9a6c8eb9,1d9fc2aa,Piece,1,2,20,29/12/2025,Cash,29/12/2025 11:44:57,
fc166392,38488d33,KG,2,1,50,29/12/2025,Cash,29/12/2025 18:38:30,
39ddbd03,38488d38,KG,0.6,1,55,30/12/2025,Cash,30/12/2025 11:23:34,
8ae2e11d,38488d50,KG,1,1,40,30/12/2025,Cash,30/12/2025 11:24:01,
7c3c2d4c,95d3f732,KG,4,1,160,30/12/2025,Cash,30/12/2025 18:11:35,
de859184,38488d69,KG,0.25,1,110,30/12/2025,Cash,30/12/2025 18:17:15,
064cee1b,bd887df9,KG,2,1,120,30/12/2025,Cash,30/12/2025 18:21:04,
84fd0d05,38488d32,KG,1.5,2,86,30/12/2025,Cash,30/12/2025 18:22:05,
6c7e1907,38488d36,KG,1,1,80,30/12/2025,Cash,30/12/2025 21:10:38,
080228a1,38488d33,KG,4,1,100,30/12/2025,Cash,30/12/2025 21:10:55,
f9e4dd10,38488d35,KG,6,1,180,30/12/2025,Cash,30/12/2025 21:11:20,
632fc983,38488d68,KG,6,1,150,30/12/2025,Cash,30/12/2025 21:11:56,
3887a4e6,0390b81d,Piece,6,1,150,30/12/2025,Cash,30/12/2025 21:13:19,
7aa28183,38488d82,KG,1,1,80,30/12/2025,Cash,30/12/2025 21:14:10,
387b2f14,7cfdeddd,KG,0.5,1,30,30/12/2025,Cash,30/12/2025 21:14:35,
c62bf72e,1cab637b,Piece,1,8,120,30/12/2025,Cash,30/12/2025 21:15:06,
82a73eaa,3ed563fc,Piece,1,5,150,30/12/2025,Cash,30/12/2025 21:16:04,
c7e6e1ec,49bab0db,Piece,1,2,100,30/12/2025,Cash,30/12/2025 21:16:34,
f1f5f9a1,090f0992,Piece,1,2,120,30/12/2025,Cash,30/12/2025 21:18:16,
d7f4bef0,38488d72,KG,0.5,1,40,30/12/2025,Cash,30/12/2025 21:25:53,
07a97a21,8ef238fe,KG,1,4,1300,31/12/2025,Cash,31/12/2025 15:48:59,
6a0f2a7b,d2feae0c,Piece,1,1,100,31/12/2025,Cash,31/12/2025 15:57:35,
6192b9b1,38488d32,Liter,1,5,285,31/12/2025,Cash,31/12/2025 15:58:12,
7458809d,38488d51,KG,2.5,1,650,31/12/2025,Cash,31/12/2025 16:01:46,
d00b570b,38488d47,KG,20,1,520,31/12/2025,Cash,31/12/2025 19:02:35,
ea7386fa,1870042c,KG,5,1,250,31/12/2025,Cash,31/12/2025 19:03:21,
f99d3f10,38488d55,Piece,1,1,10,31/12/2025,Cash,31/12/2025 19:03:40,
c44a1c0c,fcd75bd5,Piece,1,2,20,31/12/2025,Cash,31/12/2025 19:05:21,
8f28cc80,608e4a15,Piece,1,1,340,31/12/2025,Cash,31/12/2025 19:07:35,
2df4a4d0,38488d32,KG,1.5,2,86,31/12/2025,Cash,31/12/2025 19:19:24,
69061585,7110fbe1,Piece,1,2,200,31/12/2025,Cash,31/12/2025 19:24:07,
3d8d7ac7,1d9fc2aa,Piece,1,2,20,01/01/2026,Cash,01/01/2026 11:57:16,
56b091a2,38488d38,KG,0.6,1,55,01/01/2026,Cash,01/01/2026 11:58:53,
419bc3ca,0a777579,Piece,1,2,20,01/01/2026,Cash,01/01/2026 11:59:20,
3fb62a84,38488d48,KG,0.2,1,20,01/01/2026,Cash,01/01/2026 12:00:42,
00a33c9c,38488d50,KG,1,1,40,01/01/2026,Cash,01/01/2026 16:16:44,
b76c47f1,38488d35,KG,1.5,1,60,01/01/2026,Cash,01/01/2026 16:17:31,
ff2af1a5,fcd75bd5,Piece,1,1,10,01/01/2026,Cash,01/01/2026 16:18:00,
b3144494,38488d32,KG,0.5,4,116,01/01/2026,Cash,01/01/2026 16:19:24,
8c9258ec,38488d32,KG,0.5,2,58,01/01/2026,Cash,01/01/2026 18:54:19,
5d79a3f9,1fa08a97,KG,1,1,260,01/01/2026,Cash,01/01/2026 18:58:09,
d8822a9a,38488d48,KG,1,1,77,01/01/2026,Cash,01/01/2026 19:00:59,
b8259b91,38488d46,Liter,1,1,50,01/01/2026,Cash,01/01/2026 19:08:18,
59c483fb,38488d32,KG,0.5,1,29,01/01/2026,Cash,01/01/2026 20:20:39,
ad5ad029,38488d32,Liter,1,1,57,02/01/2026,Cash,02/01/2026 10:12:05,
b98f6729,38488d34,KG,0.75,1,40,02/01/2026,Cash,02/01/2026 10:13:19,
bc9cfe3f,38488d38,KG,0.6,1,60,02/01/2026,Cash,02/01/2026 10:13:59,
fd8c203c,38488d63,KG,2,1,60,02/01/2026,Cash,02/01/2026 10:14:39,
4efe9bec,ec14e653,Piece,1,3,60,02/01/2026,Cash,02/01/2026 11:59:33,
6a432e1e,38488d32,KG,0.5,3,87,03/01/2026,Cash,03/01/2026 13:45:32,
cf71507e,a92f80eb,KG,50,1,550,03/01/2026,Cash,03/01/2026 18:37:09,
a8814885,1870042c,KG,5,1,250,03/01/2026,Cash,03/01/2026 18:37:26,
d09a3765,a31d5abb,KG,0.5,1,80,03/01/2026,Cash,03/01/2026 18:37:48,
3199114a,38488d39,KG,0.3,1,20,03/01/2026,Cash,03/01/2026 18:38:22,
83d3d502,38488d72,KG,0.4,1,30,03/01/2026,Cash,03/01/2026 18:38:48,
f9ceeae1,38488d32,KG,1,1,57,04/01/2026,Cash,04/01/2026 12:11:02,
17c1975f,38488d66,KG,2.5,2,100,04/01/2026,Cash,04/01/2026 12:12:00,
26d94b99,2bdbfdb6,KG,0.5,1,50,04/01/2026,Cash,04/01/2026 12:12:35,
4333c759,38488d55,Piece,1,1,10,04/01/2026,Cash,04/01/2026 12:13:21,
6efc4931,38488d32,KG,1.5,2,87,05/01/2026,Cash,05/01/2026 11:37:45,
7bbb2fbb,38488d72,KG,0.5,1,30,05/01/2026,Cash,05/01/2026 11:38:16,
01aa11ff,38488d68,KG,2,1,60,05/01/2026,Cash,05/01/2026 11:38:40,
0cfecae6,38488d66,KG,1.5,1,50,05/01/2026,Cash,05/01/2026 11:39:07,
48593543,38488d36,KG,0.5,1,50,05/01/2026,Cash,05/01/2026 17:23:54,
91c4ca48,7cfdeddd,KG,0.5,1,40,05/01/2026,Cash,05/01/2026 17:24:26,
4dcb26f1,818ce46b,KG,1,1,50,05/01/2026,Cash,05/01/2026 17:25:08,
67a564e7,3f40d071,Piece,12,6,300,05/01/2026,Cash,05/01/2026 21:23:20,
7e82e3f4,e5090a8d,KG,0.5,2,70,05/01/2026,Cash,05/01/2026 21:40:34,
b0eb28b6,38488d32,KG,3.5,1,202,06/01/2026,Cash,06/01/2026 18:06:38,
aed6e89c,38488d51,KG,1,1,260,06/01/2026,Cash,06/01/2026 18:08:20,
9a30c5f2,38488d55,Piece,1,1,10,06/01/2026,Cash,06/01/2026 18:08:41,
08ee007d,38488d69,KG,0.25,1,110,06/01/2026,Cash,06/01/2026 18:09:02,
170dbeb2,a1532c24,KG,0.1,1,45,06/01/2026,Cash,06/01/2026 19:21:35,
15a33e7c,38488d36,KG,1.5,1,120,06/01/2026,Cash,06/01/2026 20:58:03,
b08f7bd8,38488d37,KG,2,1,50,06/01/2026,Cash,06/01/2026 20:58:35,
e7aff9eb,38488d63,KG,2,1,50,06/01/2026,Cash,06/01/2026 20:59:19,
6954fa3c,38488d34,KG,1,1,40,06/01/2026,Cash,06/01/2026 21:00:13,
d5b3007d,38488d33,KG,6.5,1,130,06/01/2026,Cash,06/01/2026 21:00:30,
06239db1,38488d72,KG,1,1,50,06/01/2026,Cash,06/01/2026 21:01:21,
87640146,0390b81d,Piece,1,6,120,06/01/2026,Cash,06/01/2026 21:01:57,
4fcdbf05,38488d82,KG,1,1,80,06/01/2026,Cash,06/01/2026 21:04:21,
c5c24ae2,df878bc5,KG,1,1,40,06/01/2026,Cash,06/01/2026 21:04:53,
3afc72d9,38488d68,KG,6,1,150,06/01/2026,Cash,06/01/2026 21:06:19,
8039782a,7cfdeddd,KG,1,1,70,06/01/2026,Cash,06/01/2026 21:08:11,
0eaf918d,a31d5abb,KG,0.5,1,80,06/01/2026,Cash,06/01/2026 21:09:26,
5aace631,1fdb7a95,Piece,1,2,20,06/01/2026,Cash,06/01/2026 21:11:39,
925d24a1,fcd75bd5,Piece,1,1,10,06/01/2026,Cash,06/01/2026 21:12:16,
af96f46c,38488d32,Liter,1,1,57,07/01/2026,Cash,07/01/2026 12:12:18,
82c5842d,38488d38,KG,0.6,1,55,07/01/2026,Cash,07/01/2026 12:13:50,
113771c2,1870042c,KG,5,1,250,07/01/2026,Cash,07/01/2026 18:46:05,
b0ed4daa,38488d32,KG,0.5,2,58,08/01/2026,Cash,08/01/2026 12:23:22,
42178010,38488d38,KG,0.6,1,60,08/01/2026,Cash,08/01/2026 12:24:43,
7a45b379,608e4a15,Piece,1,1,190,08/01/2026,Cash,08/01/2026 19:37:54,
e57e79ec,e73a4f6b,Piece,1,1,20,08/01/2026,Cash,08/01/2026 20:45:48,
d99258fe,38488d58,Piece,1,2,20,08/01/2026,Cash,08/01/2026 20:47:18,
62afb998,cce54458,KG,0.5,2,180,08/01/2026,Cash,08/01/2026 21:49:39,
97daf279,38488d32,Liter,1,2,114,09/01/2026,Cash,09/01/2026 21:20:57,
b3e865d1,38488d38,KG,0.6,1,60,09/01/2026,Cash,09/01/2026 21:21:36,
8e7e1b89,38488d84,KG,1.25,1,50,09/01/2026,Cash,09/01/2026 21:22:32,
754519bc,c33be040,Piece,1,6,50,09/01/2026,Cash,09/01/2026 21:23:41,
1aeb432b,1c8c560e,KG,0.2,2,80,09/01/2026,Cash,09/01/2026 21:24:12,
8b84e351,38488d55,Piece,1,1,10,09/01/2026,Cash,09/01/2026 21:25:30,
a270c2b4,38488d32,KG,500,2,58,10/01/2026,Cash,10/01/2026 10:49:57,
7bc4145b,38488d38,KG,600,1,55,10/01/2026,Cash,10/01/2026 10:50:48,
5abaabb0,1870042c,KG,5,1,200,10/01/2026,Cash,10/01/2026 14:31:43,
55bfb83f,38488d47,KG,30,1,800,10/01/2026,Cash,10/01/2026 14:32:27,
0f8ffba6,38488d32,Liter,1,2,114,11/01/2026,Cash,11/01/2026 11:34:07,
bf9f56cc,38488d66,KG,2,2,100,11/01/2026,Cash,11/01/2026 11:38:09,
62e8acf3,2bdbfdb6,KG,750,1,60,11/01/2026,Cash,11/01/2026 11:42:36,
901ca02a,2bdbfdb8,Piece,1,2,20,11/01/2026,Cash,11/01/2026 11:45:18,
0e4a2b9a,38488d32,Liter,1,2,114,12/01/2026,Cash,12/01/2026 13:20:03,
4f07a4a5,38488d71,KG,2500,1,70,12/01/2026,Cash,12/01/2026 13:20:29,
e2fbbe8c,38488d72,KG,500,1,40,12/01/2026,Cash,12/01/2026 13:21:15,
8c155c83,4cb0d65e,Piece,1,1,100,12/01/2026,Cash,12/01/2026 13:22:35,
c9bc5278,31170873,Piece,1,1,180,12/01/2026,Cash,12/01/2026 17:30:15,
9842c38a,38488d63,KG,1.5,1,60,12/01/2026,Cash,12/01/2026 17:33:31,
1bd84821,ea228c29,Piece,1,1,300,12/01/2026,Cash,12/01/2026 19:03:47,
7e322b81,df878bc5,KG,1,1,40,12/01/2026,Cash,12/01/2026 19:32:13,
a71f803a,38488d32,KG,500,3,87,13/01/2026,Cash,13/01/2026 11:07:02,
4126cfa1,38488d48,KG,1500,2,112,13/01/2026,Cash,13/01/2026 11:08:15,
af666d87,38488d68,KG,500,2,140,13/01/2026,Cash,13/01/2026 11:08:38,
5eeca832,1d9fc2aa,Piece,1,2,20,13/01/2026,Cash,13/01/2026 11:10:19,
39338446,0a777579,Piece,1,2,20,13/01/2026,Cash,13/01/2026 11:11:01,
944d9484,316fcd40,KG,3,1,210,13/01/2026,Cash,13/01/2026 13:11:48,
72ba061a,38488d64,Piece,1,3,150,13/01/2026,Cash,13/01/2026 13:12:19,
09d99f5f,b20fb1fa,Piece,1,2,100,13/01/2026,Cash,13/01/2026 13:13:03,
4837788d,72333f40,Piece,1,2,30,13/01/2026,Cash,13/01/2026 13:22:16,
16a8e815,38488d69,KG,250,1,110,13/01/2026,Cash,13/01/2026 18:18:31,
2f48110e,38488d35,KG,2,1,50,13/01/2026,Cash,13/01/2026 18:20:08,
cf4aa3d3,38488d33,KG,4,1,100,13/01/2026,Cash,13/01/2026 20:31:51,
bafeb166,38488d37,KG,2,1,40,13/01/2026,Cash,13/01/2026 20:32:48,
330a8b05,38488d63,KG,2,1,60,13/01/2026,Cash,13/01/2026 20:33:27,
4f0cdbab,818ce46b,KG,1,1,50,13/01/2026,Cash,13/01/2026 20:33:49,
c2df2e95,38488d72,KG,1,1,50,13/01/2026,Cash,13/01/2026 20:34:48,
a10db1d1,38488d36,KG,1500,1,120,13/01/2026,Cash,13/01/2026 20:58:38,
6f5c732b,38488d82,KG,500,1,40,13/01/2026,Cash,13/01/2026 20:59:03,
5c723a55,7cfdeddd,KG,1,1,70,13/01/2026,Cash,13/01/2026 20:59:37,
a7fcea41,a31d5abb,KG,500,1,80,13/01/2026,Cash,13/01/2026 20:59:57,
f336b652,df878bc5,KG,1,1,50,13/01/2026,Cash,13/01/2026 21:00:42,
8637d1c4,0390b81d,Piece,1,6,150,13/01/2026,Cash,13/01/2026 21:01:19,
732ca951,1cab637b,KG,1,1,80,13/01/2026,Cash,13/01/2026 21:01:54,
daabe80d,e1ef92b5,KG,12,2,120,13/01/2026,Cash,13/01/2026 21:02:42,
6083ce8e,ee4c7cc6,Piece,1,2,160,13/01/2026,Cash,13/01/2026 21:03:29,
7a58dc45,38488d66,KG,2500,1,80,13/01/2026,Cash,13/01/2026 21:04:26,
f56b4429,524a0b85,Piece,12,1,100,13/01/2026,Cash,13/01/2026 21:05:10,
911ec3fb,38488d51,KG,2500,1,650,13/01/2026,Cash,13/01/2026 21:10:49,
b691341c,89e823ea,KG,0.5,4,320,13/01/2026,Cash,13/01/2026 22:23:02,
331b3ed4,38488d32,KG,0.5,6,174,14/01/2026,Cash,14/01/2026 17:20:16,
deb23a0c,fcd75bd5,Piece,1,1,10,14/01/2026,Cash,14/01/2026 17:22:16,
b0a9e030,1fdb7a95,Piece,1,2,20,14/01/2026,Cash,14/01/2026 17:22:47,
98cb50d0,5b074625,KG,0.5,1,70,14/01/2026,Cash,14/01/2026 17:51:48,
86a2b8e2,608e4a15,Piece,1,1,180,14/01/2026,Cash,14/01/2026 19:11:15,
f17081ea,38488d55,Piece,1,1,10,14/01/2026,Cash,14/01/2026 19:47:39,
043877a3,38488d32,Liter,1,2,114,15/01/2026,Cash,15/01/2026 09:04:32,
22378b4f,38488d48,KG,1,1,77,15/01/2026,Cash,15/01/2026 09:04:51,
7689254d,38488d70,Piece,12,8,320,15/01/2026,Cash,15/01/2026 18:26:15,
59bdf707,38488d71,KG,1,1,30,15/01/2026,Cash,15/01/2026 18:28:05,
4796d99d,38488d35,KG,0.35,1,10,15/01/2026,Cash,15/01/2026 18:28:38,
a593683d,38488d84,KG,0.3,1,15,15/01/2026,Cash,15/01/2026 18:29:08,
622f8b8b,38488d32,Liter,1,2,114,16/01/2026,Cash,16/01/2026 11:13:33,
f5da77f8,cae57605,Piece,1,2,20,16/01/2026,Cash,16/01/2026 11:13:51,
9d86bc1e,38488d58,Piece,1,2,20,16/01/2026,Cash,16/01/2026 20:02:36,
d685a763,38488d32,KG,0.5,1,87,17/01/2026,Cash,17/01/2026 16:31:10,
905bb3de,c33be040,Piece,1,6,50,17/01/2026,Cash,17/01/2026 16:31:31,
76e63cb2,38488d78,KG,1,1,65,17/01/2026,Cash,17/01/2026 16:31:55,
3b0e6234,1870042c,KG,5,1,200,17/01/2026,Cash,17/01/2026 21:35:48,
ea6ef385,38488d32,Liter,1,1,57,18/01/2026,Cash,18/01/2026 13:40:30,
095302b9,38488d48,KG,1,1,77,18/01/2026,Cash,18/01/2026 13:40:51,
2f38a828,38488d68,KG,500,2,150,18/01/2026,Cash,18/01/2026 13:41:11,
6c8f1627,38488d66,KG,3,2,120,18/01/2026,Cash,18/01/2026 13:41:46,
d56a124b,38488d39,KG,300,1,20,18/01/2026,Cash,18/01/2026 13:42:36,
18dac6d3,0a777579,Piece,1,2,20,18/01/2026,Cash,18/01/2026 13:42:56,
4fb31fb4,1d9fc2aa,Piece,1,2,20,18/01/2026,Cash,18/01/2026 13:43:42,
58b053c0,49bab0db,Liter,2,1,50,18/01/2026,Cash,18/01/2026 13:44:08,
e9a52b9d,38488d32,Liter,1,2,114,19/01/2026,Cash,19/01/2026 12:00:25,
9d042548,38488d38,KG,600,1,55,19/01/2026,Cash,19/01/2026 12:00:42,
cb6db042,38488d68,KG,0.5,2,100,19/01/2026,Cash,19/01/2026 17:54:16,
acce66c8,38488d58,Piece,1,2,20,19/01/2026,Cash,19/01/2026 18:19:52,
3a375c8d,38488d32,KG,0.5,1,29,20/01/2026,Cash,20/01/2026 10:03:27,
41c13287,38488d38,KG,0.6,1,55,20/01/2026,Cash,20/01/2026 10:04:06,
309626a4,38488d68,KG,4,1,100,20/01/2026,Cash,20/01/2026 10:04:49,
4f972518,38488d35,KG,1,1,30,20/01/2026,Cash,20/01/2026 10:05:59,
df232370,38488d32,KG,0.5,6,174,20/01/2026,Cash,20/01/2026 17:17:15,
a5ebd445,fcd75bd5,Piece,1,1,10,20/01/2026,Cash,20/01/2026 17:18:27,
a59a8af3,1fdb7a95,Piece,1,2,20,20/01/2026,Cash,20/01/2026 17:20:17,
c899e747,38488d69,KG,0.25,1,110,20/01/2026,Cash,20/01/2026 18:29:36,
5f79b3fa,2f5f74e8,Piece,1,1,60,20/01/2026,Cash,20/01/2026 18:55:20,
2cac7018,38488d55,Piece,1,1,10,20/01/2026,Cash,20/01/2026 18:57:24,
24d1aba1,1870042c,KG,5,1,150,20/01/2026,Cash,20/01/2026 21:23:24,
35286717,38488d33,KG,4,1,130,20/01/2026,Cash,20/01/2026 21:23:43,
c4e9e77f,38488d35,KG,2,1,40,20/01/2026,Cash,20/01/2026 21:24:10,
45232a33,818ce46b,KG,1,1,50,20/01/2026,Cash,20/01/2026 21:24:25,
c1b3f15b,38488d37,KG,2,1,50,20/01/2026,Cash,20/01/2026 21:25:48,
146ca3fe,38488d63,KG,2,1,60,20/01/2026,Cash,20/01/2026 21:26:19,
a11d774f,38488d84,KG,3,1,100,20/01/2026,Cash,20/01/2026 21:26:45,
4c74bcd8,5040fe86,KG,4,1,100,20/01/2026,Cash,20/01/2026 21:30:36,
0b0d96f7,38488d72,KG,1,1,50,20/01/2026,Cash,20/01/2026 21:31:15,
8f5f3e13,38488d82,KG,1,1,100,20/01/2026,Cash,20/01/2026 21:32:04,
15c41a39,38488d36,KG,1,1,90,20/01/2026,Cash,20/01/2026 21:32:26,
5bfe9910,7cfdeddd,KG,1,1,60,20/01/2026,Cash,20/01/2026 21:33:07,
9e39c52b,a31d5abb,KG,0.5,1,90,20/01/2026,Cash,20/01/2026 21:33:42,
58bf121c,38488d68,KG,4,1,100,20/01/2026,Cash,20/01/2026 21:47:17,
69ddfe64,38488d32,KG,500,3,87,21/01/2026,Cash,21/01/2026 17:45:13,
d708ff7a,38488d47,KG,30,1,800,21/01/2026,Cash,21/01/2026 18:54:35,
efbf4e7a,38488d58,Piece,1,2,20,21/01/2026,Cash,21/01/2026 18:55:38,
37f6ce3a,38488d32,KG,0.5,3,87,22/01/2026,Cash,22/01/2026 11:48:39,
46197a19,3f40d071,Piece,12,5,250,22/01/2026,Cash,22/01/2026 21:03:37,
dc0dd056,38488d32,Liter,1,2,114,23/01/2026,Cash,23/01/2026 12:47:20,
e4865a68,81cb458e,KG,1,2,250,23/01/2026,Cash,23/01/2026 12:47:48,
d4756b84,8ef238fe,KG,200,1,55,23/01/2026,Cash,23/01/2026 14:09:40,
92218573,e9fd60e0,Piece,12,3,180,23/01/2026,Cash,23/01/2026 14:11:54,
19ab80b8,6b5d3659,KG,1500,3,390,23/01/2026,Cash,23/01/2026 14:12:59,
f71a8e86,321025f2,Piece,1,3,90,23/01/2026,Cash,23/01/2026 15:58:22,
2c0859b6,38488d32,KG,500,6,174,23/01/2026,Cash,23/01/2026 18:01:24,
1a8a6798,fcd75bd5,Piece,1,1,10,23/01/2026,Cash,23/01/2026 18:02:33,
3ed3482a,38488d51,KG,1500,1,390,23/01/2026,Cash,23/01/2026 18:04:27,
75274a23,1fdb7a95,Piece,1,2,20,23/01/2026,Cash,23/01/2026 18:05:50,
ae9e28dc,38488d55,Piece,1,1,10,23/01/2026,Cash,23/01/2026 18:08:01,
9f32b67d,a92f80eb,KG,50,1,450,23/01/2026,Cash,23/01/2026 19:52:47,
c7cb338a,7836518d,Piece,1,1,70,23/01/2026,Cash,23/01/2026 20:11:11,
e43af552,38488d66,KG,1.25,1,50,24/01/2026,Cash,24/01/2026 09:17:55,
f022eeaf,a1532c24,KG,0.2,2,140,24/01/2026,Cash,24/01/2026 09:19:28,
b5fefa93,38488d32,KG,1500,2,87,25/01/2026,Cash,25/01/2026 11:08:51,
465a3d59,38488d33,KG,3,1,120,25/01/2026,Cash,25/01/2026 11:09:20,
da5eda08,38488d50,KG,500,1,20,25/01/2026,Cash,25/01/2026 11:09:49,
cd092172,38488d39,KG,250,1,15,25/01/2026,Cash,25/01/2026 11:10:41,
7f394b05,0a777579,Piece,1,2,20,25/01/2026,Cash,25/01/2026 11:11:05,
8213dd95,1d9fc2aa,Piece,1,1,20,25/01/2026,Cash,25/01/2026 11:11:31,
a01fdd9f,38488d68,KG,500,3,210,25/01/2026,Cash,25/01/2026 11:12:12,
1a0e20fc,38488d48,KG,1500,2,112,25/01/2026,Cash,25/01/2026 11:19:40,
0e03b4dd,c6b9c540,KG,500,1,70,25/01/2026,Cash,25/01/2026 20:26:53,
b9bcfa2a,38488d35,KG,500,1,20,25/01/2026,Cash,25/01/2026 20:28:16,
ad4aede5,38488d60,KG,500,1,100,25/01/2026,Cash,25/01/2026 20:28:38,
9ecd0384,38488d59,KG,500,1,80,25/01/2026,Cash,25/01/2026 20:29:48,
3d76aa49,38488d40,KG,200,1,20,25/01/2026,Cash,25/01/2026 20:35:15,
8f46fb45,38488d68,KG,500,2,140,25/01/2026,Cash,25/01/2026 20:35:51,
1a72f4df,7cfdeddd,KG,500,1,40,25/01/2026,Cash,25/01/2026 20:37:59,
99994b6f,38488d72,KG,750,1,60,25/01/2026,Cash,25/01/2026 20:39:02,
a1bb53d6,0c53ef5a,KG,250,1,20,25/01/2026,Cash,25/01/2026 20:39:26,
90396f87,38488d54,KG,5,1,175,25/01/2026,Cash,25/01/2026 20:48:46,
081c5b62,a1532c24,KG,1,1,340,25/01/2026,Cash,25/01/2026 20:49:29,
2b5b705c,1d9fc2aa,KG,1,1,50,25/01/2026,Cash,25/01/2026 20:52:07,
ecee9eb9,38488d64,Piece,1,1,50,25/01/2026,Cash,25/01/2026 20:55:50,
f240aff7,12a2ea36,KG,250,1,40,25/01/2026,Cash,25/01/2026 20:56:30,
eff8f139,a981144a,Piece,1,1,30,25/01/2026,Cash,25/01/2026 20:59:35,
b21b0b64,1870042c,KG,5,1,150,25/01/2026,Cash,25/01/2026 21:14:34,
3ba671ed,38488d32,Liter,1,2,114,26/01/2026,Cash,26/01/2026 11:31:27,
a996eac1,1d9fc2aa,Piece,1,2,20,26/01/2026,Cash,26/01/2026 11:31:44,
d048ae2f,1fa08a97,KG,1,1,330,26/01/2026,Cash,26/01/2026 11:32:44,
fa738f90,0a777579,Piece,1,2,20,26/01/2026,Cash,26/01/2026 11:34:17,
70b50a2a,fcde63e0,Piece,1,1,10,26/01/2026,Cash,26/01/2026 11:35:34,
b7c75117,38488d38,Piece,600,1,55,27/01/2026,Cash,27/01/2026 10:16:01,
5d553c4c,38488d32,KG,500,6,174,27/01/2026,Cash,27/01/2026 18:05:23,
f0074f42,1fdb7a95,Piece,1,2,20,27/01/2026,Cash,27/01/2026 18:06:40,
97856dda,38488d69,KG,250,1,110,27/01/2026,Cash,27/01/2026 18:07:16,
3a37b791,fcd75bd5,Piece,1,1,10,27/01/2026,Cash,27/01/2026 18:08:38,
b21996c2,3ed563fc,Piece,1,10,300,27/01/2026,Cash,27/01/2026 21:07:27,
62b4f179,4a95b056,Piece,1,1,100,27/01/2026,Cash,27/01/2026 21:08:02,
a50de4c4,38488d78,KG,1,1,50,27/01/2026,Cash,27/01/2026 21:08:42,
e3a4f698,38488d33,KG,10,1,230,27/01/2026,Cash,27/01/2026 21:09:03,
aaf192c3,1870042c,KG,10,1,200,27/01/2026,Cash,27/01/2026 21:09:37,
dacba1f0,38488d34,KG,1,1,60,27/01/2026,Cash,27/01/2026 21:19:42,
1375cbdf,38488d36,KG,1,1,100,27/01/2026,Cash,27/01/2026 21:20:06,
10f1fc6b,38488d82,KG,1,1,100,27/01/2026,Cash,27/01/2026 21:20:38,
3a2eb970,7cfdeddd,KG,1,1,60,27/01/2026,Cash,27/01/2026 21:20:59,
8a8a97e0,a31d5abb,KG,500,1,90,27/01/2026,Cash,27/01/2026 21:30:08,
ea63b18f,38488d63,KG,2,1,60,27/01/2026,Cash,27/01/2026 21:31:08,
b170c7ca,38488d84,KG,2500,1,100,27/01/2026,Cash,27/01/2026 21:31:44,
c91dbe65,38488d72,KG,1,1,60,27/01/2026,Cash,27/01/2026 21:32:47,
24575494,1cab637b,KG,1,1,80,27/01/2026,Cash,27/01/2026 21:34:11,
a8d15d34,0390b81d,Piece,1,5,125,27/01/2026,Cash,27/01/2026 21:46:03,
7411f261,12a2ea36,KG,250,1,40,28/01/2026,Cash,28/01/2026 20:09:03,
85e608d2,38488d58,Piece,1,2,20,28/01/2026,Cash,28/01/2026 20:09:30,
b31041b3,3f40d071,Piece,12,6,300,28/01/2026,Cash,28/01/2026 20:10:52,
718fd79a,38488d32,KG,1500,2,86,28/01/2026,Cash,28/01/2026 20:13:44,
c92ddeca,c33be040,Piece,1,6,50,29/01/2026,Cash,29/01/2026 20:14:47,
23e7f1cd,38488d35,KG,400,1,10,29/01/2026,Cash,29/01/2026 20:45:25,
ecf6eb0f,38488d37,KG,750,1,20,29/01/2026,Cash,29/01/2026 20:45:58,
9c9eb677,38488d70,Piece,12,5,200,29/01/2026,Cash,29/01/2026 20:46:22,
333fdae7,38488d71,KG,1,1,40,29/01/2026,Cash,29/01/2026 20:49:51,
5bab6c9d,38488d84,KG,300,1,15,29/01/2026,Cash,29/01/2026 20:53:17,
60126390,cae57605,Piece,1,1,10,29/01/2026,Cash,29/01/2026 20:54:08,
32854dd7,38488d32,KG,500,3,87,29/01/2026,Cash,29/01/2026 21:36:39,
b647b2a8,38488d32,KG,500,4,116,30/01/2026,Cash,30/01/2026 19:52:33,
a1ea3ce1,38488d58,Piece,1,3,30,30/01/2026,Cash,30/01/2026 19:52:56,
1191898a,38488d32,KG,500,2,58,30/01/2026,Cash,30/01/2026 20:05:04,